date,code,shares,cost_price,market_price,market_value
2024-07-03,000506,105100,0.9509499999999999,0.99,104049.0
2024-07-03,000592,60700,1.48148,1.45,88015.0
2024-07-03,000639,32300,2.5024999999999995,2.5,80750.0
2024-07-03,000070,16700,4.36436,4.34,72478.0
2024-07-03,000603,5500,11.72171,11.8,64900.00000000001
2024-07-04,000506,105100,0.9509499999999999,1.04,109304.0
2024-07-04,000639,32300,2.5024999999999995,2.42,78166.0
2024-07-04,000603,5500,11.72171,11.45,62974.99999999999
2024-07-04,000592,51400,1.4514499999999997,1.39,71446.0
2024-07-04,000048,5200,12.772759999999996,12.58,65416.0
2024-07-04,000070,13900,4.32432,4.13,57407.0
2024-07-04,000609,30900,1.7617599999999998,1.8,55620.0
2024-07-04,000657,5400,8.93893,8.72,47088.0
2024-07-05,000639,32300,2.5024999999999995,2.48,80104.0
2024-07-05,000603,5500,11.72171,12.32,67760.0
2024-07-05,000048,5200,12.772759999999996,12.9,67080.0
2024-07-05,000070,13900,4.32432,4.21,58519.0
2024-07-05,000609,30900,1.7617599999999998,1.82,56238.0
2024-07-05,000657,5400,8.93893,9.02,48708.0
2024-07-05,000506,59200,1.05105,1.08,63936.00000000001
2024-07-05,000036,18400,3.0430399999999995,3.01,55383.99999999999
2024-07-05,000572,17800,2.8228199999999997,2.81,50018.0
2024-07-05,000663,10500,4.3043,4.42,46410.0
2024-07-08,000603,5500,11.72171,12.11,66605.0
2024-07-08,000048,5200,12.772759999999996,12.94,67288.0
2024-07-08,000070,13900,4.32432,4.32,60048.00000000001
2024-07-08,000609,30900,1.7617599999999998,1.8,55620.0
2024-07-08,000657,5400,8.93893,8.68,46872.0
2024-07-08,000506,59200,1.05105,1.03,60976.0
2024-07-08,000663,10500,4.3043,4.13,43365.0
2024-07-08,000017,9100,6.396389999999999,6.11,55601.0
2024-07-08,000592,37600,1.4013999999999998,1.36,51136.00000000001
2024-07-08,000572,16900,2.8027999999999995,2.7,45630.0
2024-07-09,000603,5500,11.72171,12.45,68475.0
2024-07-09,000048,5200,12.772759999999996,12.98,67496.0
2024-07-09,000070,13900,4.32432,4.37,60743.0
2024-07-09,000609,30900,1.7617599999999998,1.71,52839.0
2024-07-09,000657,5400,8.93893,8.81,47574.0
2024-07-09,000572,16900,2.8027999999999995,2.77,46813.0
2024-07-09,000506,64700,0.9809799999999999,0.98,63406.0
2024-07-09,000659,40400,1.4114099999999998,1.39,56155.99999999999
2024-07-09,000561,8800,5.83583,5.96,52448.0
2024-07-09,000663,11100,4.16416,4.07,45177.0
2024-07-10,000048,5200,12.772759999999996,12.94,67288.0
2024-07-10,000070,13900,4.32432,4.26,59214.0
2024-07-10,000609,30900,1.7617599999999998,1.74,53766.0
2024-07-10,000657,5400,8.93893,8.69,46926.0
2024-07-10,000572,16900,2.8027999999999995,2.84,47996.0
2024-07-10,000659,40400,1.4114099999999998,1.36,54944.00000000001
2024-07-10,000561,8800,5.83583,5.81,51128.0
2024-07-10,000506,62500,0.9409399999999999,0.93,58125.0
2024-07-10,000426,3600,14.504489999999999,13.94,50184.0
2024-07-10,000036,16200,2.93293,2.91,47142.0
2024-07-11,000572,16900,2.8027999999999995,2.96,50024.0
2024-07-11,000659,40400,1.4114099999999998,1.41,56964.0
2024-07-11,000561,8800,5.83583,6.0,52800.0
2024-07-11,000426,3600,14.504489999999999,14.68,52848.0
2024-07-11,000036,16200,2.93293,2.99,48438.0
2024-07-11,000592,53800,1.33133,1.39,74782.0
2024-07-11,000620,42100,1.5315299999999998,1.56,65676.0
2024-07-11,000510,20600,2.81281,3.0,61800.0
2024-07-11,000663,12900,4.03403,4.12,53148.0
2024-07-11,000505,9300,5.03503,5.1,47430.0
2024-07-12,000572,16900,2.8027999999999995,3.03,51207.0
2024-07-12,000659,40400,1.4114099999999998,1.46,58984.0
2024-07-12,000561,8800,5.83583,5.94,52272.0
2024-07-12,000426,3600,14.504489999999999,14.26,51336.0
2024-07-12,000036,16200,2.93293,3.09,50058.0
2024-07-12,000592,53800,1.33133,1.4,75320.0
2024-07-12,000620,42100,1.5315299999999998,1.57,66097.0
2024-07-12,000510,20600,2.81281,2.84,58504.0
2024-07-12,000505,9300,5.03503,5.21,48453.0
2024-07-12,000609,25000,1.9219199999999996,1.86,46500.0
2024-07-15,000659,40400,1.4114099999999998,1.48,59792.0
2024-07-15,000561,8800,5.83583,5.87,51656.0
2024-07-15,000426,3600,14.504489999999999,14.66,52776.0
2024-07-15,000036,16200,2.93293,3.03,49086.0
2024-07-15,000592,53800,1.33133,1.35,72630.0
2024-07-15,000510,20600,2.81281,2.81,57886.0
2024-07-15,000505,9300,5.03503,5.11,47523.0
2024-07-15,000506,62400,0.9609599999999998,0.95,59280.0
2024-07-15,000017,9000,5.945939999999999,5.97,53730.0
2024-07-15,000663,10300,4.684679999999999,4.47,46041.0
2024-07-16,000426,3600,14.504489999999999,15.08,54288.0
2024-07-16,000036,16200,2.93293,3.0,48600.0
2024-07-16,000592,53800,1.33133,1.35,72630.0
2024-07-16,000510,20600,2.81281,2.83,58298.0
2024-07-16,000505,9300,5.03503,5.1,47430.0
2024-07-16,000017,9000,5.945939999999999,5.97,53730.0
2024-07-16,000506,71900,0.9109099999999999,1.0,71900.0
2024-07-16,000609,32000,1.84184,1.81,57920.0
2024-07-16,000070,12400,4.25425,4.28,53072.0
2024-07-16,000639,18900,2.5225199999999997,2.43,45927.0
2024-07-17,000592,53800,1.33133,1.33,71554.0
2024-07-17,000510,20600,2.81281,2.81,57886.0
2024-07-17,000505,9300,5.03503,5.13,47709.0
2024-07-17,000017,9000,5.945939999999999,6.15,55350.0
2024-07-17,000609,32000,1.84184,1.88,60160.0
2024-07-17,000070,12400,4.25425,4.15,51460.00000000001
2024-07-17,000639,18900,2.5225199999999997,2.49,47061.00000000001
2024-07-17,000078,25400,2.3823799999999995,2.41,61214.0
2024-07-17,000663,12400,4.36436,4.36,54064.00000000001
2024-07-17,000659,31400,1.5615599999999998,1.59,49926.0
2024-07-18,000017,9000,5.945939999999999,5.89,53010.0
2024-07-18,000609,32000,1.84184,1.83,58560.0
2024-07-18,000078,25400,2.3823799999999995,2.54,64516.0
2024-07-18,000659,31400,1.5615599999999998,1.62,50868.0
2024-07-18,000592,57400,1.33133,1.34,76916.0
2024-07-18,000572,23400,2.93293,3.27,76518.0
2024-07-18,000426,4200,14.454439999999998,14.41,60522.0
2024-07-18,000506,50700,1.1011,1.1,55770.00000000001
2024-07-18,000663,11600,4.3043,4.3,49880.0
2024-07-19,000609,32000,1.84184,1.84,58880.0
2024-07-19,000659,31400,1.5615599999999998,1.63,51182.0
2024-07-19,000592,57400,1.33133,1.33,76342.0
2024-07-19,000506,50700,1.1011,1.16,58811.99999999999
2024-07-19,000663,11600,4.3043,4.2,48720.0
2024-07-19,000572,21900,3.2032000000000003,3.23,70737.0
2024-07-19,000510,22900,2.7627599999999997,2.8,64119.99999999999
2024-07-19,000426,4100,13.663649999999999,13.67,56047.0
2024-07-19,000639,21200,2.42242,2.44,51728.0
2024-07-19,000411,5100,8.99899,9.05,46155.0
2024-07-22,000609,32000,1.84184,1.86,59520.0
2024-07-22,000659,31400,1.5615599999999998,1.64,51496.0
2024-07-22,000592,57400,1.33133,1.34,76916.0
2024-07-22,000663,11600,4.3043,4.21,48836.0
2024-07-22,000572,21900,3.2032000000000003,3.28,71832.0
2024-07-22,000510,22900,2.7627599999999997,2.79,63891.0
2024-07-22,000426,4100,13.663649999999999,13.64,55924.0
2024-07-22,000639,21200,2.42242,2.41,51092.0
2024-07-22,000411,5100,8.99899,9.07,46257.0
2024-07-22,000506,39100,1.2212199999999998,1.22,47702.0
2024-07-23,000659,31400,1.5615599999999998,1.64,51496.0
2024-07-23,000592,57400,1.33133,1.33,76342.0
2024-07-23,000663,11600,4.3043,4.11,47676.00000000001
2024-07-23,000510,22900,2.7627599999999997,2.77,63433.0
2024-07-23,000639,21200,2.42242,2.35,49820.0
2024-07-23,000411,5100,8.99899,8.96,45696.00000000001
2024-07-23,000506,39100,1.2212199999999998,1.28,50048.0
2024-07-23,000017,10700,5.74574,5.62,60134.0
2024-07-23,000609,29600,1.8818799999999998,1.82,53872.0
2024-07-23,000559,12500,4.024019999999999,3.94,49250.0
2024-07-24,000592,57400,1.33133,1.29,74046.0
2024-07-24,000510,22900,2.7627599999999997,2.72,62288.00000000001
2024-07-24,000411,5100,8.99899,8.9,45390.0
2024-07-24,000506,39100,1.2212199999999998,1.34,52394.0
2024-07-24,000017,10700,5.74574,5.48,58636.00000000001
2024-07-24,000559,12500,4.024019999999999,3.87,48375.0
2024-07-24,000078,26500,2.4624599999999996,2.56,67840.0
2024-07-24,000657,7100,8.18818,8.1,57510.0
2024-07-24,000663,12800,4.12412,4.01,51328.0
2024-07-24,000633,12900,3.6936899999999997,3.59,46311.0
2024-07-25,000510,22900,2.7627599999999997,2.74,62746.00000000001
2024-07-25,000411,5100,8.99899,8.91,45441.0
2024-07-25,000559,12500,4.024019999999999,3.92,49000.0
2024-07-25,000078,26500,2.4624599999999996,2.51,66515.0
2024-07-25,000657,7100,8.18818,8.04,57083.99999999999
2024-07-25,000663,12800,4.12412,4.11,52608.00000000001
2024-07-25,000633,12900,3.6936899999999997,3.62,46698.0
2024-07-25,000506,43400,1.4114099999999998,1.41,61194.0
2024-07-25,000572,16600,3.3233199999999994,3.6,59760.0
2024-07-25,000017,8900,5.525519999999999,5.48,48772.00000000001
2024-07-26,000559,12500,4.024019999999999,4.04,50500.0
2024-07-26,000078,26500,2.4624599999999996,2.55,67575.0
2024-07-26,000657,7100,8.18818,8.15,57865.0
2024-07-26,000663,12800,4.12412,4.12,52736.0
2024-07-26,000633,12900,3.6936899999999997,3.75,48375.0
2024-07-26,000017,8900,5.525519999999999,5.56,49484.0
2024-07-26,000603,6500,10.25024,10.47,68055.0
2024-07-26,000639,26500,2.29229,2.29,60685.0
2024-07-26,000609,30700,1.78178,1.79,54953.0
2024-07-26,000534,5400,9.08908,9.2,49679.99999999999
2024-07-29,000559,12500,4.024019999999999,4.08,51000.0
2024-07-29,000078,26500,2.4624599999999996,2.4,63600.0
2024-07-29,000657,7100,8.18818,8.03,57012.99999999999
2024-07-29,000663,12800,4.12412,4.18,53504.0
2024-07-29,000633,12900,3.6936899999999997,3.76,48504.0
2024-07-29,000017,8900,5.525519999999999,5.65,50285.0
2024-07-29,000603,6500,10.25024,10.52,68380.0
2024-07-29,000639,26500,2.29229,2.3,60949.99999999999
2024-07-29,000609,30700,1.78178,1.74,53418.0
2024-07-29,000534,5400,9.08908,9.15,49410.0
2024-07-30,000078,26500,2.4624599999999996,2.38,63070.0
2024-07-30,000657,7100,8.18818,8.09,57439.0
2024-07-30,000663,12800,4.12412,4.23,54144.00000000001
2024-07-30,000633,12900,3.6936899999999997,3.8,49020.0
2024-07-30,000017,8900,5.525519999999999,5.78,51442.0
2024-07-30,000603,6500,10.25024,10.58,68770.0
2024-07-30,000639,26500,2.29229,2.33,61745.0
2024-07-30,000609,30700,1.78178,1.8,55260.0
2024-07-30,000534,5400,9.08908,9.23,49842.0
2024-07-30,000620,31800,1.55155,1.6,50880.0
2024-07-31,000017,8900,5.525519999999999,5.95,52955.0
2024-07-31,000603,6500,10.25024,11.01,71565.0
2024-07-31,000639,26500,2.29229,2.41,63865.00000000001
2024-07-31,000609,30700,1.78178,1.81,55567.0
2024-07-31,000534,5400,9.08908,9.63,52002.00000000001
2024-07-31,000620,31800,1.55155,1.62,51516.0
2024-07-31,000572,17700,3.7737699999999994,3.68,65136.0
2024-07-31,000078,24600,2.4424399999999995,2.46,60516.0
2024-07-31,000657,6600,8.12812,8.43,55638.0
2024-07-31,000048,3600,13.493479999999998,13.77,49572.0
2024-08-01,000639,26500,2.29229,2.38,63070.0
2024-08-01,000609,30700,1.78178,1.81,55567.0
2024-08-01,000534,5400,9.08908,9.74,52596.0
2024-08-01,000620,31800,1.55155,1.6,50880.0
2024-08-01,000572,17700,3.7737699999999994,4.05,71685.0
2024-08-01,000078,24600,2.4424399999999995,2.46,60516.0
2024-08-01,000657,6600,8.12812,8.31,54846.0
2024-08-01,000048,3600,13.493479999999998,13.53,48708.0
2024-08-01,000603,5000,11.25124,11.46,57300.00000000001
2024-08-01,000426,3900,12.952939999999998,12.62,49218.0
2024-08-02,000620,31800,1.55155,1.57,49926.0
2024-08-02,000572,17700,3.7737699999999994,3.87,68499.0
2024-08-02,000078,24600,2.4424399999999995,2.45,60270.00000000001
2024-08-02,000657,6600,8.12812,8.19,54054.0
2024-08-02,000048,3600,13.493479999999998,13.69,49284.0
2024-08-02,000603,5000,11.25124,11.32,56600.0
2024-08-02,000426,5400,12.442429999999998,12.52,67608.0
2024-08-02,000659,32500,1.8818799999999998,1.89,61425.0
2024-08-02,000534,5700,9.64964,9.8,55860.00000000001
2024-08-02,000532,4000,12.262249999999998,12.05,48200.0
2024-08-05,000078,24600,2.4424399999999995,2.35,57810.0
2024-08-05,000657,6600,8.12812,8.0,52800.0
2024-08-05,000048,3600,13.493479999999998,13.61,48996.0
2024-08-05,000603,5000,11.25124,10.74,53700.0
2024-08-05,000426,5400,12.442429999999998,12.14,65556.0
2024-08-05,000659,32500,1.8818799999999998,1.85,60125.0
2024-08-05,000534,5700,9.64964,9.64,54948.0
2024-08-05,000532,4000,12.262249999999998,11.71,46840.0
2024-08-05,000547,8000,7.007,6.91,55280.0
2024-08-05,000633,13000,3.9038999999999993,3.82,49660.0
2024-08-06,000078,24600,2.4424399999999995,2.42,59532.0
2024-08-06,000657,6600,8.12812,8.09,53394.0
2024-08-06,000048,3600,13.493479999999998,14.11,50796.0
2024-08-06,000659,32500,1.8818799999999998,1.88,61100.0
2024-08-06,000534,5700,9.64964,9.92,56544.0
2024-08-06,000633,13000,3.9038999999999993,3.89,50570.0
2024-08-06,000547,9700,6.916910000000001,7.16,69452.0
2024-08-06,000523,23200,2.6126099999999997,2.65,61480.0
2024-08-06,000559,13100,4.15415,4.15,54365.00000000001
2024-08-06,000551,6300,7.78778,7.8,49140.0
2024-08-07,000659,32500,1.8818799999999998,1.88,61100.0
2024-08-07,000534,5700,9.64964,9.98,56886.0
2024-08-07,000633,13000,3.9038999999999993,3.89,50570.0
2024-08-07,000523,23200,2.6126099999999997,2.62,60784.0
2024-08-07,000559,13100,4.15415,4.15,54365.00000000001
2024-08-07,000551,6300,7.78778,7.8,49140.0
2024-08-07,000506,50600,1.34134,1.43,72358.0
2024-08-07,000078,25200,2.42242,2.4,60480.0
2024-08-07,000620,34100,1.61161,1.58,53878.0
2024-08-07,000532,4200,11.801789999999999,11.67,49014.0
2024-08-08,000659,32500,1.8818799999999998,1.87,60775.0
2024-08-08,000534,5700,9.64964,9.82,55974.0
2024-08-08,000633,13000,3.9038999999999993,3.89,50570.0
2024-08-08,000523,23200,2.6126099999999997,2.66,61712.0
2024-08-08,000559,13100,4.15415,4.15,54365.00000000001
2024-08-08,000551,6300,7.78778,7.82,49266.0
2024-08-08,000506,50600,1.34134,1.4,70840.0
2024-08-08,000078,25200,2.42242,2.44,61488.0
2024-08-08,000620,34100,1.61161,1.61,54901.0
2024-08-08,000532,4200,11.801789999999999,11.58,48636.0
2024-08-09,000633,13000,3.9038999999999993,3.85,50050.0
2024-08-09,000523,23200,2.6126099999999997,2.67,61944.0
2024-08-09,000559,13100,4.15415,4.16,54496.0
2024-08-09,000551,6300,7.78778,7.79,49077.0
2024-08-09,000506,50600,1.34134,1.38,69828.0
2024-08-09,000078,25200,2.42242,2.39,60228.0
2024-08-09,000620,34100,1.61161,1.63,55583.0
2024-08-09,000532,4200,11.801789999999999,11.66,48972.0
2024-08-09,000426,4800,11.691679999999998,11.61,55728.0
2024-08-09,000659,27300,1.85185,1.83,49959.0
2024-08-12,000523,23200,2.6126099999999997,2.63,61016.0
2024-08-12,000559,13100,4.15415,4.12,53972.0
2024-08-12,000551,6300,7.78778,7.89,49707.0
2024-08-12,000506,50600,1.34134,1.32,66792.0
2024-08-12,000078,25200,2.42242,2.41,60732.0
2024-08-12,000532,4200,11.801789999999999,11.64,48888.0
2024-08-12,000426,4800,11.691679999999998,11.68,56064.0
2024-08-12,000603,5900,10.180169999999999,10.32,60888.0
2024-08-12,000659,29900,1.8218199999999998,1.73,51727.0
2024-08-12,000536,22300,2.1921899999999996,2.22,49506.00000000001
2024-08-13,000506,50600,1.34134,1.39,70334.0
2024-08-13,000078,25200,2.42242,2.4,60480.0
2024-08-13,000532,4200,11.801789999999999,11.84,49728.0
2024-08-13,000426,4800,11.691679999999998,11.57,55536.0
2024-08-13,000603,5900,10.180169999999999,10.32,60888.0
2024-08-13,000536,34600,2.03203,2.12,73352.0
2024-08-13,000659,36500,1.7317299999999998,1.76,64240.0
2024-08-13,000620,37400,1.5215199999999998,1.5,56100.0
2024-08-13,000017,8800,5.825819999999999,5.65,49720.0
2024-08-13,000639,18800,2.4424399999999995,2.42,45496.0
2024-08-14,000426,4800,11.691679999999998,11.38,54624.00000000001
2024-08-14,000603,5900,10.180169999999999,10.21,60239.00000000001
2024-08-14,000659,36500,1.7317299999999998,1.82,66430.0
2024-08-14,000620,37400,1.5215199999999998,1.48,55352.0
2024-08-14,000639,18800,2.4424399999999995,2.37,44556.0
2024-08-14,000017,12800,5.585579999999998,5.51,70528.0
2024-08-14,000561,10200,6.316309999999999,6.32,64464.0
2024-08-14,000536,27200,2.14214,2.33,63376.0
2024-08-14,000048,3900,13.423409999999999,13.4,52260.0
2024-08-14,000657,5900,8.018009999999999,7.9,46610.0
2024-08-15,000426,4800,11.691679999999998,11.65,55920.0
2024-08-15,000603,5900,10.180169999999999,10.44,61596.0
2024-08-15,000659,36500,1.7317299999999998,1.89,68985.0
2024-08-15,000620,37400,1.5215199999999998,1.5,56100.0
2024-08-15,000639,18800,2.4424399999999995,2.39,44932.0
2024-08-15,000017,12800,5.585579999999998,5.53,70784.0
2024-08-15,000561,10200,6.316309999999999,6.33,64566.0
2024-08-15,000048,3900,13.423409999999999,13.32,51948.0
2024-08-15,000657,5900,8.018009999999999,7.99,47141.0
2024-08-15,000536,20100,2.43243,2.29,46029.0
2024-08-16,000603,5900,10.180169999999999,10.25,60475.0
2024-08-16,000620,37400,1.5215199999999998,1.48,55352.0
2024-08-16,000639,18800,2.4424399999999995,2.35,44180.0
2024-08-16,000017,12800,5.585579999999998,5.41,69248.0
2024-08-16,000561,10200,6.316309999999999,6.26,63852.0
2024-08-16,000048,3900,13.423409999999999,13.24,51636.0
2024-08-16,000657,5900,8.018009999999999,7.88,46492.0
2024-08-16,000547,8400,7.287279999999999,6.83,57372.0
2024-08-16,000572,16800,3.2832799999999995,3.21,53928.0
2024-08-16,000506,38200,1.3013,1.29,49278.0
2024-08-19,000017,12800,5.585579999999998,5.49,70272.0
2024-08-19,000561,10200,6.316309999999999,6.24,63648.0
2024-08-19,000048,3900,13.423409999999999,13.14,51246.0
2024-08-19,000657,5900,8.018009999999999,7.95,46905.0
2024-08-19,000572,16800,3.2832799999999995,3.21,53928.0
2024-08-19,000506,38200,1.3013,1.32,50424.0
2024-08-19,000536,27000,2.47247,2.41,65070.00000000001
2024-08-19,000547,8900,6.726719999999999,6.78,60342.0
2024-08-19,000659,28500,1.9018999999999997,1.89,53865.0
2024-08-19,000620,33600,1.4514499999999997,1.45,48720.0
2024-08-20,000561,10200,6.316309999999999,6.13,62526.0
2024-08-20,000048,3900,13.423409999999999,12.77,49803.0
2024-08-20,000657,5900,8.018009999999999,7.74,45666.0
2024-08-20,000572,16800,3.2832799999999995,3.33,55944.0
2024-08-20,000506,38200,1.3013,1.26,48132.0
2024-08-20,000547,8900,6.726719999999999,6.57,58473.0
2024-08-20,000659,28500,1.9018999999999997,1.9,54150.0
2024-08-20,000017,11200,5.495489999999999,5.3,59360.0
2024-08-20,000620,38800,1.4314299999999998,1.4,54320.0
2024-08-20,000532,3700,13.243229999999999,13.1,48470.0
2024-08-21,000572,16800,3.2832799999999995,3.14,52752.0
2024-08-21,000547,8900,6.726719999999999,6.46,57494.0
2024-08-21,000659,28500,1.9018999999999997,1.86,53010.0
2024-08-21,000017,11200,5.495489999999999,5.53,61936.0
2024-08-21,000620,38800,1.4314299999999998,1.41,54708.0
2024-08-21,000532,3700,13.243229999999999,13.24,48988.0
2024-08-21,000506,51500,1.27127,1.21,62315.0
2024-08-21,000603,5500,10.620609999999997,10.62,58409.99999999999
2024-08-21,000566,17000,3.1131099999999994,3.09,52530.0
2024-08-21,000078,21000,2.27227,2.24,47040.00000000001
2024-08-22,000547,8900,6.726719999999999,6.47,57583.0
2024-08-22,000659,28500,1.9018999999999997,1.88,53580.0
2024-08-22,000017,11200,5.495489999999999,5.28,59136.0
2024-08-22,000620,38800,1.4314299999999998,1.38,53543.99999999999
2024-08-22,000532,3700,13.243229999999999,13.32,49284.0
2024-08-22,000603,5500,10.620609999999997,10.18,55990.0
2024-08-22,000566,17000,3.1131099999999994,3.04,51680.0
2024-08-22,000078,21000,2.27227,2.22,46620.00000000001
2024-08-22,000048,4400,12.282269999999999,12.12,53328.0
2024-08-22,000572,15600,3.14314,3.06,47736.0
2024-08-23,000659,28500,1.9018999999999997,1.85,52725.0
2024-08-23,000532,3700,13.243229999999999,12.8,47360.0
2024-08-23,000566,17000,3.1131099999999994,2.99,50830.0
2024-08-23,000078,21000,2.27227,2.18,45780.0
2024-08-23,000048,4400,12.282269999999999,12.28,54032.0
2024-08-23,000572,15600,3.14314,3.11,48516.0
2024-08-23,000411,7600,8.74874,8.67,65892.0
2024-08-23,000620,43300,1.3813799999999998,1.34,58022.0
2024-08-23,000017,10200,5.275269999999999,5.3,54060.0
2024-08-23,000505,10000,4.82482,4.75,47500.0
2024-08-26,000566,17000,3.1131099999999994,3.04,51680.0
2024-08-26,000078,21000,2.27227,2.21,46410.0
2024-08-26,000048,4400,12.282269999999999,12.35,54340.0
2024-08-26,000572,15600,3.14314,3.1,48360.0
2024-08-26,000411,7600,8.74874,8.64,65664.0
2024-08-26,000620,43300,1.3813799999999998,1.36,58888.00000000001
2024-08-26,000017,10200,5.275269999999999,5.45,55590.0
2024-08-26,000505,10000,4.82482,4.9,49000.0
2024-08-26,000546,12100,4.414409999999999,4.54,54934.0
2024-08-26,000659,26000,1.85185,1.91,49660.0
2024-08-27,000566,17000,3.1131099999999994,3.02,51340.0
2024-08-27,000078,21000,2.27227,2.18,45780.0
2024-08-27,000048,4400,12.282269999999999,12.42,54648.0
2024-08-27,000572,15600,3.14314,3.03,47268.0
2024-08-27,000411,7600,8.74874,8.69,66044.0
2024-08-27,000017,10200,5.275269999999999,5.24,53448.0
2024-08-27,000505,10000,4.82482,4.9,49000.0
2024-08-27,000546,12100,4.414409999999999,4.33,52393.0
2024-08-27,000659,26000,1.85185,1.9,49400.0
2024-08-27,000561,7300,6.676669999999999,6.35,46355.0
2024-08-28,000048,4400,12.282269999999999,12.64,55616.0
2024-08-28,000572,15600,3.14314,3.0,46800.0
2024-08-28,000411,7600,8.74874,8.73,66348.0
2024-08-28,000017,10200,5.275269999999999,5.41,55182.0
2024-08-28,000505,10000,4.82482,4.97,49700.0
2024-08-28,000546,12100,4.414409999999999,4.29,51909.0
2024-08-28,000659,26000,1.85185,1.94,50440.0
2024-08-28,000561,9300,6.246239999999999,6.08,56544.0
2024-08-28,000532,4500,11.451439999999998,10.59,47655.0
2024-08-28,000620,36200,1.31131,1.33,48146.0
2024-08-29,000411,7600,8.74874,8.81,66956.0
2024-08-29,000017,10200,5.275269999999999,5.46,55692.0
2024-08-29,000505,10000,4.82482,4.93,49300.0
2024-08-29,000546,12100,4.414409999999999,4.4,53240.00000000001
2024-08-29,000659,26000,1.85185,1.89,49140.0
2024-08-29,000620,36200,1.31131,1.37,49594.00000000001
2024-08-29,000633,14800,4.264259999999999,4.42,65416.0
2024-08-29,000506,44100,1.2912899999999998,1.29,56889.0
2024-08-29,000426,4500,11.231219999999999,11.33,50985.0
2024-08-29,000523,18100,2.54254,2.56,46336.0
2024-08-30,000546,12100,4.414409999999999,4.45,53845.0
2024-08-30,000659,26000,1.85185,1.92,49920.0
2024-08-30,000620,36200,1.31131,1.41,51042.0
2024-08-30,000506,44100,1.2912899999999998,1.35,59535.00000000001
2024-08-30,000426,4500,11.231219999999999,11.48,51660.0
2024-08-30,000523,18100,2.54254,2.59,46879.0
2024-08-30,000609,33100,1.98198,2.0,66200.0
2024-08-30,000561,9600,6.156149999999999,6.26,60096.0
2024-08-30,000017,9800,5.41541,5.63,55174.0
2024-08-30,000572,15800,3.0130099999999995,3.09,48822.0
2024-09-02,000620,36200,1.31131,1.39,50318.0
2024-09-02,000506,44100,1.2912899999999998,1.42,62622.0
2024-09-02,000426,4500,11.231219999999999,11.07,49815.0
2024-09-02,000523,18100,2.54254,2.53,45793.0
2024-09-02,000609,33100,1.98198,1.93,63883.0
2024-09-02,000561,9600,6.156149999999999,6.1,58560.0
2024-09-02,000017,9800,5.41541,5.37,52626.0
2024-09-02,000572,15800,3.0130099999999995,3.04,48032.0
2024-09-02,000659,27800,1.9219199999999996,1.96,54488.0
2024-09-02,000048,3800,12.57256,12.29,46702.0
2024-09-03,000620,36200,1.31131,1.39,50318.0
2024-09-03,000426,4500,11.231219999999999,11.02,49590.0
2024-09-03,000523,18100,2.54254,2.53,45793.0
2024-09-03,000609,33100,1.98198,2.03,67193.0
2024-09-03,000561,9600,6.156149999999999,6.2,59520.0
2024-09-03,000017,9800,5.41541,5.55,54390.0
2024-09-03,000572,15800,3.0130099999999995,3.06,48348.0
2024-09-03,000659,27800,1.9219199999999996,2.08,57824.0
2024-09-03,000048,3800,12.57256,12.24,46512.0
2024-09-03,000506,33200,1.4914899999999998,1.49,49468.0
2024-09-04,000523,18100,2.54254,2.49,45069.00000000001
2024-09-04,000609,33100,1.98198,1.93,63883.0
2024-09-04,000561,9600,6.156149999999999,6.15,59040.0
2024-09-04,000572,15800,3.0130099999999995,3.05,48190.0
2024-09-04,000659,27800,1.9219199999999996,2.05,56989.99999999999
2024-09-04,000048,3800,12.57256,12.09,45942.0
2024-09-04,000506,33200,1.4914899999999998,1.56,51792.0
2024-09-04,000536,27100,2.22222,2.16,58536.00000000001
2024-09-04,000633,12700,4.264259999999999,4.47,56769.0
2024-09-04,000620,35300,1.3813799999999998,1.36,48008.0
2024-09-05,000609,33100,1.98198,2.03,67193.0
2024-09-05,000561,9600,6.156149999999999,6.28,60288.0
2024-09-05,000572,15800,3.0130099999999995,3.11,49138.0
2024-09-05,000659,27800,1.9219199999999996,2.03,56433.99999999999
2024-09-05,000048,3800,12.57256,12.28,46664.0
2024-09-05,000506,33200,1.4914899999999998,1.48,49136.0
2024-09-05,000620,35300,1.3813799999999998,1.38,48713.99999999999
2024-09-05,000505,10100,5.9059,5.58,56358.0
2024-09-05,000532,5100,10.53052,10.64,54264.0
2024-09-05,000633,11000,4.4044,4.65,51150.00000000001
2024-09-06,000659,27800,1.9219199999999996,2.01,55877.99999999999
2024-09-06,000048,3800,12.57256,12.1,45980.0
2024-09-06,000506,33200,1.4914899999999998,1.55,51460.0
2024-09-06,000620,35300,1.3813799999999998,1.34,47302.0
2024-09-06,000532,5100,10.53052,10.55,53805.0
2024-09-06,000633,11000,4.4044,4.67,51370.0
2024-09-06,000546,14600,4.604599999999998,4.43,64677.99999999999
2024-09-06,000536,28400,2.1321299999999996,2.25,63900.0
2024-09-06,000609,26200,2.08208,2.0,52400.0
2024-09-06,000561,7700,6.306299999999999,6.09,46893.0
2024-09-09,000506,33200,1.4914899999999998,1.47,48804.0
2024-09-09,000620,35300,1.3813799999999998,1.37,48361.00000000001
2024-09-09,000532,5100,10.53052,10.64,54264.0
2024-09-09,000546,18800,4.384379999999999,4.42,83096.0
2024-09-09,000017,13400,5.53553,5.62,75308.0
2024-09-09,000426,6500,10.190179999999998,9.9,64350.0
2024-09-09,000534,6800,8.78878,8.76,59568.0
2024-09-09,000505,9900,5.435429999999999,5.5,54450.0
2024-09-10,000620,35300,1.3813799999999998,1.37,48361.00000000001
2024-09-10,000532,5100,10.53052,10.64,54264.0
2024-09-10,000546,18800,4.384379999999999,4.32,81216.0
2024-09-10,000017,13400,5.53553,5.56,74504.0
2024-09-10,000534,6800,8.78878,8.85,60180.0
2024-09-10,000505,9900,5.435429999999999,5.32,52668.0
2024-09-10,000426,6000,9.949939999999998,9.68,58080.0
2024-09-10,000633,12100,4.42442,4.56,55175.99999999999
2024-09-10,000603,5000,9.59959,9.74,48700.0
2024-09-10,000048,3500,12.172159999999998,11.95,41825.0
2024-09-11,000532,5100,10.53052,10.56,53856.0
2024-09-11,000546,18800,4.384379999999999,4.75,89300.0
2024-09-11,000017,13400,5.53553,5.44,72896.0
2024-09-11,000534,6800,8.78878,8.74,59432.0
2024-09-11,000505,9900,5.435429999999999,5.24,51876.0
2024-09-11,000633,12100,4.42442,4.6,55659.99999999999
2024-09-11,000603,5000,9.59959,9.81,49050.0
2024-09-11,000048,3500,12.172159999999998,11.98,41930.0
2024-09-11,000426,5100,9.679669999999998,9.71,49521.00000000001
2024-09-11,000659,20800,2.15215,2.19,45552.0
2024-09-12,000017,13400,5.53553,5.31,71154.0
2024-09-12,000534,6800,8.78878,8.7,59159.99999999999
2024-09-12,000505,9900,5.435429999999999,5.41,53559.0
2024-09-12,000633,12100,4.42442,4.43,53603.0
2024-09-12,000603,5000,9.59959,9.84,49200.0
2024-09-12,000048,3500,12.172159999999998,11.94,41790.0
2024-09-12,000426,5100,9.679669999999998,9.91,50541.0
2024-09-12,000659,20800,2.15215,2.2,45760.00000000001
2024-09-12,000546,11200,4.854849999999999,5.02,56223.99999999999
2024-09-12,000609,25500,1.9319299999999995,1.93,49215.0
2024-09-13,000017,13400,5.53553,5.28,70752.0
2024-09-13,000534,6800,8.78878,8.64,58752.00000000001
2024-09-13,000505,9900,5.435429999999999,5.49,54351.0
2024-09-13,000633,12100,4.42442,4.25,51425.0
2024-09-13,000603,5000,9.59959,9.86,49300.0
2024-09-13,000048,3500,12.172159999999998,11.9,41650.0
2024-09-13,000426,5100,9.679669999999998,9.92,50592.0
2024-09-13,000659,20800,2.15215,2.22,46176.00000000001
2024-09-13,000546,11200,4.854849999999999,4.96,55552.0
2024-09-13,000609,25500,1.9319299999999995,1.96,49980.0
2024-09-18,000603,5000,9.59959,9.86,49300.0
2024-09-18,000048,3500,12.172159999999998,11.95,41825.0
2024-09-18,000426,5100,9.679669999999998,9.78,49878.0
2024-09-18,000659,20800,2.15215,2.09,43472.0
2024-09-18,000546,11200,4.854849999999999,5.16,57792.0
2024-09-18,000609,25500,1.9319299999999995,1.86,47430.0
2024-09-18,000566,12000,5.605599999999998,4.89,58679.99999999999
2024-09-18,000506,46800,1.3013,1.25,58500.0
2024-09-18,000523,22600,2.42242,2.39,54014.0
2024-09-18,000561,7700,6.346339999999999,6.23,47971.0
2024-09-19,000426,5100,9.679669999999998,10.14,51714.0
2024-09-19,000659,20800,2.15215,2.22,46176.00000000001
2024-09-19,000546,11200,4.854849999999999,5.13,57456.0
2024-09-19,000566,12000,5.605599999999998,4.4,52800.00000000001
2024-09-19,000523,22600,2.42242,2.47,55822.00000000001
2024-09-19,000561,7700,6.346339999999999,6.39,49203.0
2024-09-19,000609,34000,1.8818799999999998,1.87,63580.0
2024-09-19,000505,10600,5.425419999999999,5.95,63070.0
2024-09-19,000506,41400,1.2512499999999998,1.31,54234.0
2024-09-19,000078,21900,2.12212,2.16,47304.0
2024-09-20,000546,11200,4.854849999999999,5.09,57008.0
2024-09-20,000523,22600,2.42242,2.46,55596.0
2024-09-20,000609,34000,1.8818799999999998,1.88,63920.0
2024-09-20,000078,21900,2.12212,2.14,46866.0
2024-09-20,000659,33900,2.22222,2.3,77970.0
2024-09-20,000505,11200,6.066059999999999,6.01,67312.0
2024-09-20,000663,13700,4.45445,4.49,61513.0
2024-09-20,000048,4500,12.082069999999998,12.15,54675.0
2024-09-20,000593,10800,4.564559999999999,4.52,48815.99999999999
2024-09-23,000523,22600,2.42242,2.46,55596.0
2024-09-23,000609,34000,1.8818799999999998,1.85,62900.0
2024-09-23,000078,21900,2.12212,2.15,47085.0
2024-09-23,000659,33900,2.22222,2.4,81360.0
2024-09-23,000505,11200,6.066059999999999,5.83,65296.0
2024-09-23,000663,13700,4.45445,4.61,63157.00000000001
2024-09-23,000048,4500,12.082069999999998,12.13,54585.0
2024-09-23,000593,10800,4.564559999999999,4.56,49247.99999999999
2024-09-23,000546,10000,4.99499,4.98,49800.00000000001
2024-09-23,000506,34200,1.3213199999999998,1.33,45486.0
2024-09-24,000523,22600,2.42242,2.58,58308.0
2024-09-24,000609,34000,1.8818799999999998,1.88,63920.0
2024-09-24,000078,21900,2.12212,2.22,48618.00000000001
2024-09-24,000663,13700,4.45445,4.7,64390.0
2024-09-24,000048,4500,12.082069999999998,12.58,56610.0
2024-09-24,000593,10800,4.564559999999999,4.71,50868.0
2024-09-24,000546,10000,4.99499,5.26,52600.0
2024-09-24,000506,34200,1.3213199999999998,1.32,45144.0
2024-09-24,000505,9400,5.86586,5.86,55084.0
2024-09-24,000633,11800,4.2042,4.4,51920.00000000001
2024-09-25,000609,34000,1.8818799999999998,1.97,66980.0
2024-09-25,000078,21900,2.12212,2.26,49493.99999999999
2024-09-25,000663,13700,4.45445,4.72,64664.0
2024-09-25,000048,4500,12.082069999999998,12.68,57060.0
2024-09-25,000593,10800,4.564559999999999,4.77,51515.99999999999
2024-09-25,000546,10000,4.99499,5.2,52000.0
2024-09-25,000506,34200,1.3213199999999998,1.39,47538.0
2024-09-25,000505,9400,5.86586,5.89,55366.0
2024-09-25,000633,11800,4.2042,4.44,52392.00000000001
2024-09-25,000426,4500,11.24123,11.17,50265.0
2024-09-26,000593,10800,4.564559999999999,4.82,52056.0
2024-09-26,000546,10000,4.99499,5.29,52900.0
2024-09-26,000506,34200,1.3213199999999998,1.4,47880.0
2024-09-26,000505,9400,5.86586,6.04,56776.0
2024-09-26,000633,11800,4.2042,4.54,53572.0
2024-09-26,000426,4500,11.24123,11.68,52560.0
2024-09-26,000048,5500,12.612599999999999,13.43,73865.0
2024-09-26,000663,13400,4.7047,5.03,67402.0
2024-09-26,000407,20800,2.7327299999999997,2.82,58656.0
2024-09-26,000561,7100,7.1471399999999985,7.21,51191.0
2024-09-27,000506,34200,1.3213199999999998,1.39,47538.0
2024-09-27,000505,9400,5.86586,6.18,58092.0
2024-09-27,000426,4500,11.24123,12.12,54540.0
2024-09-27,000407,20800,2.7327299999999997,2.9,60320.0
2024-09-27,000561,7100,7.1471399999999985,7.39,52469.0
2024-09-27,000547,11300,6.76676,7.11,80343.0
2024-09-27,000078,29500,2.35235,2.41,71095.0
2024-09-27,000572,18500,3.3633599999999997,3.44,63640.0
2024-09-27,000070,13000,4.314309999999999,4.43,57589.99999999999
2024-09-27,000633,11000,4.604599999999999,4.72,51920.0
2024-09-30,000070,13000,4.314309999999999,4.65,60450.00000000001
2024-09-30,000506,71300,1.4013999999999998,1.45,103385.0
2024-09-30,000505,14600,6.28628,6.62,96652.0
2024-09-30,000559,16800,4.924919999999999,5.22,87696.0
2024-09-30,000036,20600,3.62362,3.82,78692.0
2024-09-30,000530,16100,4.172920751999999,4.367264,70312.95039999999
2024-10-08,000506,71300,1.4013999999999998,1.4013999999999998,99919.81999999998
2024-10-08,000036,23800,4.19419,4.02,95675.99999999999
2024-10-08,000070,18700,4.884879999999999,4.74,88638.0
2024-10-08,000572,20300,4.03403,3.77,76531.0
2024-10-09,000506,71300,1.4013999999999998,1.4013999999999998,99919.81999999998
2024-10-09,000532,6800,14.634619999999998,13.86,94248.0
2024-10-09,000633,16900,5.29529,4.83,81627.0
2024-10-09,000070,17300,4.66466,4.5,77850.0
2024-10-09,000609,36200,2.0120099999999996,1.95,70590.0
2024-10-10,000506,71300,1.4013999999999998,1.4013999999999998,99919.81999999998
2024-10-10,000603,7900,12.302289999999998,12.23,96617.0
2024-10-10,000547,11400,7.707699999999998,7.74,88236.0
2024-10-10,000036,21500,3.7037,3.99,85785.0
2024-10-10,000639,25300,2.8228199999999997,2.83,71599.0
2024-10-10,000657,6900,9.23923,9.26,63894.0
2024-10-11,000506,71300,1.4013999999999998,1.4013999999999998,99919.81999999998
2024-10-11,000603,7900,12.302289999999998,12.57,99303.0
2024-10-11,000639,25300,2.8228199999999997,2.74,69322.0
2024-10-11,000551,7500,10.73072,10.23,76725.0
2024-10-11,000530,16800,4.3517602127999995,4.1389752,69534.78336
2024-10-11,000592,36700,1.7917899999999995,1.72,63124.0
2024-10-11,000632,18100,3.2632599999999994,3.14,56834.0
2024-10-11,000571,14900,3.583579999999999,3.54,52746.0
2024-10-14,000506,71300,1.4013999999999998,1.4013999999999998,99919.81999999998
2024-10-14,000603,7900,12.302289999999998,13.01,102779.0
2024-10-14,000639,25300,2.8228199999999997,2.76,69828.0
2024-10-14,000592,36700,1.7917899999999995,1.84,67528.0
2024-10-14,000632,18100,3.2632599999999994,3.23,58463.0
2024-10-14,000571,14900,3.583579999999999,3.89,57961.0
2024-10-14,000417,13000,4.79479,4.84,62920.0
2024-10-14,000547,7500,7.437429999999999,7.59,56925.0
2024-10-14,000532,3700,13.553539999999998,13.63,50431.0
2024-10-14,000533,12900,3.5335299999999994,3.66,47214.0
2024-10-15,000603,7900,12.302289999999998,12.78,100962.0
2024-10-15,000592,36700,1.7917899999999995,1.85,67895.0
2024-10-15,000632,18100,3.2632599999999994,3.23,58463.0
2024-10-15,000417,13000,4.79479,4.77,62009.99999999999
2024-10-15,000547,7500,7.437429999999999,7.53,56475.0
2024-10-15,000532,3700,13.553539999999998,13.2,48840.0
2024-10-15,000533,12900,3.5335299999999994,3.56,45924.0
2024-10-15,000571,15900,4.054049999999999,3.65,58035.0
2024-10-15,000530,13800,4.2126628543999995,4.0992728,56569.96463999999
2024-10-15,000546,9600,5.45545,5.41,51936.0
2024-10-16,000603,7900,12.302289999999998,13.16,103964.0
2024-10-16,000592,36700,1.7917899999999995,1.83,67161.0
2024-10-16,000632,18100,3.2632599999999994,3.27,59187.0
2024-10-16,000417,13000,4.79479,4.75,61750.0
2024-10-16,000547,7500,7.437429999999999,7.41,55575.0
2024-10-16,000533,12900,3.5335299999999994,3.6,46440.0
2024-10-16,000530,13800,4.2126628543999995,4.119124,56843.9112
2024-10-16,000546,9600,5.45545,5.36,51456.0
2024-10-16,000561,7700,7.507499999999999,7.61,58597.0
2024-10-16,000506,32600,1.6016,1.6,52160.0
2024-10-17,000592,36700,1.7917899999999995,1.78,65326.0
2024-10-17,000417,13000,4.79479,4.66,60580.0
2024-10-17,000547,7500,7.437429999999999,7.45,55875.0
2024-10-17,000533,12900,3.5335299999999994,3.53,45537.0
2024-10-17,000530,13800,4.2126628543999995,4.0496448,55885.09824000001
2024-10-17,000561,7700,7.507499999999999,7.63,58751.0
2024-10-17,000506,32600,1.6016,1.68,54768.0
2024-10-17,000632,20900,3.28328,3.33,69597.0
2024-10-17,000620,37100,1.6716699999999998,1.59,58989.0
2024-10-17,000566,13800,4.04404,3.98,54924.0
2024-10-18,000417,13000,4.79479,4.75,61750.0
2024-10-18,000547,7500,7.437429999999999,7.6,57000.0
2024-10-18,000533,12900,3.5335299999999994,3.66,47214.0
2024-10-18,000530,13800,4.2126628543999995,4.1290496,56980.88448
2024-10-18,000561,7700,7.507499999999999,7.76,59752.0
2024-10-18,000506,32600,1.6016,1.76,57376.0
2024-10-18,000632,20900,3.28328,3.3,68970.0
2024-10-18,000566,13800,4.04404,4.03,55614.0
2024-10-18,000603,4800,13.043029999999998,13.36,64128.0
2024-10-18,000593,10600,5.29529,5.38,57028.0
2024-10-21,000530,13800,4.2126628543999995,4.1389752,57117.85776
2024-10-21,000561,7700,7.507499999999999,8.07,62139.0
2024-10-21,000632,20900,3.28328,3.25,67925.0
2024-10-21,000566,13800,4.04404,4.18,57683.99999999999
2024-10-21,000603,4800,13.043029999999998,13.043029999999998,62606.543999999994
2024-10-21,000593,10600,5.29529,5.35,56709.99999999999
2024-10-21,000506,39400,1.85185,1.85,72890.0
2024-10-21,000663,11700,5.59559,5.49,64233.0
2024-10-21,000639,21600,2.74274,2.71,58536.0
2024-10-21,000036,13600,3.9239199999999994,4.09,55624.0
2024-10-22,000561,7700,7.507499999999999,7.92,60984.0
2024-10-22,000632,20900,3.28328,3.34,69806.0
2024-10-22,000566,13800,4.04404,4.11,56718.00000000001
2024-10-22,000603,4800,13.043029999999998,13.043029999999998,62606.543999999994
2024-10-22,000593,10600,5.29529,5.39,57134.0
2024-10-22,000506,39400,1.85185,1.94,76436.0
2024-10-22,000663,11700,5.59559,5.53,64701.0
2024-10-22,000639,21600,2.74274,2.98,64368.0
2024-10-22,000417,12200,4.86486,4.98,60756.00000000001
2024-10-22,000572,15800,3.3933899999999997,3.47,54826.0
2024-10-23,000632,20900,3.28328,3.33,69597.0
2024-10-23,000603,4800,13.043029999999998,13.043029999999998,62606.543999999994
2024-10-23,000593,10600,5.29529,5.45,57770.0
2024-10-23,000663,11700,5.59559,5.52,64583.99999999999
2024-10-23,000417,12200,4.86486,4.96,60512.0
2024-10-23,000572,15800,3.3933899999999997,3.6,56880.0
2024-10-23,000530,17600,4.2524049567999995,4.367264,76863.8464
2024-10-23,000510,17900,3.7737699999999994,3.9,69810.0
2024-10-23,000547,7600,7.947939999999999,8.09,61484.0
2024-10-23,000070,10900,5.004999999999999,5.11,55699.0
2024-10-24,000603,4800,13.043029999999998,13.043029999999998,62606.543999999994
2024-10-24,000593,10600,5.29529,5.49,58194.0
2024-10-24,000663,11700,5.59559,5.6,65519.99999999999
2024-10-24,000417,12200,4.86486,4.99,60878.0
2024-10-24,000530,17600,4.2524049567999995,4.2977848,75641.01247999999
2024-10-24,000547,7600,7.947939999999999,7.95,60420.0
2024-10-24,000070,10900,5.004999999999999,4.96,54064.0
2024-10-24,000506,32400,2.14214,2.14,69336.0
2024-10-24,000592,33600,1.8618599999999998,1.89,63504.0
2024-10-24,000633,11700,4.814809999999999,4.85,56744.99999999999
2024-10-25,000603,4800,13.043029999999998,13.043029999999998,62606.543999999994
2024-10-25,000663,11700,5.59559,5.72,66924.0
2024-10-25,000417,12200,4.86486,5.23,63806.00000000001
2024-10-25,000530,17600,4.2524049567999995,4.4764456,78785.44256
2024-10-25,000547,7600,7.947939999999999,7.93,60268.0
2024-10-25,000070,10900,5.004999999999999,5.21,56789.0
2024-10-25,000506,32400,2.14214,2.25,72900.0
2024-10-25,000592,33600,1.8618599999999998,1.98,66528.0
2024-10-25,000633,11700,4.814809999999999,5.0,58500.0
2024-10-25,000017,8600,6.506499999999999,6.6,56760.0
2024-10-28,000603,4800,13.043029999999998,13.043029999999998,62606.543999999994
2024-10-28,000547,7600,7.947939999999999,8.22,62472.00000000001
2024-10-28,000070,10900,5.004999999999999,5.47,59623.0
2024-10-28,000633,11700,4.814809999999999,5.2,60840.0
2024-10-28,000017,8600,6.506499999999999,6.77,58221.99999999999
2024-10-28,000663,15100,5.71571,5.96,89996.0
2024-10-28,000506,33000,2.36236,2.36,77880.0
2024-10-28,000530,14800,4.729310185599998,4.6451808,68748.67584000001
2024-10-28,000523,20400,3.1031,3.26,66504.0
2024-10-28,000639,19200,2.96296,3.15,60480.0
2024-10-29,000603,4800,13.043029999999998,13.043029999999998,62606.543999999994
2024-10-29,000547,7600,7.947939999999999,8.27,62852.0
2024-10-29,000633,11700,4.814809999999999,5.04,58968.0
2024-10-29,000017,8600,6.506499999999999,6.48,55728.00000000001
2024-10-29,000663,15100,5.71571,5.95,89845.0
2024-10-29,000506,33000,2.36236,2.48,81840.0
2024-10-29,000523,20400,3.1031,3.14,64056.0
2024-10-29,000639,19200,2.96296,2.98,57216.0
2024-10-29,000620,35500,1.8017999999999998,1.7,60350.0
2024-10-29,000609,25600,2.24224,2.33,59648.0
2024-10-30,000603,4800,13.043029999999998,13.043029999999998,62606.543999999994
2024-10-30,000633,11700,4.814809999999999,4.99,58383.0
2024-10-30,000017,8600,6.506499999999999,6.6,56760.0
2024-10-30,000663,15100,5.71571,5.89,88939.0
2024-10-30,000523,20400,3.1031,3.18,64872.0
2024-10-30,000639,19200,2.96296,2.97,57024.00000000001
2024-10-30,000609,25600,2.24224,2.45,62720.00000000001
2024-10-30,000417,14100,5.145139999999999,5.12,72192.0
2024-10-30,000547,7800,8.32832,8.24,64272.0
2024-10-30,000659,21000,2.8027999999999995,2.83,59430.0
2024-10-31,000017,8600,6.506499999999999,7.0,60200.0
2024-10-31,000663,15100,5.71571,6.0,90600.0
2024-10-31,000523,20400,3.1031,3.28,66912.0
2024-10-31,000639,19200,2.96296,3.1,59520.0
2024-10-31,000417,14100,5.145139999999999,5.15,72615.0
2024-10-31,000547,7800,8.32832,8.42,65676.0
2024-10-31,000659,21000,2.8027999999999995,2.75,57750.0
2024-10-31,000510,17200,4.18418,4.29,73788.0
2024-10-31,000532,4500,14.154139999999998,14.67,66015.0
2024-10-31,000632,16200,3.6035999999999997,3.66,59292.0
2024-11-01,000663,15100,5.71571,5.82,87882.0
2024-11-01,000523,20400,3.1031,3.15,64260.0
2024-11-01,000417,14100,5.145139999999999,5.11,72051.0
2024-11-01,000547,7800,8.32832,7.95,62010.0
2024-11-01,000510,17200,4.18418,4.08,70176.0
2024-11-01,000532,4500,14.154139999999998,13.67,61515.0
2024-11-01,000632,16200,3.6035999999999997,3.5,56700.0
2024-11-01,000559,10800,6.5065,5.92,63936.0
2024-11-01,000506,22000,2.87287,2.87,63140.0
2024-11-01,000036,12100,4.684679999999999,4.72,57112.0
2024-11-04,000417,14100,5.145139999999999,5.14,72474.0
2024-11-04,000547,7800,8.32832,8.21,64038.00000000001
2024-11-04,000532,4500,14.154139999999998,14.25,64125.0
2024-11-04,000506,22000,2.87287,3.01,66220.0
2024-11-04,000036,19300,4.73473,4.56,88007.99999999999
2024-11-04,000632,23600,3.49349,3.54,83544.0
2024-11-04,000609,33700,2.2022,2.33,78521.0
2024-11-04,000534,6000,11.011,11.31,67860.0
2024-11-04,000620,32900,1.8318299999999998,1.82,59878.0
2024-11-05,000417,14100,5.145139999999999,5.19,73179.0
2024-11-05,000547,7800,8.32832,8.61,67158.0
2024-11-05,000532,4500,14.154139999999998,14.77,66465.0
2024-11-05,000506,22000,2.87287,3.16,69520.0
2024-11-05,000036,19300,4.73473,4.74,91482.0
2024-11-05,000632,23600,3.49349,3.64,85904.0
2024-11-05,000534,6000,11.011,11.9,71400.0
2024-11-05,000620,32900,1.8318299999999998,2.0,65800.0
2024-11-05,000559,9000,6.926919999999999,7.0,63000.0
2024-11-05,000639,15300,3.6636599999999997,3.86,59058.0
2024-11-06,000532,4500,14.154139999999998,15.11,67995.0
2024-11-06,000036,19300,4.73473,4.92,94956.0
2024-11-06,000639,23800,4.19419,4.25,101150.0
2024-11-06,000632,26800,3.653649999999999,3.8,101840.0
2024-11-06,000620,42700,2.06206,2.2,93940.00000000001
2024-11-06,000070,13900,5.685679999999998,5.59,77701.0
2024-11-06,000571,18400,3.8638599999999994,3.8,69920.0
2024-11-07,000070,13900,5.685679999999998,5.77,80203.0
2024-11-07,000571,18400,3.8638599999999994,3.96,72864.0
2024-11-07,000536,12100,8.208199999999998,8.92,107932.0
2024-11-07,000530,17500,5.6831206432,5.70722,99876.35
2024-11-07,000036,18600,4.884879999999999,5.3,98580.0
2024-11-07,000609,34400,2.3823799999999995,2.48,85312.0
2024-11-07,000534,6000,12.182169999999998,12.52,75120.0
2024-11-08,000070,13900,5.685679999999998,5.73,79647.0
2024-11-08,000571,18400,3.8638599999999994,3.86,71024.0
2024-11-08,000536,12100,8.208199999999998,8.06,97526.0
2024-11-08,000609,34400,2.3823799999999995,2.37,81528.0
2024-11-08,000534,6000,12.182169999999998,12.64,75840.0
2024-11-08,000663,13400,6.506499999999999,6.6,88440.0
2024-11-08,000510,18300,4.294289999999999,4.23,77409.00000000001
2024-11-08,000036,13200,5.355349999999999,5.67,74844.0
2024-11-08,000523,18400,3.4534499999999997,3.44,63296.0
2024-11-11,000070,13900,5.685679999999998,6.02,83678.0
2024-11-11,000571,18400,3.8638599999999994,3.88,71392.0
2024-11-11,000536,12100,8.208199999999998,7.25,87725.0
2024-11-11,000609,34400,2.3823799999999995,2.49,85656.00000000001
2024-11-11,000534,6000,12.182169999999998,12.57,75420.0
2024-11-11,000663,13400,6.506499999999999,6.62,88708.0
2024-11-11,000510,18300,4.294289999999999,4.32,79056.0
2024-11-11,000036,13200,5.355349999999999,5.68,74976.0
2024-11-11,000426,4400,14.144129999999999,14.05,61820.0
2024-11-11,000632,14400,3.9639599999999997,4.02,57887.99999999999
2024-11-12,000571,18400,3.8638599999999994,3.96,72864.0
2024-11-12,000536,12100,8.208199999999998,6.53,79013.0
2024-11-12,000609,34400,2.3823799999999995,2.61,89784.0
2024-11-12,000534,6000,12.182169999999998,12.53,75180.0
2024-11-12,000663,13400,6.506499999999999,6.52,87368.0
2024-11-12,000510,18300,4.294289999999999,4.25,77775.0
2024-11-12,000632,14400,3.9639599999999997,4.0,57600.0
2024-11-12,000426,5200,13.92391,13.23,68796.0
2024-11-12,000070,10500,6.2862800000000005,6.13,64365.0
2024-11-12,000547,6500,9.129119999999999,8.82,57330.0
2024-11-13,000534,6000,12.182169999999998,12.42,74520.0
2024-11-13,000663,13400,6.506499999999999,6.5,87100.0
2024-11-13,000510,18300,4.294289999999999,4.18,76494.0
2024-11-13,000632,14400,3.9639599999999997,4.06,58463.99999999999
2024-11-13,000070,10500,6.2862800000000005,6.25,65625.0
2024-11-13,000547,6500,9.129119999999999,8.83,57395.0
2024-11-13,000657,7900,10.9109,11.47,90613.0
2024-11-13,000078,24900,3.1231199999999997,3.03,75447.0
2024-11-13,000571,17800,3.923919999999999,3.9,69420.0
2024-11-13,000609,23700,2.6526499999999995,2.74,64938.00000000001
2024-11-14,000663,13400,6.506499999999999,6.24,83616.0
2024-11-14,000632,14400,3.9639599999999997,4.04,58176.0
2024-11-14,000657,7900,10.9109,10.84,85636.0
2024-11-14,000571,17800,3.923919999999999,3.78,67284.0
2024-11-14,000609,23700,2.6526499999999995,2.88,68256.0
2024-11-14,000547,10200,8.83883,8.48,86496.0
2024-11-14,000070,13100,6.23623,6.0,78600.0
2024-11-14,000510,17600,4.18418,4.03,70928.0
2024-11-14,000078,21700,3.0530499999999994,2.93,63581.0
2024-11-14,000534,4800,12.402389999999999,12.25,58800.0
2024-11-15,000632,14400,3.9639599999999997,3.82,55008.0
2024-11-15,000609,23700,2.6526499999999995,2.74,64938.00000000001
2024-11-15,000070,16800,5.92592,5.7,95760.0
2024-11-15,000659,34500,2.89289,2.88,99360.0
2024-11-15,000017,13600,6.766759999999999,6.62,90032.0
2024-11-15,000534,6800,12.14213,11.7,79560.0
2024-11-15,000547,8800,8.46846,8.23,72424.0
2024-11-18,000609,23700,2.6526499999999995,2.6,61620.0
2024-11-18,000070,17100,5.815809999999999,5.6,95760.0
2024-11-18,000632,26200,3.8138099999999993,3.76,98512.0
2024-11-18,000547,11500,8.24824,8.16,93840.0
2024-11-18,000663,13900,6.156149999999999,5.81,80759.0
2024-11-18,000546,13500,5.69569,5.43,73305.0
2024-11-19,000632,26200,3.8138099999999993,3.81,99822.0
2024-11-19,000547,11500,8.24824,8.65,99475.0
2024-11-19,000530,19800,5.037311479199999,5.1513864,101997.45072
2024-11-19,000036,17100,5.24524,5.27,90116.99999999999
2024-11-19,000070,14400,5.605599999999999,5.64,81216.0
2024-11-19,000523,23200,3.14314,3.16,73312.0
2024-11-19,000571,17900,3.6636599999999997,3.72,66588.0
2024-11-20,000632,26200,3.8138099999999993,3.96,103752.0
2024-11-20,000547,11500,8.24824,8.48,97520.0
2024-11-20,000530,19800,5.037311479199999,5.2704936,104355.77328
2024-11-20,000070,14400,5.605599999999999,5.75,82800.0
2024-11-20,000523,23200,3.14314,3.23,74936.0
2024-11-20,000571,17900,3.6636599999999997,3.77,67483.0
2024-11-20,000559,10900,6.326320000000001,6.43,70087.0
2024-11-20,000659,21400,2.9028999999999994,2.98,63772.0
2024-11-20,000561,6100,9.13913,9.37,57156.99999999999
2024-11-20,000609,20300,2.47247,2.49,50547.00000000001
2024-11-21,000632,26200,3.8138099999999993,4.04,105848.0
2024-11-21,000547,11500,8.24824,8.45,97174.99999999999
2024-11-21,000530,19800,5.037311479199999,5.310196,105141.88080000001
2024-11-21,000070,14400,5.605599999999999,5.69,81936.0
2024-11-21,000523,23200,3.14314,3.22,74704.0
2024-11-21,000571,17900,3.6636599999999997,3.93,70347.0
2024-11-21,000559,10900,6.326320000000001,6.36,69324.0
2024-11-21,000659,21400,2.9028999999999994,2.89,61846.0
2024-11-21,000561,6100,9.13913,9.36,57096.0
2024-11-21,000609,20300,2.47247,2.61,52983.0
2024-11-22,000632,26200,3.8138099999999993,3.89,101918.0
2024-11-22,000547,11500,8.24824,8.13,93495.00000000001
2024-11-22,000530,19800,5.037311479199999,5.0819072,100621.76256
2024-11-22,000070,14400,5.605599999999999,5.5,79200.0
2024-11-22,000523,23200,3.14314,3.09,71688.0
2024-11-22,000571,17900,3.6636599999999997,3.84,68736.0
2024-11-22,000609,26500,2.6126099999999997,2.53,67045.0
2024-11-22,000663,10000,6.226219999999999,6.16,61600.0
2024-11-22,000546,8900,6.316309999999999,6.08,54112.0
2024-11-22,000659,17600,2.8628599999999995,2.77,48752.0
2024-11-25,000070,14400,5.605599999999999,5.57,80208.0
2024-11-25,000523,23200,3.14314,3.14,72848.0
2024-11-25,000571,17900,3.6636599999999997,3.88,69452.0
2024-11-25,000546,8900,6.316309999999999,6.69,59541.0
2024-11-25,000510,23600,3.9239199999999994,3.98,93928.0
2024-11-25,000036,14600,5.705699999999999,5.5,80300.0
2024-11-25,000017,11700,6.436429999999999,6.65,77805.0
2024-11-25,000633,13200,5.105099999999999,5.29,69828.0
2024-11-25,000663,9900,6.126119999999999,6.01,59499.0
2024-11-26,000510,23600,3.9239199999999994,3.93,92748.0
2024-11-26,000036,14600,5.705699999999999,5.61,81906.0
2024-11-26,000017,11700,6.436429999999999,6.57,76869.0
2024-11-26,000633,13200,5.105099999999999,5.24,69168.0
2024-11-26,000663,9900,6.126119999999999,5.98,59202.00000000001
2024-11-26,000632,20200,4.12412,4.16,84032.0
2024-11-26,000609,29500,2.54254,2.49,73455.0
2024-11-26,000534,5600,11.9119,11.71,65576.0
2024-11-26,000659,21700,2.8027999999999995,2.71,58807.0
2024-11-26,000532,4000,13.50349,13.53,54120.0
2024-11-27,000510,23600,3.9239199999999994,3.93,92748.0
2024-11-27,000017,11700,6.436429999999999,6.61,77337.0
2024-11-27,000633,13200,5.105099999999999,5.21,68772.0
2024-11-27,000632,20200,4.12412,4.1,82820.0
2024-11-27,000532,4000,13.50349,13.75,55000.0
2024-11-27,000593,13900,5.87587,6.0,83400.0
2024-11-27,000663,12400,5.935929999999999,5.92,73408.0
2024-11-27,000530,12400,5.3353772472,5.4987824,68184.90176
2024-11-27,000036,10700,5.565559999999999,5.53,59171.0
2024-11-27,000620,27400,1.9719699999999998,2.02,55348.0
2024-11-28,000510,23600,3.9239199999999994,3.97,93692.0
2024-11-28,000017,11700,6.436429999999999,6.83,79911.0
2024-11-28,000633,13200,5.105099999999999,5.36,70752.0
2024-11-28,000632,20200,4.12412,4.22,85244.0
2024-11-28,000532,4000,13.50349,13.79,55160.0
2024-11-28,000593,13900,5.87587,6.05,84095.0
2024-11-28,000663,12400,5.935929999999999,5.98,74152.0
2024-11-28,000530,12400,5.3353772472,5.4491544,67569.51456000001
2024-11-28,000620,27400,1.9719699999999998,2.08,56992.0
2024-11-28,000659,19600,2.7727699999999995,2.9,56840.0
2024-11-29,000510,23600,3.9239199999999994,3.95,93220.0
2024-11-29,000017,11700,6.436429999999999,6.96,81432.0
2024-11-29,000633,13200,5.105099999999999,5.3,69960.0
2024-11-29,000632,20200,4.12412,4.21,85042.0
2024-11-29,000532,4000,13.50349,14.16,56640.0
2024-11-29,000593,13900,5.87587,5.96,82844.0
2024-11-29,000663,12400,5.935929999999999,6.1,75640.0
2024-11-29,000530,12400,5.3353772472,5.3995264,66954.12736
2024-11-29,000620,27400,1.9719699999999998,2.09,57265.99999999999
2024-11-29,000659,19600,2.7727699999999995,2.92,57232.0
2024-12-02,000593,13900,5.87587,6.01,83539.0
2024-12-02,000663,12400,5.935929999999999,6.24,77376.0
2024-12-02,000530,12400,5.3353772472,5.5484104,68800.28896
2024-12-02,000632,23700,4.21421,4.47,105939.0
2024-12-02,000017,12700,7.067059999999999,7.23,91821.0
2024-12-02,000592,30900,2.63263,2.75,84975.0
2024-12-02,000620,34500,2.12212,2.21,76245.0
2024-12-02,000566,11000,5.99599,6.2,68200.0
2024-12-03,000593,13900,5.87587,6.11,84929.0
2024-12-03,000663,12400,5.935929999999999,6.24,77376.0
2024-12-03,000530,12400,5.3353772472,5.5186336,68431.05664000001
2024-12-03,000017,12700,7.067059999999999,7.18,91186.0
2024-12-03,000620,34500,2.12212,2.25,77625.0
2024-12-03,000566,12900,6.7067,6.08,78432.0
2024-12-03,000632,17400,4.45445,4.65,80910.0
2024-12-03,000592,25900,2.7027,3.03,78477.0
2024-12-03,000572,12100,5.185179999999999,4.96,60016.0
2024-12-03,000609,22700,2.5024999999999995,2.44,55388.0
2024-12-04,000017,12700,7.067059999999999,6.93,88011.0
2024-12-04,000620,34500,2.12212,2.18,75210.0
2024-12-04,000632,17400,4.45445,4.51,78474.0
2024-12-04,000506,29300,3.4033999999999995,3.25,95225.0
2024-12-04,000592,30600,2.9829799999999995,2.84,86904.0
2024-12-04,000659,24700,3.3233199999999994,3.53,87191.0
2024-12-04,000657,7000,10.50049,10.06,70420.0
2024-12-04,000609,27100,2.45245,2.32,62871.99999999999
2024-12-05,000017,12700,7.067059999999999,7.05,89535.0
2024-12-05,000632,17400,4.45445,4.52,78647.99999999999
2024-12-05,000659,24700,3.3233199999999994,3.38,83486.0
2024-12-05,000510,20000,4.954949999999999,4.7,94000.0
2024-12-05,000572,19100,4.66466,4.9,93590.0
2024-12-05,000657,8000,10.07006,10.09,80720.0
2024-12-05,000566,12500,5.765759999999998,5.81,72625.0
2024-12-05,000533,14400,4.53453,4.59,66096.0
2024-12-06,000017,12700,7.067059999999999,7.41,94107.0
2024-12-06,000632,17400,4.45445,4.53,78822.0
2024-12-06,000659,24700,3.3233199999999994,3.44,84968.0
2024-12-06,000572,19100,4.66466,4.9,93590.0
2024-12-06,000657,8000,10.07006,10.06,80480.0
2024-12-06,000566,12500,5.765759999999998,5.79,72375.0
2024-12-06,000533,14400,4.53453,4.64,66816.0
2024-12-06,000417,10700,6.366359999999999,6.45,69015.0
2024-12-06,000609,24800,2.47247,2.42,60016.0
2024-12-06,000620,24000,2.3022999999999993,2.39,57360.0
2024-12-09,000632,17400,4.45445,4.43,77082.0
2024-12-09,000659,24700,3.3233199999999994,3.29,81263.0
2024-12-09,000572,19100,4.66466,4.84,92444.0
2024-12-09,000657,8000,10.07006,9.99,79920.0
2024-12-09,000566,12500,5.765759999999998,5.71,71375.0
2024-12-09,000533,14400,4.53453,4.58,65952.0
2024-12-09,000417,10700,6.366359999999999,6.19,66233.0
2024-12-09,000609,24800,2.47247,2.52,62496.0
2024-12-09,000620,24000,2.3022999999999993,2.32,55679.99999999999
2024-12-09,000078,19200,3.0630599999999997,3.03,58175.99999999999
2024-12-10,000659,24700,3.3233199999999994,3.27,80769.0
2024-12-10,000572,19100,4.66466,4.85,92635.0
2024-12-10,000657,8000,10.07006,9.93,79440.0
2024-12-10,000566,12500,5.765759999999998,5.74,71750.0
2024-12-10,000533,14400,4.53453,4.62,66528.0
2024-12-10,000417,10700,6.366359999999999,6.39,68373.0
2024-12-10,000609,24800,2.47247,2.47,61256.00000000001
2024-12-10,000620,24000,2.3022999999999993,2.35,56400.0
2024-12-10,000078,19200,3.0630599999999997,2.99,57408.00000000001
2024-12-10,000530,10500,5.762604847999999,5.5285592,58049.8716
2024-12-11,000572,19100,4.66466,4.95,94545.0
2024-12-11,000657,8000,10.07006,9.95,79600.0
2024-12-11,000566,12500,5.765759999999998,5.96,74500.0
2024-12-11,000533,14400,4.53453,4.75,68400.0
2024-12-11,000417,10700,6.366359999999999,6.82,72974.0
2024-12-11,000609,24800,2.47247,2.5,62000.0
2024-12-11,000078,19200,3.0630599999999997,3.07,58944.0
2024-12-11,000530,10500,5.762604847999999,5.5781872,58570.9656
2024-12-11,000536,11800,5.83583,6.13,72334.0
2024-12-11,000510,14200,4.354349999999999,4.44,63048.00000000001
2024-12-12,000609,24800,2.47247,2.59,64232.0
2024-12-12,000078,19200,3.0630599999999997,3.13,60096.0
2024-12-12,000530,10500,5.762604847999999,6.1340208,64407.2184
2024-12-12,000536,11800,5.83583,6.0,70800.0
2024-12-12,000510,14200,4.354349999999999,4.47,63474.0
2024-12-12,000620,35600,2.66266,2.85,101460.0
2024-12-12,000546,14600,5.835829999999999,5.99,87454.0
2024-12-12,000506,25100,3.0630599999999997,3.21,80571.0
2024-12-12,000561,7600,9.109099999999998,9.23,70148.0
2024-12-12,000572,12500,4.954949999999999,4.92,61500.0
2024-12-13,000078,19200,3.0630599999999997,2.99,57408.00000000001
2024-12-13,000536,11800,5.83583,5.75,67850.0
2024-12-13,000510,14200,4.354349999999999,4.28,60776.0
2024-12-13,000546,14600,5.835829999999999,5.72,83512.0
2024-12-13,000506,25100,3.0630599999999997,3.11,78061.0
2024-12-13,000561,7600,9.109099999999998,8.88,67488.0
2024-12-13,000572,12500,4.954949999999999,4.86,60750.00000000001
2024-12-13,000620,27300,2.9129099999999992,2.87,78351.0
2024-12-13,000659,19000,3.75375,3.83,72770.0
2024-12-13,000036,12700,5.05505,4.89,62102.99999999999
2024-12-16,000536,11800,5.83583,5.74,67732.0
2024-12-16,000510,14200,4.354349999999999,4.26,60492.0
2024-12-16,000506,25100,3.0630599999999997,3.12,78312.0
2024-12-16,000561,7600,9.109099999999998,8.84,67184.0
2024-12-16,000572,12500,4.954949999999999,5.04,63000.0
2024-12-16,000659,19000,3.75375,3.68,69920.0
2024-12-16,000609,34100,2.5024999999999995,2.61,89001.0
2024-12-16,000632,16400,4.684679999999999,4.64,76096.0
2024-12-16,000546,12000,5.745739999999999,5.57,66840.0
2024-12-16,000417,9200,6.746739999999999,6.93,63756.0
2024-12-17,000506,25100,3.0630599999999997,3.14,78814.0
2024-12-17,000572,12500,4.954949999999999,5.0,62500.0
2024-12-17,000609,34100,2.5024999999999995,2.48,84568.0
2024-12-17,000632,21400,4.65465,4.26,91164.0
2024-12-17,000530,11600,7.878871800799999,7.19606,83474.296
2024-12-17,000546,14700,5.57557,5.27,77469.0
2024-12-17,000017,10000,7.3573499999999985,6.87,68700.0
2024-12-17,000633,11700,5.66566,5.31,62126.99999999999
2024-12-18,000506,25100,3.0630599999999997,3.3,82830.0
2024-12-18,000572,12500,4.954949999999999,4.92,61500.0
2024-12-18,000530,11600,7.878871800799999,6.7097056,77832.58496000001
2024-12-18,000017,14400,6.836829999999999,6.95,100080.0
2024-12-18,000523,26000,3.4134099999999994,3.39,88140.0
2024-12-18,000609,32900,2.43243,2.4,78960.0
2024-12-18,000407,20900,3.44344,3.46,72314.0
2024-12-18,000620,25800,2.5125099999999994,2.49,64242.00000000001
2024-12-19,000017,14400,6.836829999999999,6.88,99072.0
2024-12-19,000523,26000,3.4134099999999994,3.36,87360.0
2024-12-19,000609,32900,2.43243,2.37,77973.0
2024-12-19,000407,20900,3.44344,3.42,71478.0
2024-12-19,000620,25800,2.5125099999999994,2.46,63468.0
2024-12-19,000572,16800,4.814809999999999,4.69,78792.0
2024-12-19,000532,4600,15.765749999999999,15.53,71438.0
2024-12-19,000506,19900,3.3032999999999992,3.42,68058.0
2024-12-19,000510,14600,4.054049999999999,4.06,59275.99999999999
2024-12-19,000036,11900,4.46446,4.43,52717.0
2024-12-20,000017,14400,6.836829999999999,7.03,101232.0
2024-12-20,000523,26000,3.4134099999999994,3.46,89960.0
2024-12-20,000609,32900,2.43243,2.39,78631.0
2024-12-20,000407,20900,3.44344,3.42,71478.0
2024-12-20,000620,25800,2.5125099999999994,2.43,62694.00000000001
2024-12-20,000572,16800,4.814809999999999,4.66,78288.0
2024-12-20,000506,19900,3.3032999999999992,3.59,71441.0
2024-12-20,000510,14600,4.054049999999999,4.07,59422.00000000001
2024-12-20,000036,11900,4.46446,4.42,52598.0
2024-12-20,000505,8400,6.506499999999999,6.48,54432.0
2024-12-23,000407,20900,3.44344,3.29,68761.0
2024-12-23,000036,11900,4.46446,4.3,51170.0
2024-12-23,000505,8400,6.506499999999999,6.25,52500.0
2024-12-23,000632,23200,4.3043,3.87,89784.0
2024-12-23,000506,25400,3.5935899999999994,3.65,92710.0
2024-12-23,000417,13400,6.146139999999999,5.85,78390.0
2024-12-23,000620,30600,2.42242,2.32,70992.0
2024-12-23,000017,9500,6.98698,6.35,60325.0
2024-12-24,000505,8400,6.506499999999999,6.27,52668.0
2024-12-24,000506,25400,3.5935899999999994,3.83,97282.0
2024-12-24,000571,30500,3.2732699999999997,3.26,99430.0
2024-12-24,000546,19600,4.7047,4.77,93491.99999999999
2024-12-24,000593,15000,5.545539999999999,5.56,83400.0
2024-12-24,000566,14700,5.08508,5.01,73647.0
2024-12-24,000663,10800,6.206200000000001,5.93,64044.0
2024-12-25,000571,30500,3.2732699999999997,3.18,96990.0
2024-12-25,000546,19600,4.7047,4.61,90356.0
2024-12-25,000593,15000,5.545539999999999,5.4,81000.0
2024-12-25,000506,22200,4.024019999999999,4.02,89243.99999999999
2024-12-25,000036,18800,4.274269999999999,4.11,77268.0
2024-12-25,000620,31200,2.3223199999999995,2.34,73008.0
2024-12-25,000523,20000,3.2632599999999994,3.19,63800.0
2024-12-25,000633,12500,4.674669999999999,4.52,56499.99999999999
2024-12-26,000571,30500,3.2732699999999997,3.26,99430.0
2024-12-26,000546,19600,4.7047,4.88,95648.0
2024-12-26,000593,15000,5.545539999999999,5.43,81450.0
2024-12-26,000506,22200,4.024019999999999,4.22,93684.0
2024-12-26,000036,18800,4.274269999999999,4.15,78020.0
2024-12-26,000620,31200,2.3223199999999995,2.36,73632.0
2024-12-26,000523,20000,3.2632599999999994,3.21,64200.0
2024-12-26,000633,12500,4.674669999999999,4.53,56625.0
2024-12-26,000407,16300,3.2432399999999997,3.26,53138.0
2024-12-26,000572,11300,4.18418,4.24,47912.0
2024-12-27,000571,30500,3.2732699999999997,3.59,109495.0
2024-12-27,000546,19600,4.7047,4.84,94864.0
2024-12-27,000593,15000,5.545539999999999,5.63,84450.0
2024-12-27,000036,18800,4.274269999999999,4.16,78208.0
2024-12-27,000620,31200,2.3223199999999995,2.37,73944.0
2024-12-27,000523,20000,3.2632599999999994,3.24,64800.00000000001
2024-12-27,000633,12500,4.674669999999999,4.64,57999.99999999999
2024-12-27,000407,16300,3.2432399999999997,3.37,54931.0
2024-12-27,000572,11300,4.18418,4.42,49946.0
2024-12-27,000506,11800,4.434429999999999,4.01,47318.0
2024-12-30,000546,19600,4.7047,4.89,95844.0
2024-12-30,000593,15000,5.545539999999999,5.41,81150.0
2024-12-30,000620,31200,2.3223199999999995,2.26,70512.0
2024-12-30,000407,16300,3.2432399999999997,3.35,54605.0
2024-12-30,000572,11300,4.18418,4.3,48590.0
2024-12-30,000417,13400,6.146139999999999,6.27,84018.0
2024-12-30,000571,20600,3.6035999999999992,3.6,74160.0
2024-12-30,000632,17200,3.8838799999999996,3.7,63640.0
2024-12-30,000532,4300,13.753739999999999,13.71,58953.00000000001
2024-12-30,000536,11100,4.894889999999999,4.7,52170.0
2024-12-31,000407,16300,3.2432399999999997,3.36,54768.0
2024-12-31,000572,11300,4.18418,4.18,47234.0
2024-12-31,000417,13400,6.146139999999999,6.27,84018.0
2024-12-31,000571,20600,3.6035999999999992,3.51,72306.0
2024-12-31,000532,4300,13.753739999999999,13.14,56502.0
2024-12-31,000609,35500,2.39239,2.51,89104.99999999999
2024-12-31,000639,21000,3.6436399999999995,3.6,75600.0
2024-12-31,000048,3900,17.50749,17.29,67431.0
2024-12-31,000566,12600,4.924919999999999,4.79,60354.0
2024-12-31,000536,11800,4.714709999999999,4.51,53218.0
2025-01-02,000407,16300,3.2432399999999997,3.23,52649.0
2025-01-02,000572,11300,4.18418,4.05,45765.0
2025-01-02,000609,35500,2.39239,2.43,86265.0
2025-01-02,000639,21000,3.6436399999999995,3.69,77490.0
2025-01-02,000506,22900,3.9139099999999996,3.77,86333.0
2025-01-02,000417,13000,6.176169999999999,6.91,89830.0
2025-01-02,000532,5500,13.133119999999998,12.76,70180.0
2025-01-02,000048,3700,17.30729,16.55,61235.0
2025-01-02,000536,13000,4.504499999999999,4.44,57720.00000000001
2025-01-03,000609,35500,2.39239,2.44,86620.0
2025-01-03,000506,26500,3.7637599999999996,3.59,95135.0
2025-01-03,000417,13700,6.956949999999999,6.21,85077.0
2025-01-03,000532,6700,12.792779999999999,12.14,81338.0
2025-01-03,000017,11700,6.646639999999998,6.26,73242.0
2025-01-03,000510,19400,3.59359,3.45,66930.0
2025-01-06,000609,35500,2.39239,2.32,82360.0
2025-01-06,000506,26500,3.7637599999999996,3.72,98580.0
2025-01-06,000657,10900,8.57857,8.72,95048.0
2025-01-06,000532,7000,12.022009999999998,12.04,84280.0
2025-01-06,000620,36700,2.08208,2.0,73400.0
2025-01-06,000534,5400,12.592579999999998,11.97,64638.0
2025-01-06,000572,16100,3.8438399999999993,3.91,62951.0
2025-01-07,000657,10900,8.57857,8.82,96138.0
2025-01-07,000532,7000,12.022009999999998,12.42,86940.0
2025-01-07,000572,16100,3.8438399999999993,4.02,64721.99999999999
2025-01-07,000536,21000,4.12412,4.28,89880.0
2025-01-07,000639,22600,3.4534499999999992,3.48,78648.0
2025-01-07,000632,20400,3.4534499999999997,3.49,71196.0
2025-01-07,000633,15100,4.2042,4.37,65987.0
2025-01-07,000017,9100,6.2762699999999985,6.43,58513.0
2025-01-08,000657,10900,8.57857,8.66,94394.0
2025-01-08,000532,7000,12.022009999999998,12.34,86380.0
2025-01-08,000572,16100,3.8438399999999993,3.99,64239.0
2025-01-08,000536,21000,4.12412,4.32,90720.0
2025-01-08,000639,22600,3.4534499999999992,3.49,78874.0
2025-01-08,000632,20400,3.4534499999999997,3.51,71604.0
2025-01-08,000633,15100,4.2042,4.31,65080.99999999999
2025-01-08,000017,9100,6.2762699999999985,6.3,57330.0
2025-01-08,000659,18800,2.72272,2.68,50384.0
2025-01-08,000534,3700,12.23222,12.88,47656.0
2025-01-09,000532,7000,12.022009999999998,12.38,86660.0
2025-01-09,000572,16100,3.8438399999999993,4.02,64721.99999999999
2025-01-09,000536,21000,4.12412,4.38,91980.0
2025-01-09,000639,22600,3.4534499999999992,3.49,78874.0
2025-01-09,000632,20400,3.4534499999999997,3.47,70788.0
2025-01-09,000633,15100,4.2042,4.34,65534.0
2025-01-09,000017,9100,6.2762699999999985,6.19,56329.0
2025-01-09,000659,18800,2.72272,2.67,50196.0
2025-01-09,000534,3700,12.23222,12.93,47841.0
2025-01-09,000663,10100,5.145139999999999,5.12,51712.0
2025-01-10,000532,7000,12.022009999999998,12.01,84070.0
2025-01-10,000572,16100,3.8438399999999993,3.85,61985.0
2025-01-10,000536,21000,4.12412,4.16,87360.0
2025-01-10,000639,22600,3.4534499999999992,3.33,75258.0
2025-01-10,000632,20400,3.4534499999999997,3.31,67524.0
2025-01-10,000633,15100,4.2042,4.17,62967.0
2025-01-10,000663,10100,5.145139999999999,4.91,49591.0
2025-01-10,000659,23100,2.68268,2.56,59136.0
2025-01-10,000506,15100,3.68368,3.89,58739.0
2025-01-10,000561,6100,8.15815,8.68,52948.0
2025-01-13,000536,21000,4.12412,4.15,87150.00000000001
2025-01-13,000633,15100,4.2042,4.59,69309.0
2025-01-13,000561,6100,8.15815,8.29,50568.99999999999
2025-01-13,000620,53900,1.6816799999999998,1.73,93247.0
2025-01-13,000506,20400,3.983979999999999,4.05,82620.0
2025-01-13,000663,15000,4.894889999999999,4.94,74100.0
2025-01-13,000534,4900,13.273259999999999,13.62,66738.0
2025-01-13,000609,24600,2.42242,2.53,62237.99999999999
2025-01-14,000561,6100,8.15815,8.68,52948.0
2025-01-14,000506,20400,3.983979999999999,4.06,82823.99999999999
2025-01-14,000663,15000,4.894889999999999,5.14,77100.0
2025-01-14,000534,4900,13.273259999999999,14.29,70021.0
2025-01-14,000609,24600,2.42242,2.56,62976.0
2025-01-14,000620,45300,1.75175,1.83,82899.0
2025-01-14,000632,21300,3.3433399999999995,3.55,75615.0
2025-01-14,000659,24900,2.5825799999999997,2.68,66732.0
2025-01-14,000536,13800,4.18418,4.48,61824.00000000001
2025-01-14,000530,9700,5.335377247199999,5.4293032,52664.24103999999
2025-01-15,000561,6100,8.15815,8.51,51911.0
2025-01-15,000506,20400,3.983979999999999,4.24,86496.0
2025-01-15,000663,15000,4.894889999999999,5.15,77250.0
2025-01-15,000609,24600,2.42242,2.54,62484.0
2025-01-15,000620,45300,1.75175,1.79,81087.0
2025-01-15,000632,21300,3.3433399999999995,3.59,76467.0
2025-01-15,000659,24900,2.5825799999999997,2.65,65985.0
2025-01-15,000536,13800,4.18418,4.39,60581.99999999999
2025-01-15,000530,9700,5.335377247199999,5.3697496,52086.57111999999
2025-01-15,000417,10000,5.4054,5.43,54300.0
2025-01-16,000561,6100,8.15815,8.35,50935.0
2025-01-16,000663,15000,4.894889999999999,5.22,78300.0
2025-01-16,000609,24600,2.42242,2.59,63714.0
2025-01-16,000659,24900,2.5825799999999997,2.68,66732.0
2025-01-16,000536,13800,4.18418,4.46,61548.0
2025-01-16,000530,9700,5.335377247199999,5.4193776,52567.962719999996
2025-01-16,000417,10000,5.4054,5.83,58300.0
2025-01-16,000620,41300,1.79179,1.87,77231.0
2025-01-16,000017,11500,5.775769999999999,5.75,66125.0
2025-01-16,000506,14200,4.21421,4.03,57226.0
2025-01-17,000663,15000,4.894889999999999,5.18,77700.0
2025-01-17,000609,24600,2.42242,2.59,63714.0
2025-01-17,000659,24900,2.5825799999999997,2.59,64491.0
2025-01-17,000536,13800,4.18418,4.47,61686.0
2025-01-17,000530,9700,5.335377247199999,5.4690056,53049.35432
2025-01-17,000417,10000,5.4054,5.55,55500.0
2025-01-17,000620,41300,1.79179,1.84,75992.0
2025-01-17,000017,11500,5.775769999999999,5.64,64859.99999999999
2025-01-17,000534,4500,14.484469999999998,14.38,64710.0
2025-01-17,000506,14900,3.9339299999999997,4.15,61835.00000000001
2025-01-20,000659,24900,2.5825799999999997,2.62,65238.0
2025-01-20,000536,13800,4.18418,4.45,61410.0
2025-01-20,000530,9700,5.335377247199999,5.7469224,55745.14728
2025-01-20,000417,10000,5.4054,5.65,56500.0
2025-01-20,000620,41300,1.79179,1.88,77644.0
2025-01-20,000017,11500,5.775769999999999,5.76,66240.0
2025-01-20,000534,4500,14.484469999999998,14.3,64350.0
2025-01-20,000506,14900,3.9339299999999997,4.03,60047.00000000001
2025-01-20,000609,26100,2.5625599999999995,2.7,70470.0
2025-01-20,000603,4500,13.363349999999999,13.43,60435.0
2025-01-21,000417,10000,5.4054,5.73,57300.00000000001
2025-01-21,000017,11500,5.775769999999999,5.62,64630.0
2025-01-21,000534,4500,14.484469999999998,13.93,62685.0
2025-01-21,000506,14900,3.9339299999999997,4.16,61984.0
2025-01-21,000609,26100,2.5625599999999995,2.68,69948.0
2025-01-21,000603,4500,13.363349999999999,13.44,60480.0
2025-01-21,000620,42700,1.8918899999999996,2.07,88389.0
2025-01-21,000530,12600,5.752669322399999,5.905732,74412.22320000001
2025-01-21,000048,3900,16.46645,16.01,62439.00000000001
2025-01-21,000551,5900,9.88988,9.92,58528.0
2025-01-22,000017,11500,5.775769999999999,5.51,63365.0
2025-01-22,000506,14900,3.9339299999999997,4.13,61537.0
2025-01-22,000609,26100,2.5625599999999995,2.74,71514.0
2025-01-22,000603,4500,13.363349999999999,13.5,60750.0
2025-01-22,000530,12600,5.752669322399999,5.657592,71285.65920000001
2025-01-22,000551,5900,9.88988,9.83,57997.0
2025-01-22,000620,37900,2.1121099999999995,2.02,76558.0
2025-01-22,000417,12600,5.685679999999999,5.56,70056.0
2025-01-22,000663,12700,5.095089999999999,5.08,64516.0
2025-01-22,000571,16700,3.49349,3.48,58116.0
2025-01-23,000506,14900,3.9339299999999997,3.99,59451.0
2025-01-23,000603,4500,13.363349999999999,13.59,61155.0
2025-01-23,000530,12600,5.752669322399999,5.7766992,72786.40992
2025-01-23,000551,5900,9.88988,9.76,57584.0
2025-01-23,000417,12600,5.685679999999999,5.62,70812.0
2025-01-23,000663,12700,5.095089999999999,5.07,64389.0
2025-01-23,000571,16700,3.49349,3.46,57782.0
2025-01-23,000609,26300,2.81281,2.68,70484.0
2025-01-23,000632,19000,3.49349,3.66,69540.0
2025-01-23,000620,28800,2.08208,1.97,56736.0
2025-01-24,000603,4500,13.363349999999999,13.68,61560.0
2025-01-24,000530,12600,5.752669322399999,5.8362528,73536.78528
2025-01-24,000551,5900,9.88988,9.79,57760.99999999999
2025-01-24,000417,12600,5.685679999999999,5.57,70182.0
2025-01-24,000663,12700,5.095089999999999,5.07,64389.0
2025-01-24,000571,16700,3.49349,3.39,56613.0
2025-01-24,000632,19000,3.49349,3.55,67450.0
2025-01-24,000506,18300,3.9639599999999997,3.89,71187.0
2025-01-24,000534,4400,14.634619999999998,14.79,65075.99999999999
2025-01-24,000609,23000,2.5525499999999997,2.55,58649.99999999999
2025-01-27,000530,12600,5.752669322399999,5.9851368,75412.72368000001
2025-01-27,000551,5900,9.88988,9.65,56935.0
2025-01-27,000417,12600,5.685679999999999,5.46,68796.0
2025-01-27,000663,12700,5.095089999999999,5.15,65405.00000000001
2025-01-27,000571,16700,3.49349,3.48,58116.0
2025-01-27,000632,19000,3.49349,3.53,67070.0
2025-01-27,000506,18300,3.9639599999999997,3.91,71553.0
2025-01-27,000534,4400,14.634619999999998,14.38,63272.0
2025-01-27,000620,34900,1.85185,1.85,64565.0
2025-01-27,000659,23200,2.5024999999999995,2.5,58000.0
2025-02-05,000663,12700,5.095089999999999,5.32,67564.0
2025-02-05,000571,16700,3.49349,3.51,58617.0
2025-02-05,000632,19000,3.49349,3.54,67260.0
2025-02-05,000506,18300,3.9639599999999997,4.11,75213.0
2025-02-05,000534,4400,14.634619999999998,14.26,62744.0
2025-02-05,000659,23200,2.5024999999999995,2.55,59159.99999999999
2025-02-05,000592,28000,2.802799999999999,2.85,79800.0
2025-02-05,000561,9000,7.787780000000001,7.82,70380.0
2025-02-05,000536,15100,4.2042,4.27,64476.99999999999
2025-02-05,000609,23600,2.42242,2.48,58528.0
2025-02-06,000632,19000,3.49349,3.54,67260.0
2025-02-06,000506,18300,3.9639599999999997,4.16,76128.0
2025-02-06,000534,4400,14.634619999999998,14.44,63536.0
2025-02-06,000659,23200,2.5024999999999995,2.58,59856.0
2025-02-06,000592,28000,2.802799999999999,2.83,79240.0
2025-02-06,000561,9000,7.787780000000001,8.02,72180.0
2025-02-06,000536,15100,4.2042,4.45,67195.0
2025-02-06,000609,23600,2.42242,2.53,59707.99999999999
2025-02-06,000530,10600,6.030864039199999,6.0446904,64073.71824
2025-02-06,000639,18800,3.0730699999999995,3.07,57716.0
2025-02-07,000506,18300,3.9639599999999997,4.2,76860.0
2025-02-07,000534,4400,14.634619999999998,14.84,65296.0
2025-02-07,000659,23200,2.5024999999999995,2.66,61712.0
2025-02-07,000592,28000,2.802799999999999,2.94,82320.0
2025-02-07,000561,9000,7.787780000000001,8.16,73440.0
2025-02-07,000609,23600,2.42242,2.52,59472.0
2025-02-07,000530,10600,6.030864039199999,5.9652856,63232.02735999999
2025-02-07,000639,18800,3.0730699999999995,3.17,59596.0
2025-02-07,000571,18400,3.56356,3.51,64583.99999999999
2025-02-07,000017,10300,5.705699999999999,5.75,59225.0
2025-02-10,000592,28000,2.802799999999999,2.98,83440.0
2025-02-10,000561,9000,7.787780000000001,8.35,75150.0
2025-02-10,000609,23600,2.42242,2.49,58764.00000000001
2025-02-10,000530,10600,6.030864039199999,5.8362528,61864.27967999999
2025-02-10,000639,18800,3.0730699999999995,3.33,62604.0
2025-02-10,000571,18400,3.56356,3.66,67344.0
2025-02-10,000017,10300,5.705699999999999,5.94,61182.00000000001
2025-02-10,000506,17300,4.264259999999999,4.41,76293.0
2025-02-10,000559,11100,6.005999999999999,5.99,66489.0
2025-02-10,000536,11600,5.15515,5.39,62523.99999999999
2025-02-11,000592,28000,2.802799999999999,2.91,81480.0
2025-02-11,000561,9000,7.787780000000001,8.2,73800.0
2025-02-11,000609,23600,2.42242,2.45,57820.00000000001
2025-02-11,000530,10600,6.030864039199999,5.8263272,61759.06832
2025-02-11,000639,18800,3.0730699999999995,3.28,61663.99999999999
2025-02-11,000571,18400,3.56356,3.74,68816.0
2025-02-11,000017,10300,5.705699999999999,6.06,62417.99999999999
2025-02-11,000506,17300,4.264259999999999,4.63,80099.0
2025-02-11,000559,11100,6.005999999999999,5.97,66267.0
2025-02-11,000536,11600,5.15515,5.12,59392.0
2025-02-12,000530,10600,6.030864039199999,5.9950624,63547.66144
2025-02-12,000639,18800,3.0730699999999995,3.26,61287.99999999999
2025-02-12,000571,18400,3.56356,3.68,67712.0
2025-02-12,000017,10300,5.705699999999999,6.01,61903.0
2025-02-12,000559,11100,6.005999999999999,6.04,67044.0
2025-02-12,000536,11600,5.15515,5.22,60552.0
2025-02-12,000506,18000,4.63463,4.51,81180.0
2025-02-12,000592,25800,2.9129099999999997,2.92,75336.0
2025-02-12,000534,4400,15.165149999999997,15.1,66440.0
2025-02-12,000566,12500,4.86486,4.89,61124.99999999999
2025-02-13,000571,18400,3.56356,3.7,68080.0
2025-02-13,000017,10300,5.705699999999999,5.94,61182.00000000001
2025-02-13,000559,11100,6.005999999999999,5.9,65490.00000000001
2025-02-13,000536,11600,5.15515,5.24,60784.0
2025-02-13,000506,18000,4.63463,4.74,85320.0
2025-02-13,000592,25800,2.9129099999999997,2.95,76110.0
2025-02-13,000534,4400,15.165149999999997,14.68,64592.0
2025-02-13,000566,12500,4.86486,4.93,61625.0
2025-02-13,000070,11200,6.005999999999999,5.98,66976.0
2025-02-13,000609,25300,2.39239,2.36,59708.0
2025-02-14,000559,11100,6.005999999999999,5.92,65712.0
2025-02-14,000536,11600,5.15515,5.09,59044.0
2025-02-14,000506,18000,4.63463,4.91,88380.0
2025-02-14,000592,25800,2.9129099999999997,2.83,73014.0
2025-02-14,000566,12500,4.86486,5.11,63875.00000000001
2025-02-14,000070,11200,6.005999999999999,6.04,67648.0
2025-02-14,000609,25300,2.39239,2.37,59961.0
2025-02-14,000534,5000,14.704689999999996,14.36,71800.0
2025-02-14,000620,34200,1.94194,1.89,64638.0
2025-02-14,000036,14400,4.12412,3.99,57456.0
2025-02-17,000506,18000,4.63463,4.76,85680.0
2025-02-17,000592,25800,2.9129099999999997,2.85,73530.0
2025-02-17,000566,12500,4.86486,5.01,62625.0
2025-02-17,000070,11200,6.005999999999999,6.08,68096.0
2025-02-17,000609,25300,2.39239,2.38,60214.0
2025-02-17,000534,5000,14.704689999999996,15.07,75350.0
2025-02-17,000620,34200,1.94194,1.94,66348.0
2025-02-17,000036,14400,4.12412,4.06,58463.99999999999
2025-02-17,000426,5100,12.882869999999997,12.61,64311.0
2025-02-17,000632,17000,3.5035,3.61,61370.0
2025-02-18,000506,18000,4.63463,5.0,90000.0
2025-02-18,000566,12500,4.86486,4.74,59250.0
2025-02-18,000070,11200,6.005999999999999,5.92,66304.0
2025-02-18,000609,25300,2.39239,2.5,63250.0
2025-02-18,000534,5000,14.704689999999996,14.15,70750.0
2025-02-18,000620,34200,1.94194,1.85,63270.0
2025-02-18,000426,5100,12.882869999999997,12.71,64821.00000000001
2025-02-18,000632,17000,3.5035,3.44,58480.0
2025-02-18,000571,17400,3.8038,3.7,64380.0
2025-02-18,000659,20900,2.8528499999999997,2.75,57475.0
2025-02-19,000070,11200,6.005999999999999,6.06,67872.0
2025-02-19,000609,25300,2.39239,2.63,66539.0
2025-02-19,000426,5100,12.882869999999997,13.09,66759.0
2025-02-19,000632,17000,3.5035,3.5,59500.0
2025-02-19,000571,17400,3.8038,3.73,64902.0
2025-02-19,000659,20900,2.8528499999999997,2.74,57266.00000000001
2025-02-19,000566,17300,4.744739999999999,4.82,83386.0
2025-02-19,000592,27100,2.72272,2.74,74254.0
2025-02-19,000620,35900,1.8518499999999998,1.86,66774.0
2025-02-19,000048,4200,14.204189999999999,14.3,60060.0
2025-02-20,000426,5100,12.882869999999997,12.96,66096.0
2025-02-20,000632,17000,3.5035,3.51,59670.0
2025-02-20,000571,17400,3.8038,3.73,64902.0
2025-02-20,000566,17300,4.744739999999999,4.92,85116.0
2025-02-20,000592,27100,2.72272,2.73,73983.0
2025-02-20,000620,35900,1.8518499999999998,1.84,66056.0
2025-02-20,000048,4200,14.204189999999999,14.34,60228.0
2025-02-20,000609,26400,2.7627599999999997,2.76,72864.0
2025-02-20,000533,9700,6.746739999999999,6.76,65572.0
2025-02-20,000659,21500,2.75275,2.74,58910.00000000001
2025-02-21,000426,5100,12.882869999999997,12.87,65637.0
2025-02-21,000632,17000,3.5035,3.41,57970.0
2025-02-21,000571,17400,3.8038,3.69,64206.0
2025-02-21,000566,17300,4.744739999999999,4.83,83559.0
2025-02-21,000592,27100,2.72272,2.69,72899.0
2025-02-21,000620,35900,1.8518499999999998,1.82,65338.0
2025-02-21,000048,4200,14.204189999999999,14.03,58926.0
2025-02-21,000609,26400,2.7627599999999997,2.69,71016.0
2025-02-21,000533,9700,6.746739999999999,7.2,69840.0
2025-02-21,000659,21500,2.75275,2.66,57190.0
2025-02-24,000571,17400,3.8038,3.68,64032.0
2025-02-24,000566,17300,4.744739999999999,4.81,83213.0
2025-02-24,000592,27100,2.72272,2.75,74525.0
2025-02-24,000620,35900,1.8518499999999998,1.84,66056.0
2025-02-24,000048,4200,14.204189999999999,14.07,59094.0
2025-02-24,000659,21500,2.75275,2.74,58910.00000000001
2025-02-24,000536,15300,5.2052,5.42,82926.0
2025-02-24,000534,4600,15.395379999999998,15.4,70840.0
2025-02-24,000070,10200,6.28628,6.49,66198.0
2025-02-24,000663,9900,5.83583,5.71,56529.0
2025-02-25,000566,17300,4.744739999999999,4.83,83559.0
2025-02-25,000592,27100,2.72272,2.7,73170.0
2025-02-25,000620,35900,1.8518499999999998,1.81,64979.0
2025-02-25,000048,4200,14.204189999999999,13.64,57288.0
2025-02-25,000659,21500,2.75275,2.74,58910.00000000001
2025-02-25,000534,4600,15.395379999999998,15.04,69184.0
2025-02-25,000070,10200,6.28628,6.55,66810.0
2025-02-25,000663,9900,5.83583,5.69,56331.00000000001
2025-02-25,000547,8500,7.9079,7.93,67405.0
2025-02-25,000536,11300,5.36536,5.96,67348.0
2025-02-26,000659,21500,2.75275,2.73,58695.0
2025-02-26,000534,4600,15.395379999999998,15.1,69460.0
2025-02-26,000070,10200,6.28628,6.63,67626.0
2025-02-26,000663,9900,5.83583,5.69,56331.00000000001
2025-02-26,000547,8500,7.9079,8.0,68000.0
2025-02-26,000533,13100,6.846839999999999,7.05,92355.0
2025-02-26,000566,16800,4.814809999999999,5.31,89208.0
2025-02-26,000620,39900,1.8218199999999998,1.87,74613.0
2025-02-26,000609,24300,2.69269,2.73,66339.0
2025-02-26,000632,16900,3.4834799999999997,3.54,59826.0
2025-02-27,000534,4600,15.395379999999998,15.85,72910.0
2025-02-27,000070,10200,6.28628,6.51,66402.0
2025-02-27,000663,9900,5.83583,5.72,56628.0
2025-02-27,000547,8500,7.9079,7.82,66470.0
2025-02-27,000533,13100,6.846839999999999,6.79,88949.0
2025-02-27,000620,39900,1.8218199999999998,1.9,75810.0
2025-02-27,000609,24300,2.69269,2.7,65610.0
2025-02-27,000632,16900,3.4834799999999997,3.52,59488.0
2025-02-27,000566,12800,5.26526,5.54,70912.0
2025-02-27,000506,9300,6.506499999999999,5.93,55149.0
2025-02-28,000534,4600,15.395379999999998,14.98,68908.0
2025-02-28,000070,10200,6.28628,6.4,65280.0
2025-02-28,000663,9900,5.83583,5.57,55143.0
2025-02-28,000620,39900,1.8218199999999998,1.84,73416.0
2025-02-28,000609,24300,2.69269,2.66,64638.0
2025-02-28,000632,16900,3.4834799999999997,3.39,57291.0
2025-02-28,000566,12800,5.26526,5.12,65536.0
2025-02-28,000510,20100,3.75375,3.68,73968.0
2025-02-28,000533,10100,6.7067,6.55,66155.0
2025-02-28,000659,22300,2.74274,2.64,58872.0
2025-03-03,000620,39900,1.8218199999999998,1.81,72219.0
2025-03-03,000609,24300,2.69269,2.6,63180.0
2025-03-03,000632,16900,3.4834799999999997,3.42,57798.0
2025-03-03,000510,20100,3.75375,3.72,74772.0
2025-03-03,000659,22300,2.74274,2.64,58872.0
2025-03-03,000566,16800,5.145139999999999,5.01,84168.0
2025-03-03,000534,5200,14.964949999999998,16.13,83876.0
2025-03-03,000533,10900,6.44644,6.29,68561.0
2025-03-03,000571,16600,3.8238199999999996,3.83,63578.0
2025-03-03,000633,12000,4.72472,4.78,57360.0
2025-03-04,000620,39900,1.8218199999999998,1.8,71820.0
2025-03-04,000632,16900,3.4834799999999997,3.46,58474.0
2025-03-04,000510,20100,3.75375,3.81,76581.0
2025-03-04,000659,22300,2.74274,2.7,60210.00000000001
2025-03-04,000566,16800,5.145139999999999,5.05,84840.0
2025-03-04,000534,5200,14.964949999999998,16.14,83928.0
2025-03-04,000533,10900,6.44644,6.42,69978.0
2025-03-04,000571,16600,3.8238199999999996,3.79,62914.0
2025-03-04,000633,12000,4.72472,4.9,58800.00000000001
2025-03-04,000592,21000,2.74274,2.78,58379.99999999999
2025-03-05,000510,20100,3.75375,3.72,74772.0
2025-03-05,000659,22300,2.74274,2.97,66231.0
2025-03-05,000534,5200,14.964949999999998,16.29,84708.0
2025-03-05,000533,10900,6.44644,6.49,70741.0
2025-03-05,000571,16600,3.8238199999999996,3.75,62250.0
2025-03-05,000633,12000,4.72472,4.84,58080.0
2025-03-05,000592,21000,2.74274,2.76,57959.99999999999
2025-03-05,000036,17000,4.294289999999999,4.19,71230.0
2025-03-05,000536,11700,5.59559,5.73,67041.0
2025-03-05,000663,10000,5.875869999999999,5.7,57000.0
2025-03-06,000510,20100,3.75375,3.72,74772.0
2025-03-06,000534,5200,14.964949999999998,15.84,82368.0
2025-03-06,000533,10900,6.44644,6.59,71831.0
2025-03-06,000571,16600,3.8238199999999996,3.93,65238.0
2025-03-06,000633,12000,4.72472,4.87,58440.0
2025-03-06,000592,21000,2.74274,2.77,58170.0
2025-03-06,000036,17000,4.294289999999999,4.21,71570.0
2025-03-06,000663,10000,5.875869999999999,5.73,57300.00000000001
2025-03-06,000566,13100,5.11511,5.18,67858.0
2025-03-06,000659,20500,2.9429399999999997,2.93,60065.0
2025-03-07,000533,10900,6.44644,6.31,68779.0
2025-03-07,000571,16600,3.8238199999999996,3.95,65570.0
2025-03-07,000633,12000,4.72472,4.88,58560.0
2025-03-07,000592,21000,2.74274,2.79,58590.0
2025-03-07,000036,17000,4.294289999999999,4.11,69870.0
2025-03-07,000663,10000,5.875869999999999,5.72,57200.0
2025-03-07,000566,13100,5.11511,5.02,65762.0
2025-03-07,000659,20500,2.9429399999999997,2.92,59860.0
2025-03-07,000534,4400,15.965949999999998,16.5,72600.0
2025-03-07,000506,12700,4.974969999999999,5.13,65151.0
2025-03-10,000036,17000,4.294289999999999,4.18,71060.0
2025-03-10,000663,10000,5.875869999999999,5.75,57500.0
2025-03-10,000566,13100,5.11511,5.18,67858.0
2025-03-10,000659,20500,2.9429399999999997,2.87,58835.0
2025-03-10,000534,4400,15.965949999999998,16.29,71676.0
2025-03-10,000506,12700,4.974969999999999,5.39,68453.0
2025-03-10,000426,5900,13.933919999999999,12.92,76228.0
2025-03-10,000609,27800,2.6726699999999997,2.75,76450.0
2025-03-10,000533,10600,6.32632,6.39,67734.0
2025-03-10,000571,15200,3.95395,3.92,59584.0
2025-03-11,000036,17000,4.294289999999999,4.24,72080.0
2025-03-11,000663,10000,5.875869999999999,5.81,58099.99999999999
2025-03-11,000566,13100,5.11511,5.23,68513.0
2025-03-11,000659,20500,2.9429399999999997,2.9,59450.0
2025-03-11,000534,4400,15.965949999999998,17.01,74844.0
2025-03-11,000609,27800,2.6726699999999997,2.73,75894.0
2025-03-11,000533,10600,6.32632,6.36,67416.0
2025-03-11,000571,15200,3.95395,3.95,60040.0
2025-03-11,000048,4500,15.25524,15.53,69885.0
2025-03-11,000536,10500,5.885879999999999,6.18,64890.0
2025-03-12,000566,13100,5.11511,5.17,67727.0
2025-03-12,000659,20500,2.9429399999999997,2.87,58835.0
2025-03-12,000534,4400,15.965949999999998,16.92,74448.00000000001
2025-03-12,000609,27800,2.6726699999999997,2.59,72002.0
2025-03-12,000571,15200,3.95395,3.92,59584.0
2025-03-12,000048,4500,15.25524,15.29,68805.0
2025-03-12,000536,10500,5.885879999999999,6.1,64049.99999999999
2025-03-12,000657,6900,10.950939999999996,10.64,73416.0
2025-03-12,000603,4600,14.654639999999999,14.39,66194.0
2025-03-12,000510,15100,4.104099999999999,4.17,62967.0
2025-03-13,000534,4400,15.965949999999998,16.69,73436.0
2025-03-13,000571,15200,3.95395,3.97,60344.0
2025-03-13,000048,4500,15.25524,15.55,69975.0
2025-03-13,000536,10500,5.885879999999999,6.1,64049.99999999999
2025-03-13,000603,4600,14.654639999999999,14.48,66608.0
2025-03-13,000510,15100,4.104099999999999,4.12,62212.0
2025-03-13,000566,16000,5.15515,5.03,80480.0
2025-03-13,000506,13200,5.605599999999999,5.35,70620.0
2025-03-13,000533,9400,7.067059999999999,6.89,64766.0
2025-03-13,000426,4300,13.773759999999998,13.48,57964.0
2025-03-14,000571,15200,3.95395,3.96,60192.0
2025-03-14,000048,4500,15.25524,15.38,69210.0
2025-03-14,000536,10500,5.885879999999999,6.02,63209.99999999999
2025-03-14,000603,4600,14.654639999999999,15.04,69184.0
2025-03-14,000510,15100,4.104099999999999,4.25,64175.0
2025-03-14,000566,16000,5.15515,5.06,80960.0
2025-03-14,000426,4300,13.773759999999998,14.32,61576.0
2025-03-14,000017,11300,6.596589999999999,6.37,71981.0
2025-03-14,000659,22700,2.9729699999999997,2.97,67419.0
2025-03-14,000632,17100,3.5535499999999995,3.62,61902.0
2025-03-17,000048,4500,15.25524,15.06,67770.0
2025-03-17,000536,10500,5.885879999999999,6.07,63735.0
2025-03-17,000603,4600,14.654639999999999,14.76,67896.0
2025-03-17,000510,15100,4.104099999999999,4.17,62967.0
2025-03-17,000566,16000,5.15515,5.11,81760.0
2025-03-17,000426,4300,13.773759999999998,14.07,60501.0
2025-03-17,000017,11300,6.596589999999999,6.47,73111.0
2025-03-17,000659,22700,2.9729699999999997,2.93,66511.0
2025-03-17,000632,17100,3.5535499999999995,3.75,64125.0
2025-03-17,000533,8700,6.956949999999999,6.99,60813.0
2025-03-18,000603,4600,14.654639999999999,15.68,72128.0
2025-03-18,000510,15100,4.104099999999999,4.21,63571.0
2025-03-18,000566,16000,5.15515,5.02,80320.0
2025-03-18,000426,4300,13.773759999999998,14.09,60587.0
2025-03-18,000017,11300,6.596589999999999,6.64,75032.0
2025-03-18,000659,22700,2.9729699999999997,2.97,67419.0
2025-03-18,000632,17100,3.5535499999999995,3.69,63099.0
2025-03-18,000533,8700,6.956949999999999,7.06,61422.0
2025-03-18,000536,11100,6.066059999999999,5.98,66378.0
2025-03-18,000523,15700,3.8738699999999997,3.61,56677.0
2025-03-19,000566,16000,5.15515,5.0,80000.0
2025-03-19,000426,4300,13.773759999999998,14.16,60888.0
2025-03-19,000017,11300,6.596589999999999,6.53,73789.0
2025-03-19,000659,22700,2.9729699999999997,3.07,69689.0
2025-03-19,000632,17100,3.5535499999999995,3.6,61560.0
2025-03-19,000533,8700,6.956949999999999,7.15,62205.0
2025-03-19,000534,4900,16.246229999999997,16.63,81487.0
2025-03-19,000530,12200,5.971250885599999,5.9950624,73139.76128
2025-03-19,000603,4200,15.595579999999998,16.28,68376.0
2025-03-19,000559,8700,6.766759999999999,6.8,59160.0
2025-03-20,000017,11300,6.596589999999999,6.4,72320.0
2025-03-20,000659,22700,2.9729699999999997,3.04,69008.0
2025-03-20,000632,17100,3.5535499999999995,3.6,61560.0
2025-03-20,000533,8700,6.956949999999999,7.14,62118.0
2025-03-20,000534,4900,16.246229999999997,16.32,79968.0
2025-03-20,000530,12200,5.971250885599999,6.0446904,73745.22288
2025-03-20,000603,4200,15.595579999999998,16.21,68082.0
2025-03-20,000559,8700,6.766759999999999,6.98,60726.00000000001
2025-03-20,000536,11600,5.795789999999999,5.55,64380.0
2025-03-20,000506,11100,5.41541,5.35,59384.99999999999
2025-03-21,000533,8700,6.956949999999999,7.38,64206.0
2025-03-21,000534,4900,16.246229999999997,16.1,78890.0
2025-03-21,000530,12200,5.971250885599999,6.302756,76893.6232
2025-03-21,000603,4200,15.595579999999998,15.67,65814.0
2025-03-21,000559,8700,6.766759999999999,6.67,58029.0
2025-03-21,000506,11100,5.41541,5.37,59607.0
2025-03-21,000592,24900,3.2432399999999997,3.33,82917.0
2025-03-21,000659,23900,3.0530499999999994,3.04,72656.0
2025-03-21,000571,14800,4.434429999999999,4.84,71632.0
2025-03-21,000523,17300,3.4033999999999995,3.43,59339.0
2025-03-24,000603,4200,15.595579999999998,15.55,65310.0
2025-03-24,000523,17300,3.4033999999999995,3.55,61415.0
2025-03-24,000571,19600,5.08508,4.87,95452.0
2025-03-24,000659,32300,3.0330299999999997,2.93,94639.0
2025-03-24,000559,13200,6.686679999999999,6.53,86196.0
2025-03-24,000506,14700,5.38538,5.2,76440.0
2025-03-24,000657,7100,9.98998,10.03,71213.0
2025-03-25,000603,4200,15.595579999999998,15.49,65058.0
2025-03-25,000523,17300,3.4033999999999995,3.41,58993.0
2025-03-25,000559,13200,6.686679999999999,6.38,84216.0
2025-03-25,000506,14700,5.38538,5.21,76587.0
2025-03-25,000657,7100,9.98998,10.06,71426.0
2025-03-25,000426,6200,13.413400000000001,13.38,82956.0
2025-03-25,000534,4800,15.305289999999998,15.39,73872.0
2025-03-25,000536,13500,4.99499,4.95,66825.0
2025-03-25,000510,15100,4.014009999999999,3.98,60098.0
2025-03-25,000639,18500,2.95295,2.93,54205.0
2025-03-26,000523,17300,3.4033999999999995,3.43,59339.0
2025-03-26,000657,7100,9.98998,9.96,70716.0
2025-03-26,000426,6200,13.413400000000001,13.33,82646.0
2025-03-26,000534,4800,15.305289999999998,15.07,72336.0
2025-03-26,000536,13500,4.99499,4.99,67365.0
2025-03-26,000510,15100,4.014009999999999,4.07,61457.00000000001
2025-03-26,000639,18500,2.95295,2.94,54390.0
2025-03-26,000592,24300,2.95295,3.05,74115.0
2025-03-26,000048,4300,14.754739999999998,16.34,70262.0
2025-03-26,000566,12600,4.604599999999999,4.63,58338.0
2025-03-27,000523,17300,3.4033999999999995,3.51,60722.99999999999
2025-03-27,000657,7100,9.98998,9.79,69509.0
2025-03-27,000426,6200,13.413400000000001,13.23,82026.0
2025-03-27,000534,4800,15.305289999999998,15.71,75408.0
2025-03-27,000536,13500,4.99499,4.94,66690.0
2025-03-27,000510,15100,4.014009999999999,4.12,62212.0
2025-03-27,000639,18500,2.95295,2.92,54020.0
2025-03-27,000592,24300,2.95295,2.96,71928.0
2025-03-27,000566,12600,4.604599999999999,4.7,59220.0
2025-03-27,000633,10000,5.9059,5.97,59700.0
2025-03-28,000657,7100,9.98998,9.71,68941.0
2025-03-28,000426,6200,13.413400000000001,13.65,84630.0
2025-03-28,000534,4800,15.305289999999998,16.0,76800.0
2025-03-28,000536,13500,4.99499,4.79,64665.0
2025-03-28,000510,15100,4.014009999999999,3.98,60098.0
2025-03-28,000639,18500,2.95295,2.82,52170.0
2025-03-28,000592,24300,2.95295,2.97,72171.0
2025-03-28,000566,12600,4.604599999999999,4.61,58086.00000000001
2025-03-28,000048,3900,16.416399999999996,16.24,63335.99999999999
2025-03-28,000571,12700,4.624619999999999,4.51,57277.0
2025-03-31,000426,6200,13.413400000000001,13.43,83266.0
2025-03-31,000534,4800,15.305289999999998,15.63,75024.0
2025-03-31,000510,15100,4.014009999999999,4.01,60551.0
2025-03-31,000592,24300,2.95295,2.84,69012.0
2025-03-31,000566,12600,4.604599999999999,4.52,56951.99999999999
2025-03-31,000048,3900,16.416399999999996,16.66,64974.0
2025-03-31,000523,22200,3.4534499999999997,3.48,77256.0
2025-03-31,000571,15600,4.42442,4.44,69264.0
2025-03-31,000017,10400,5.945939999999999,5.98,62192.00000000001
2025-03-31,000506,10100,5.5055,5.74,57974.0
2025-04-01,000592,24300,2.95295,3.04,73872.0
2025-04-01,000566,12600,4.604599999999999,4.64,58463.99999999999
2025-04-01,000048,3900,16.416399999999996,17.64,68796.0
2025-04-01,000523,22200,3.4534499999999997,3.41,75702.0
2025-04-01,000571,15600,4.42442,4.41,68796.0
2025-04-01,000506,10100,5.5055,5.6,56560.0
2025-04-01,000559,11800,6.67667,6.39,75402.0
2025-04-01,000633,14600,4.88488,4.94,72124.0
2025-04-01,000659,21200,3.02302,3.08,65296.0
2025-04-01,000534,3700,15.615599999999997,16.02,59274.0
2025-04-02,000048,3900,16.416399999999996,17.04,66456.0
2025-04-02,000523,22200,3.4534499999999997,3.4,75480.0
2025-04-02,000571,15600,4.42442,4.38,68328.0
2025-04-02,000506,10100,5.5055,5.54,55954.0
2025-04-02,000633,14600,4.88488,4.98,72708.0
2025-04-02,000659,21200,3.02302,3.03,64235.99999999999
2025-04-02,000534,3700,15.615599999999997,15.49,57313.0
2025-04-02,000426,5300,13.593580000000001,13.87,73511.0
2025-04-02,000559,10300,6.376369999999999,7.07,72821.0
2025-04-02,000603,3800,15.33532,15.14,57532.0
2025-04-03,000048,3900,16.416399999999996,17.09,66651.0
2025-04-03,000523,22200,3.4534499999999997,3.42,75924.0
2025-04-03,000506,10100,5.5055,5.69,57469.00000000001
2025-04-03,000633,14600,4.88488,5.02,73292.0
2025-04-03,000659,21200,3.02302,3.13,66356.0
2025-04-03,000534,3700,15.615599999999997,15.35,56795.0
2025-04-03,000426,5300,13.593580000000001,13.21,70013.0
2025-04-03,000603,3800,15.33532,14.76,56088.0
2025-04-03,000559,9500,7.067059999999999,7.34,69730.0
2025-04-03,000592,19900,3.0330299999999997,3.06,60894.0
2025-04-07,000506,10100,5.5055,5.41,54641.0
2025-04-07,000426,5300,13.593580000000001,11.88,62964.00000000001
2025-04-07,000603,3800,15.33532,13.26,50388.0
2025-04-07,000592,33700,2.9129099999999997,2.75,92675.0
2025-04-07,000659,29300,3.0130099999999995,2.82,82626.0
2025-04-07,000048,4700,16.85684,15.31,71957.0
2025-04-07,000559,10500,6.776769999999999,6.57,68985.0
2025-04-07,000571,16500,3.89389,3.83,63195.0
2025-04-08,000659,35600,2.8027999999999995,2.76,98255.99999999999
2025-04-08,000523,32200,3.1031,3.22,103684.0
2025-04-08,000036,28000,3.3433399999999995,3.25,91000.0
2025-04-08,000620,57000,1.48148,1.57,89490.0
2025-04-08,000609,35300,2.15215,2.15,75895.0
2025-04-09,000523,32200,3.1031,3.29,105938.0
2025-04-09,000620,57000,1.48148,1.59,90630.0
2025-04-09,000048,5800,16.07606,16.14,93612.0
2025-04-09,000078,38200,2.21221,2.26,86331.99999999999
2025-04-09,000534,5700,13.303289999999997,14.08,80256.0
2025-04-09,000532,5300,12.74273,13.22,70066.0
2025-04-09,000609,29400,2.1021,2.11,62033.99999999999
2025-04-10,000523,32200,3.1031,3.35,107870.0
2025-04-10,000048,5800,16.07606,16.38,95004.0
2025-04-10,000078,38200,2.21221,2.29,87478.0
2025-04-10,000534,5700,13.303289999999997,14.08,80256.0
2025-04-10,000532,5300,12.74273,13.59,72027.0
2025-04-10,000609,29400,2.1021,2.13,62622.0
2025-04-10,000536,15300,4.23423,4.25,65025.0
2025-04-10,000592,19300,3.02302,3.22,62146.00000000001
2025-04-10,000657,5800,9.039029999999999,8.98,52084.0
2025-04-10,000506,8800,5.375369999999999,5.37,47256.0
2025-04-11,000048,5800,16.07606,15.42,89436.0
2025-04-11,000078,38200,2.21221,2.27,86714.0
2025-04-11,000532,5300,12.74273,13.75,72875.0
2025-04-11,000609,29400,2.1021,2.09,61445.99999999999
2025-04-11,000536,15300,4.23423,4.34,66402.0
2025-04-11,000592,19300,3.02302,3.05,58865.0
2025-04-11,000657,5800,9.039029999999999,8.98,52084.0
2025-04-11,000506,8800,5.375369999999999,5.57,49016.0
2025-04-11,000534,4400,13.873859999999999,14.23,62612.0
2025-04-11,000572,15800,3.5235199999999995,3.57,56406.0
2025-04-14,000048,5800,16.07606,15.66,90828.0
2025-04-14,000078,38200,2.21221,2.32,88624.0
2025-04-14,000609,29400,2.1021,2.15,63210.0
2025-04-14,000536,15300,4.23423,4.44,67932.0
2025-04-14,000592,19300,3.02302,3.07,59251.0
2025-04-14,000657,5800,9.039029999999999,9.34,54172.0
2025-04-14,000506,8800,5.375369999999999,5.85,51480.0
2025-04-14,000534,4400,13.873859999999999,14.28,62832.0
2025-04-14,000426,5300,11.82181,12.1,64130.0
2025-04-14,000551,6200,9.13913,9.05,56110.00000000001
2025-04-15,000048,5800,16.07606,15.39,89262.0
2025-04-15,000078,38200,2.21221,2.31,88242.0
2025-04-15,000609,29400,2.1021,2.26,66444.0
2025-04-15,000536,15300,4.23423,4.38,67014.0
2025-04-15,000592,19300,3.02302,3.08,59444.0
2025-04-15,000657,5800,9.039029999999999,9.14,53012.0
2025-04-15,000534,4400,13.873859999999999,14.08,61952.0
2025-04-15,000426,5300,11.82181,11.93,63229.0
2025-04-15,000551,6200,9.13913,9.0,55800.0
2025-04-15,000659,17300,3.2832799999999995,3.34,57782.0
2025-04-16,000536,15300,4.23423,4.26,65178.0
2025-04-16,000592,19300,3.02302,3.0,57900.0
2025-04-16,000657,5800,9.039029999999999,9.01,52258.0
2025-04-16,000534,4400,13.873859999999999,13.92,61248.0
2025-04-16,000426,5300,11.82181,11.97,63441.0
2025-04-16,000551,6200,9.13913,8.88,55056.00000000001
2025-04-16,000659,17300,3.2832799999999995,3.29,56917.0
2025-04-16,000533,13200,5.695689999999999,5.46,72072.0
2025-04-16,000530,13300,5.0969246327999995,4.9826512,66269.26096
2025-04-16,000603,4200,14.484469999999998,13.99,58758.0
2025-04-17,000534,4400,13.873859999999999,14.5,63800.0
2025-04-17,000426,5300,11.82181,11.98,63494.0
2025-04-17,000551,6200,9.13913,8.97,55614.00000000001
2025-04-17,000659,17300,3.2832799999999995,3.33,57609.0
2025-04-17,000530,13300,5.0969246327999995,4.9727256,66137.25048
2025-04-17,000603,4200,14.484469999999998,14.06,59052.0
2025-04-17,000506,12300,6.456449999999999,6.22,76506.0
2025-04-17,000571,17400,4.12412,4.22,73428.0
2025-04-17,000633,12900,4.99499,5.05,65145.0
2025-04-17,000523,17100,3.3933899999999997,3.47,59337.0
2025-04-18,000426,5300,11.82181,11.71,62063.00000000001
2025-04-18,000551,6200,9.13913,9.0,55800.0
2025-04-18,000659,17300,3.2832799999999995,3.38,58474.0
2025-04-18,000530,13300,5.0969246327999995,5.0223536,66797.30288
2025-04-18,000571,17400,4.12412,4.13,71862.0
2025-04-18,000633,12900,4.99499,4.88,62952.0
2025-04-18,000523,17100,3.3933899999999997,3.44,58824.0
2025-04-18,000603,5100,14.06405,13.77,70227.0
2025-04-18,000533,12000,5.4054,5.46,65520.0
2025-04-18,000417,9500,6.106099999999999,6.24,59280.0
2025-04-21,000659,17300,3.2832799999999995,3.32,57436.0
2025-04-21,000530,13300,5.0969246327999995,5.1414608,68381.42864
2025-04-21,000571,17400,4.12412,4.16,72384.0
2025-04-21,000633,12900,4.99499,5.0,64500.0
2025-04-21,000523,17100,3.3933899999999997,3.54,60534.0
2025-04-21,000603,5100,14.06405,14.84,75684.0
2025-04-21,000533,12000,5.4054,5.56,66720.0
2025-04-21,000559,12500,5.65565,5.86,73250.0
2025-04-21,000417,10200,6.226219999999999,6.34,64668.0
2025-04-21,000426,4800,11.82181,12.33,59184.0
2025-04-22,000530,13300,5.0969246327999995,5.21094,69305.502
2025-04-22,000571,17400,4.12412,4.15,72210.0
2025-04-22,000633,12900,4.99499,5.07,65403.00000000001
2025-04-22,000523,17100,3.3933899999999997,3.52,60192.0
2025-04-22,000603,5100,14.06405,14.6,74460.0
2025-04-22,000533,12000,5.4054,5.55,66600.0
2025-04-22,000559,12500,5.65565,5.81,72625.0
2025-04-22,000417,10200,6.226219999999999,6.62,67524.0
2025-04-22,000426,4800,11.82181,12.48,59904.0
2025-04-22,000506,8300,6.856849999999999,6.91,57353.0
2025-04-23,000571,17400,4.12412,4.15,72210.0
2025-04-23,000633,12900,4.99499,5.03,64887.0
2025-04-23,000523,17100,3.3933899999999997,3.47,59337.0
2025-04-23,000603,5100,14.06405,14.14,72114.0
2025-04-23,000533,12000,5.4054,5.69,68280.0
2025-04-23,000417,10200,6.226219999999999,6.19,63138.00000000001
2025-04-23,000426,4800,11.82181,12.07,57936.0
2025-04-23,000506,8300,6.856849999999999,6.56,54448.0
2025-04-23,000609,24300,2.72272,2.54,61722.0
2025-04-23,000017,8900,6.7067,6.36,56604.0
2025-04-24,000603,5100,14.06405,14.24,72624.0
2025-04-24,000533,12000,5.4054,5.58,66960.0
2025-04-24,000417,10200,6.226219999999999,6.07,61914.0
2025-04-24,000426,4800,11.82181,12.24,58752.0
2025-04-24,000506,8300,6.856849999999999,6.89,57187.0
2025-04-24,000659,25000,3.4033999999999995,3.45,86250.0
2025-04-24,000663,13500,5.66566,5.58,75330.0
2025-04-24,000566,13400,5.15515,5.13,68742.0
2025-04-24,000633,12200,5.08508,4.97,60634.0
2025-04-24,000523,16100,3.4634599999999995,3.46,55706.0
2025-04-25,000417,10200,6.226219999999999,5.97,60894.0
2025-04-25,000426,4800,11.82181,12.46,59808.00000000001
2025-04-25,000506,8300,6.856849999999999,6.9,57270.0
2025-04-25,000659,25000,3.4033999999999995,3.42,85500.0
2025-04-25,000663,13500,5.66566,5.52,74520.0
2025-04-25,000566,13400,5.15515,4.94,66196.0
2025-04-25,000633,12200,5.08508,5.01,61122.0
2025-04-25,000523,16100,3.4634599999999995,3.44,55384.0
2025-04-25,000632,13600,4.714709999999999,4.16,56576.0
2025-04-25,000609,23100,2.5125099999999994,2.45,56595.00000000001
2025-04-28,000506,8300,6.856849999999999,7.15,59345.0
2025-04-28,000633,12200,5.08508,4.99,60878.0
2025-04-28,000632,13600,4.714709999999999,3.74,50864.0
2025-04-28,000659,28300,3.4234199999999997,3.28,92824.0
2025-04-28,000592,29800,2.9229199999999995,2.87,85526.0
2025-04-28,000571,19200,4.07407,4.02,77183.99999999999
2025-04-28,000417,11600,6.056049999999999,5.72,66352.0
2025-04-28,000620,35500,1.7917899999999998,1.66,58930.0
2025-04-29,000633,12200,5.08508,5.05,61610.0
2025-04-29,000632,13600,4.714709999999999,3.37,45832.0
2025-04-29,000592,29800,2.9229199999999995,2.89,86122.0
2025-04-29,000571,19200,4.07407,4.28,82176.0
2025-04-29,000659,26000,3.2632599999999994,3.34,86840.0
2025-04-29,000551,8100,9.4094,9.58,77598.0
2025-04-29,000417,12200,5.645639999999999,5.72,69784.0
2025-04-29,000533,11300,5.475469999999999,5.57,62941.0
2025-04-29,000593,10400,5.375369999999999,5.32,55328.0
2025-04-30,000633,12200,5.08508,5.13,62586.0
2025-04-30,000592,29800,2.9229199999999995,2.93,87314.0
2025-04-30,000571,19200,4.07407,4.31,82751.99999999999
2025-04-30,000659,26000,3.2632599999999994,3.27,85020.0
2025-04-30,000551,8100,9.4094,9.98,80838.0
2025-04-30,000417,12200,5.645639999999999,5.56,67832.0
2025-04-30,000533,11300,5.475469999999999,5.73,64749.00000000001
2025-04-30,000593,10400,5.375369999999999,5.35,55639.99999999999
2025-04-30,000017,8700,6.426419999999999,6.43,55941.0
2025-04-30,000506,7400,6.776769999999999,6.69,49506.0
2025-05-06,000592,29800,2.9229199999999995,2.97,88506.0
2025-05-06,000571,19200,4.07407,4.37,83904.0
2025-05-06,000659,26000,3.2632599999999994,3.42,88920.0
2025-05-06,000551,8100,9.4094,10.24,82944.0
2025-05-06,000417,12200,5.645639999999999,5.62,68564.0
2025-05-06,000533,11300,5.475469999999999,5.97,67461.0
2025-05-06,000593,10400,5.375369999999999,5.48,56992.00000000001
2025-05-06,000017,8700,6.426419999999999,6.61,57507.0
2025-05-06,000506,7400,6.776769999999999,6.91,51134.0
2025-05-06,000566,10700,4.834829999999999,5.04,53928.0
2025-05-07,000659,26000,3.2632599999999994,3.35,87100.0
2025-05-07,000551,8100,9.4094,10.2,82620.0
2025-05-07,000417,12200,5.645639999999999,5.74,70028.0
2025-05-07,000593,10400,5.375369999999999,5.51,57304.0
2025-05-07,000017,8700,6.426419999999999,6.64,57768.0
2025-05-07,000506,7400,6.776769999999999,6.91,51134.0
2025-05-07,000566,10700,4.834829999999999,5.04,53928.0
2025-05-07,000426,5300,13.343329999999998,13.26,70278.0
2025-05-07,000078,27900,2.3223199999999995,2.33,65007.0
2025-05-07,000633,10700,5.41541,5.32,56924.0
2025-05-08,000659,26000,3.2632599999999994,3.46,89960.0
2025-05-08,000417,12200,5.645639999999999,5.78,70516.0
2025-05-08,000593,10400,5.375369999999999,5.58,58032.0
2025-05-08,000017,8700,6.426419999999999,6.7,58290.0
2025-05-08,000506,7400,6.776769999999999,7.13,52762.0
2025-05-08,000426,5300,13.343329999999998,13.05,69165.0
2025-05-08,000078,27900,2.3223199999999995,2.33,65007.0
2025-05-08,000633,10700,5.41541,5.42,57994.0
2025-05-08,000566,13000,5.08508,5.3,68900.0
2025-05-08,000571,13200,4.524519999999999,4.6,60719.99999999999
2025-05-09,000017,8700,6.426419999999999,6.51,56637.0
2025-05-09,000506,7400,6.776769999999999,7.15,52910.0
2025-05-09,000426,5300,13.343329999999998,12.96,68688.0
2025-05-09,000078,27900,2.3223199999999995,2.32,64727.99999999999
2025-05-09,000633,10700,5.41541,5.39,57673.0
2025-05-09,000566,13000,5.08508,5.26,68380.0
2025-05-09,000571,13200,4.524519999999999,4.45,58740.0
2025-05-09,000561,9300,8.078069999999999,8.07,75051.0
2025-05-09,000559,9100,7.48748,8.06,73346.0
2025-05-09,000547,8100,7.527519999999999,7.4,59940.0
2025-05-12,000426,5300,13.343329999999998,13.04,69112.0
2025-05-12,000078,27900,2.3223199999999995,2.33,65007.0
2025-05-12,000633,10700,5.41541,5.36,57352.0
2025-05-12,000566,13000,5.08508,5.14,66820.0
2025-05-12,000571,13200,4.524519999999999,4.65,61380.00000000001
2025-05-12,000561,9300,8.078069999999999,8.32,77376.0
2025-05-12,000547,8100,7.527519999999999,7.65,61965.0
2025-05-12,000017,11300,6.506499999999998,6.47,73111.0
2025-05-12,000506,9400,7.007000000000001,7.12,66928.0
2025-05-12,000659,17600,3.3733699999999995,3.28,57728.0
2025-05-13,000426,5300,13.343329999999998,13.28,70384.0
2025-05-13,000078,27900,2.3223199999999995,2.33,65007.0
2025-05-13,000633,10700,5.41541,5.5,58850.0
2025-05-13,000566,13000,5.08508,5.0,65000.0
2025-05-13,000571,13200,4.524519999999999,4.74,62568.0
2025-05-13,000561,9300,8.078069999999999,8.09,75237.0
2025-05-13,000547,8100,7.527519999999999,7.5,60750.0
2025-05-13,000017,11300,6.506499999999998,6.45,72885.0
2025-05-13,000506,9400,7.007000000000001,7.38,69372.0
2025-05-13,000659,17600,3.3733699999999995,3.29,57904.0
2025-05-14,000566,13000,5.08508,4.94,64220.00000000001
2025-05-14,000571,13200,4.524519999999999,4.66,61512.0
2025-05-14,000561,9300,8.078069999999999,7.99,74307.0
2025-05-14,000547,8100,7.527519999999999,7.4,59940.0
2025-05-14,000017,11300,6.506499999999998,6.45,72885.0
2025-05-14,000506,9400,7.007000000000001,7.42,69748.0
2025-05-14,000659,17600,3.3733699999999995,3.28,57728.0
2025-05-14,000609,28200,2.5925899999999995,2.73,76986.0
2025-05-14,000639,22800,2.8828799999999997,2.88,65664.0
2025-05-14,000048,3400,17.15714,16.88,57392.0
2025-05-15,000561,9300,8.078069999999999,7.86,73098.0
2025-05-15,000547,8100,7.527519999999999,7.26,58806.0
2025-05-15,000017,11300,6.506499999999998,6.33,71529.0
2025-05-15,000506,9400,7.007000000000001,7.33,68902.0
2025-05-15,000639,22800,2.8828799999999997,3.17,72276.0
2025-05-15,000048,3400,17.15714,17.18,58412.0
2025-05-15,000609,28000,2.84284,2.72,76160.0
2025-05-15,000620,41800,1.7117099999999996,1.68,70224.0
2025-05-15,000592,21000,3.0630599999999997,3.04,63840.0
2025-05-15,000632,14800,3.9038999999999993,3.84,56832.0
2025-05-16,000017,11300,6.506499999999998,6.38,72094.0
2025-05-16,000506,9400,7.007000000000001,7.38,69372.0
2025-05-16,000048,3400,17.15714,17.05,57970.0
2025-05-16,000609,28000,2.84284,2.86,80080.0
2025-05-16,000620,41800,1.7117099999999996,1.67,69806.0
2025-05-16,000592,21000,3.0630599999999997,3.07,64470.0
2025-05-16,000632,14800,3.9038999999999993,3.88,57424.0
2025-05-16,000566,13300,5.43543,5.65,75145.0
2025-05-16,000639,19900,3.2732699999999997,3.23,64277.0
2025-05-16,000571,12200,4.79479,4.75,57950.0
2025-05-19,000609,28000,2.84284,2.94,82320.0
2025-05-19,000620,41800,1.7117099999999996,1.74,72732.0
2025-05-19,000592,21000,3.0630599999999997,3.1,65100.0
2025-05-19,000632,14800,3.9038999999999993,3.86,57128.0
2025-05-19,000566,13300,5.43543,5.67,75411.0
2025-05-19,000571,12200,4.79479,4.66,56852.0
2025-05-19,000506,10500,7.4774699999999985,7.58,79590.0
2025-05-19,000048,4100,17.06705,17.26,70766.0
2025-05-19,000417,11300,5.675669999999999,5.75,64975.0
2025-05-19,000017,8900,6.416409999999999,6.5,57850.0
2025-05-20,000609,28000,2.84284,3.09,86520.0
2025-05-20,000620,41800,1.7117099999999996,1.75,73150.0
2025-05-20,000592,21000,3.0630599999999997,3.1,65100.0
2025-05-20,000566,13300,5.43543,5.68,75544.0
2025-05-20,000506,10500,7.4774699999999985,7.51,78855.0
2025-05-20,000417,11300,5.675669999999999,5.76,65088.0
2025-05-20,000017,8900,6.416409999999999,6.64,59096.0
2025-05-20,000633,11600,6.07607,6.4,74240.0
2025-05-20,000657,5700,11.011,11.04,62927.99999999999
2025-05-20,000632,14700,3.89389,3.73,54831.0
2025-05-21,000620,41800,1.7117099999999996,1.74,72732.0
2025-05-21,000592,21000,3.0630599999999997,3.07,64470.0
2025-05-21,000506,10500,7.4774699999999985,7.55,79275.0
2025-05-21,000417,11300,5.675669999999999,5.71,64523.0
2025-05-21,000017,8900,6.416409999999999,6.7,59630.0
2025-05-21,000633,11600,6.07607,6.55,75980.0
2025-05-21,000657,5700,11.011,10.89,62073.0
2025-05-21,000566,12900,5.685679999999999,5.96,76884.0
2025-05-21,000632,17700,3.7337299999999995,3.65,64605.0
2025-05-21,000571,13000,4.58458,4.61,59930.00000000001
2025-05-22,000506,10500,7.4774699999999985,7.41,77805.0
2025-05-22,000417,11300,5.675669999999999,5.54,62602.0
2025-05-22,000633,11600,6.07607,6.49,75284.0
2025-05-22,000657,5700,11.011,10.52,59964.0
2025-05-22,000566,12900,5.685679999999999,6.08,78432.0
2025-05-22,000571,13000,4.58458,4.48,58240.00000000001
2025-05-22,000620,45900,1.7417399999999998,1.7,78030.0
2025-05-22,000017,10800,6.656649999999999,6.9,74520.0
2025-05-22,000048,4000,16.146129999999996,16.07,64280.0
2025-05-22,000523,17000,3.4234199999999997,3.32,56440.0
2025-05-23,000506,10500,7.4774699999999985,7.46,78330.0
2025-05-23,000417,11300,5.675669999999999,5.45,61585.0
2025-05-23,000657,5700,11.011,10.52,59964.0
2025-05-23,000566,12900,5.685679999999999,5.86,75594.0
2025-05-23,000571,13000,4.58458,4.41,57330.0
2025-05-23,000620,45900,1.7417399999999998,1.67,76653.0
2025-05-23,000017,10800,6.656649999999999,6.65,71820.0
2025-05-23,000048,4000,16.146129999999996,16.01,64040.00000000001
2025-05-23,000561,7200,9.049039999999998,9.57,68904.0
2025-05-23,000633,9100,6.506499999999999,6.59,59969.0
2025-05-26,000571,13000,4.58458,4.6,59799.99999999999
2025-05-26,000017,10800,6.656649999999999,6.73,72684.0
2025-05-26,000048,4000,16.146129999999996,15.79,63160.0
2025-05-26,000633,9100,6.506499999999999,6.62,60242.0
2025-05-26,000566,16100,5.885879999999999,5.4,86940.0
2025-05-26,000506,11500,7.397389999999999,7.6,87400.0
2025-05-26,000609,26000,2.95295,3.08,80080.0
2025-05-26,000639,22800,3.0330299999999997,3.02,68856.0
2025-05-26,000632,17700,3.5135099999999992,3.59,63543.0
2025-05-27,000571,13000,4.58458,4.5,58500.0
2025-05-27,000017,10800,6.656649999999999,6.87,74196.0
2025-05-27,000048,4000,16.146129999999996,15.46,61840.0
2025-05-27,000633,9100,6.506499999999999,6.81,61971.0
2025-05-27,000506,11500,7.397389999999999,7.49,86135.0
2025-05-27,000609,26000,2.95295,3.07,79820.0
2025-05-27,000639,22800,3.0330299999999997,3.32,75696.0
2025-05-27,000632,17700,3.5135099999999992,3.62,64074.0
2025-05-27,000659,19800,3.2732699999999997,3.35,66330.0
2025-05-27,000530,10900,5.355248298399999,5.409452,58963.0268
2025-05-28,000017,10800,6.656649999999999,7.03,75924.0
2025-05-28,000633,9100,6.506499999999999,6.48,58968.00000000001
2025-05-28,000506,11500,7.397389999999999,7.43,85445.0
2025-05-28,000609,26000,2.95295,3.22,83720.0
2025-05-28,000632,17700,3.5135099999999992,3.58,63366.0
2025-05-28,000659,19800,3.2732699999999997,3.28,64943.99999999999
2025-05-28,000530,10900,5.355248298399999,5.4690056,59612.16104
2025-05-28,000078,28000,2.5725699999999994,2.49,69720.0
2025-05-28,000639,19200,3.3733699999999995,3.45,66240.0
2025-05-28,000546,13100,4.44444,4.61,60391.00000000001
2025-05-29,000633,9100,6.506499999999999,6.6,60060.0
2025-05-29,000506,11500,7.397389999999999,7.07,81305.0
2025-05-29,000632,17700,3.5135099999999992,3.63,64251.0
2025-05-29,000659,19800,3.2732699999999997,3.24,64152.00000000001
2025-05-29,000530,10900,5.355248298399999,5.5285592,60261.29528
2025-05-29,000078,28000,2.5725699999999994,2.52,70560.0
2025-05-29,000639,19200,3.3733699999999995,3.37,64704.0
2025-05-29,000546,13100,4.44444,4.58,59998.0
2025-05-29,000609,20900,3.2732699999999997,3.38,70642.0
2025-05-29,000657,5700,10.800789999999997,11.18,63726.0
2025-05-30,000506,11500,7.397389999999999,7.37,84755.0
2025-05-30,000632,17700,3.5135099999999992,3.59,63543.0
2025-05-30,000659,19800,3.2732699999999997,3.23,63954.0
2025-05-30,000530,10900,5.355248298399999,5.3796752,58638.45968
2025-05-30,000078,28000,2.5725699999999994,2.61,73080.0
2025-05-30,000639,19200,3.3733699999999995,3.35,64320.0
2025-05-30,000546,13100,4.44444,4.48,58688.00000000001
2025-05-30,000609,20900,3.2732699999999997,3.39,70851.0
2025-05-30,000657,5700,10.800789999999997,11.15,63555.0
2025-05-30,000633,9300,6.6065999999999985,6.32,58776.0
2025-06-03,000659,19800,3.2732699999999997,3.15,62370.0
2025-06-03,000530,10900,5.355248298399999,5.3697496,58530.270639999995
2025-06-03,000078,28000,2.5725699999999994,2.66,74480.0
2025-06-03,000639,19200,3.3733699999999995,3.49,67008.0
2025-06-03,000546,13100,4.44444,4.45,58295.0
2025-06-03,000609,20900,3.2732699999999997,3.29,68761.0
2025-06-03,000657,5700,10.800789999999997,11.47,65379.00000000001
2025-06-03,000533,11900,6.356349999999999,6.47,76993.0
2025-06-03,000566,10900,6.246239999999999,6.73,73357.0
2025-06-03,000632,17200,3.5835799999999995,3.65,62780.0
2025-06-04,000078,28000,2.5725699999999994,2.63,73640.0
2025-06-04,000639,19200,3.3733699999999995,3.59,68928.0
2025-06-04,000609,20900,3.2732699999999997,3.32,69388.0
2025-06-04,000633,15800,6.296289999999999,6.26,98908.0
2025-06-04,000017,13300,6.996989999999999,7.28,96824.0
2025-06-04,000632,23000,3.6536499999999994,3.79,87170.0
2025-06-04,000533,11400,6.636629999999999,7.12,81168.0
2025-06-04,000657,5900,11.491479999999997,11.88,70092.0
2025-06-05,000609,20900,3.2732699999999997,3.19,66671.0
2025-06-05,000633,15800,6.296289999999999,6.23,98434.0
2025-06-05,000017,13300,6.996989999999999,7.15,95095.0
2025-06-05,000632,23000,3.6536499999999994,3.86,88780.0
2025-06-05,000657,5900,11.491479999999997,11.76,69384.0
2025-06-05,000426,5900,14.104089999999996,14.18,83662.0
2025-06-05,000572,18100,4.16416,4.17,75477.0
2025-06-05,000070,9900,6.816809999999998,6.85,67815.0
2025-06-05,000603,4400,13.92391,13.78,60632.0
2025-06-05,000523,15300,3.5835799999999995,3.48,53244.0
2025-06-06,000633,15800,6.296289999999999,6.12,96696.0
2025-06-06,000017,13300,6.996989999999999,7.11,94563.0
2025-06-06,000632,23000,3.6536499999999994,3.87,89010.0
2025-06-06,000657,5900,11.491479999999997,11.83,69797.0
2025-06-06,000426,5900,14.104089999999996,15.35,90565.0
2025-06-06,000572,18100,4.16416,4.15,75115.0
2025-06-06,000070,9900,6.816809999999998,7.04,69696.0
2025-06-06,000603,4400,13.92391,15.18,66792.0
2025-06-06,000523,15300,3.5835799999999995,3.44,52632.0
2025-06-06,000609,17600,3.1931899999999995,3.21,56496.0
2025-06-09,000633,15800,6.296289999999999,6.16,97328.0
2025-06-09,000017,13300,6.996989999999999,7.07,94031.0
2025-06-09,000632,23000,3.6536499999999994,3.91,89930.0
2025-06-09,000657,5900,11.491479999999997,11.85,69915.0
2025-06-09,000572,18100,4.16416,4.14,74934.0
2025-06-09,000070,9900,6.816809999999998,7.04,69696.0
2025-06-09,000523,15300,3.5835799999999995,3.45,52785.0
2025-06-09,000609,17600,3.1931899999999995,3.37,59312.0
2025-06-09,000603,4400,14.844829999999998,15.61,68684.0
2025-06-09,000546,12300,4.854849999999999,4.83,59409.0
2025-06-10,000017,13300,6.996989999999999,6.88,91504.0
2025-06-10,000632,23000,3.6536499999999994,3.85,88550.0
2025-06-10,000657,5900,11.491479999999997,11.8,69620.0
2025-06-10,000572,18100,4.16416,4.05,73305.0
2025-06-10,000070,9900,6.816809999999998,7.05,69795.0
2025-06-10,000609,17600,3.1931899999999995,3.1931899999999995,56200.14399999999
2025-06-10,000603,4400,14.844829999999998,15.67,68948.0
2025-06-10,000546,12300,4.854849999999999,4.96,61008.0
2025-06-10,000426,4200,16.1161,16.24,68208.0
2025-06-10,000639,17800,3.47347,3.57,63546.0
2025-06-11,000572,18100,4.16416,4.07,73667.0
2025-06-11,000070,9900,6.816809999999998,7.13,70587.0
2025-06-11,000603,4400,14.844829999999998,15.44,67936.0
2025-06-11,000546,12300,4.854849999999999,4.89,60146.99999999999
2025-06-11,000426,4200,16.1161,16.21,68082.0
2025-06-11,000639,17800,3.47347,3.52,62656.0
2025-06-11,000561,9800,8.858849999999999,8.89,87122.0
2025-06-11,000663,11800,6.596589999999999,6.58,77644.0
2025-06-11,000411,6500,10.72071,10.78,70070.0
2025-06-11,000593,10600,5.945939999999999,6.0,63600.0
2025-06-12,000603,4400,14.844829999999998,15.51,68244.0
2025-06-12,000546,12300,4.854849999999999,4.86,59778.00000000001
2025-06-12,000426,4200,16.1161,16.61,69762.0
2025-06-12,000639,17800,3.47347,3.52,62656.0
2025-06-12,000561,9800,8.858849999999999,8.81,86338.0
2025-06-12,000663,11800,6.596589999999999,6.64,78352.0
2025-06-12,000411,6500,10.72071,10.71,69615.0
2025-06-12,000593,10600,5.945939999999999,5.99,63494.0
2025-06-12,000609,19800,3.6036,3.5,69300.0
2025-06-12,000532,4200,15.285269999999997,15.35,64470.0
2025-06-13,000603,4400,14.844829999999998,15.52,68288.0
2025-06-13,000546,12300,4.854849999999999,4.71,57933.0
2025-06-13,000426,4200,16.1161,16.09,67578.0
2025-06-13,000639,17800,3.47347,3.31,58918.0
2025-06-13,000561,9800,8.858849999999999,9.12,89375.99999999999
2025-06-13,000663,11800,6.596589999999999,6.47,76346.0
2025-06-13,000411,6500,10.72071,10.53,68445.0
2025-06-13,000593,10600,5.945939999999999,5.92,62752.0
2025-06-13,000532,4200,15.285269999999997,14.69,61698.0
2025-06-13,000609,18400,3.5135099999999992,3.49,64216.00000000001
2025-06-16,000426,4200,16.1161,15.93,66906.0
2025-06-16,000561,9800,8.858849999999999,9.0,88200.0
2025-06-16,000663,11800,6.596589999999999,6.82,80476.0
2025-06-16,000411,6500,10.72071,10.47,68055.0
2025-06-16,000593,10600,5.945939999999999,5.95,63070.0
2025-06-16,000609,18400,3.5135099999999992,3.42,62928.0
2025-06-16,000657,6900,11.90189,11.88,81972.0
2025-06-16,000603,4800,15.29528,15.28,73344.0
2025-06-16,000639,19900,3.35335,3.34,66466.0
2025-06-16,000078,24000,2.5125099999999994,2.53,60719.99999999999
2025-06-17,000663,11800,6.596589999999999,6.86,80948.0
2025-06-17,000411,6500,10.72071,10.51,68315.0
2025-06-17,000593,10600,5.945939999999999,6.0,63600.0
2025-06-17,000609,18400,3.5135099999999992,3.42,62928.0
2025-06-17,000657,6900,11.90189,11.87,81903.0
2025-06-17,000603,4800,15.29528,15.49,74352.0
2025-06-17,000639,19900,3.35335,3.31,65869.0
2025-06-17,000078,24000,2.5125099999999994,2.53,60719.99999999999
2025-06-17,000561,7800,9.008999999999999,9.52,74256.0
2025-06-17,000017,8900,7.117109999999999,7.08,63012.0
2025-06-18,000657,6900,11.90189,11.89,82041.0
2025-06-18,000603,4800,15.29528,15.86,76128.0
2025-06-18,000639,19900,3.35335,3.22,64078.00000000001
2025-06-18,000078,24000,2.5125099999999994,2.45,58800.00000000001
2025-06-18,000561,7800,9.008999999999999,9.41,73398.0
2025-06-18,000609,26700,3.4033999999999995,3.32,88644.0
2025-06-18,000017,11600,7.047039999999999,6.8,78880.0
2025-06-18,000663,10300,7.107099999999999,6.56,67568.0
2025-06-18,000510,12700,5.225219999999999,5.16,65532.0
2025-06-18,000533,8400,7.097089999999999,6.95,58380.0
2025-06-19,000657,6900,11.90189,11.78,81282.0
2025-06-19,000603,4800,15.29528,14.93,71664.0
2025-06-19,000561,7800,9.008999999999999,8.98,70044.0
2025-06-19,000510,12700,5.225219999999999,5.0,63500.0
2025-06-19,000017,14000,6.746739999999999,6.45,90300.0
2025-06-19,000609,25500,3.3433399999999995,3.19,81345.0
2025-06-19,000533,11000,6.936929999999999,6.59,72490.0
2025-06-19,000632,18600,3.71371,3.61,67146.0
2025-06-19,000639,19300,3.2132099999999997,3.11,60023.0
2025-06-20,000657,6900,11.90189,11.55,79695.0
2025-06-20,000603,4800,15.29528,14.83,71184.0
2025-06-20,000632,18600,3.71371,3.58,66588.0
2025-06-20,000639,19300,3.2132099999999997,3.09,59637.0
2025-06-20,000561,10500,8.868859999999998,8.53,89565.0
2025-06-20,000017,13000,6.426419999999999,6.36,82680.0
2025-06-20,000506,8300,9.099089999999999,9.01,74783.0
2025-06-20,000609,21200,3.2032,3.2,67840.0
2025-06-20,000663,9100,6.686679999999999,6.48,58968.00000000001
2025-06-23,000632,18600,3.71371,3.73,69378.0
2025-06-23,000561,10500,8.868859999999998,9.38,98490.00000000001
2025-06-23,000017,13000,6.426419999999999,6.52,84760.0
2025-06-23,000506,8300,9.099089999999999,9.25,76775.0
2025-06-23,000609,21200,3.2032,3.27,69324.0
2025-06-23,000663,9100,6.686679999999999,6.59,59969.0
2025-06-23,000533,11700,6.496489999999999,6.77,79209.0
2025-06-23,000530,12500,5.46453908,5.5980384,69975.48
2025-06-23,000426,4000,15.095079999999998,15.22,60880.0
2025-06-23,000407,15400,3.5935899999999994,3.55,54670.0
2025-06-24,000632,18600,3.71371,3.81,70866.0
2025-06-24,000017,13000,6.426419999999999,6.54,85020.0
2025-06-24,000506,8300,9.099089999999999,9.02,74866.0
2025-06-24,000609,21200,3.2032,3.33,70596.0
2025-06-24,000663,9100,6.686679999999999,6.66,60606.0
2025-06-24,000533,11700,6.496489999999999,6.97,81549.0
2025-06-24,000530,12500,5.46453908,5.6774432,70968.04
2025-06-24,000426,4000,15.095079999999998,15.18,60720.0
2025-06-24,000561,6800,9.53953,9.68,65824.0
2025-06-24,000593,9800,6.016009999999999,6.05,59290.0
2025-06-25,000632,18600,3.71371,3.86,71796.0
2025-06-25,000017,13000,6.426419999999999,6.4,83200.0
2025-06-25,000506,8300,9.099089999999999,8.99,74617.0
2025-06-25,000609,21200,3.2032,3.21,68052.0
2025-06-25,000663,9100,6.686679999999999,6.65,60515.0
2025-06-25,000533,11700,6.496489999999999,6.94,81198.0
2025-06-25,000530,12500,5.46453908,5.7866248,72332.81
2025-06-25,000426,4000,15.095079999999998,15.23,60920.0
2025-06-25,000593,9800,6.016009999999999,6.09,59682.0
2025-06-25,000572,13600,4.4044,4.34,59024.0
2025-06-26,000017,13000,6.426419999999999,6.36,82680.0
2025-06-26,000506,8300,9.099089999999999,8.82,73206.0
2025-06-26,000609,21200,3.2032,3.29,69748.0
2025-06-26,000663,9100,6.686679999999999,6.73,61243.00000000001
2025-06-26,000533,11700,6.496489999999999,6.88,80496.0
2025-06-26,000530,12500,5.46453908,5.7965504,72456.88
2025-06-26,000426,4000,15.095079999999998,15.39,61560.0
2025-06-26,000593,9800,6.016009999999999,6.04,59192.0
2025-06-26,000546,13700,4.9049,4.91,67267.0
2025-06-26,000036,16400,3.6936899999999997,3.64,59696.0
2025-06-27,000533,11700,6.496489999999999,6.94,81198.0
2025-06-27,000530,12500,5.46453908,5.8362528,72953.15999999999
2025-06-27,000426,4000,15.095079999999998,16.0,64000.0
2025-06-27,000593,9800,6.016009999999999,5.98,58604.00000000001
2025-06-27,000546,13700,4.9049,4.97,68089.0
2025-06-27,000036,16400,3.6936899999999997,3.67,60188.0
2025-06-27,000632,19500,4.25425,4.05,78975.0
2025-06-27,000639,23400,3.2031999999999994,3.22,75348.0
2025-06-27,000609,20500,3.2832799999999995,3.27,67035.0
2025-06-27,000547,7600,7.967959999999999,8.14,61864.00000000001
2025-06-30,000593,9800,6.016009999999999,6.02,58995.99999999999
2025-06-30,000546,13700,4.9049,4.97,68089.0
2025-06-30,000036,16400,3.6936899999999997,3.65,59860.0
2025-06-30,000639,23400,3.2031999999999994,3.22,75348.0
2025-06-30,000609,20500,3.2832799999999995,3.35,68675.0
2025-06-30,000547,7600,7.967959999999999,8.4,63840.0
2025-06-30,000070,10500,7.97797,7.88,82740.0
2025-06-30,000506,7900,9.56956,9.82,77578.0
2025-06-30,000533,9800,6.956949999999998,6.97,68306.0
2025-06-30,000572,13800,4.44444,4.44,61272.00000000001
2025-07-01,000546,13700,4.9049,4.92,67404.0
2025-07-01,000036,16400,3.6936899999999997,3.7,60680.0
2025-07-01,000639,23400,3.2031999999999994,3.23,75582.0
2025-07-01,000609,20500,3.2832799999999995,3.35,68675.0
2025-07-01,000547,7600,7.967959999999999,8.36,63535.99999999999
2025-07-01,000070,10500,7.97797,8.13,85365.00000000001
2025-07-01,000506,7900,9.56956,9.49,74971.0
2025-07-01,000533,9800,6.956949999999998,7.05,69090.0
2025-07-01,000572,13800,4.44444,4.55,62790.0
2025-07-01,000663,8800,6.926919999999999,7.01,61688.0
2025-07-02,000546,13700,4.9049,5.05,69185.0
2025-07-02,000036,16400,3.6936899999999997,3.68,60352.0
2025-07-02,000639,23400,3.2031999999999994,3.28,76752.0
2025-07-02,000609,20500,3.2832799999999995,3.28,67240.0
2025-07-02,000547,7600,7.967959999999999,8.12,61711.99999999999
2025-07-02,000070,10500,7.97797,8.13,85365.00000000001
2025-07-02,000506,7900,9.56956,9.52,75208.0
2025-07-02,000533,9800,6.956949999999998,7.17,70266.0
2025-07-02,000572,13800,4.44444,4.51,62238.0
2025-07-02,000663,8800,6.926919999999999,6.96,61248.0
2025-07-03,000639,23400,3.2031999999999994,3.27,76518.0
2025-07-03,000609,20500,3.2832799999999995,3.24,66420.0
2025-07-03,000547,7600,7.967959999999999,8.16,62016.0
2025-07-03,000070,10500,7.97797,7.95,83475.0
2025-07-03,000506,7900,9.56956,9.56,75524.0
2025-07-03,000533,9800,6.956949999999998,7.11,69678.0
2025-07-03,000572,13800,4.44444,4.59,63342.0
2025-07-03,000663,8800,6.926919999999999,7.06,62128.0
2025-07-03,000546,13400,5.045039999999999,5.05,67670.0
2025-07-03,000510,12000,5.08508,5.2,62400.0
2025-07-04,000070,10500,7.97797,8.04,84419.99999999999
2025-07-04,000506,7900,9.56956,9.52,75208.0
2025-07-04,000533,9800,6.956949999999998,6.92,67816.0
2025-07-04,000572,13800,4.44444,4.53,62514.0
2025-07-04,000663,8800,6.926919999999999,7.03,61864.0
2025-07-04,000546,13400,5.045039999999999,4.93,66062.0
2025-07-04,000510,12000,5.08508,5.14,61679.99999999999
2025-07-04,000534,4900,15.24523,14.84,72716.0
2025-07-04,000426,4000,16.696679999999997,16.83,67320.0
2025-07-04,000536,13700,4.46446,4.33,59321.0
2025-07-07,000663,8800,6.926919999999999,7.03,61864.0
2025-07-07,000546,13400,5.045039999999999,4.89,65525.99999999999
2025-07-07,000510,12000,5.08508,5.06,60719.99999999999
2025-07-07,000426,4000,16.696679999999997,16.94,67760.0
2025-07-07,000536,13700,4.46446,4.33,59321.0
2025-07-07,000559,11400,7.937929999999999,7.78,88692.0
2025-07-07,000506,8600,9.429419999999999,9.84,84624.0
2025-07-07,000603,4900,14.90489,14.99,73451.0
2025-07-07,000657,5500,12.06205,11.99,65945.0
2025-07-07,000078,22500,2.66266,2.67,60075.0
2025-07-08,000546,13400,5.045039999999999,5.0,67000.0
2025-07-08,000510,12000,5.08508,5.08,60960.0
2025-07-08,000426,4000,16.696679999999997,16.87,67480.0
2025-07-08,000536,13700,4.46446,4.47,61239.0
2025-07-08,000559,11400,7.937929999999999,8.09,92226.0
2025-07-08,000603,4900,14.90489,15.0,73500.0
2025-07-08,000657,5500,12.06205,12.07,66385.0
2025-07-08,000078,22500,2.66266,2.66,59850.0
2025-07-08,000506,6800,10.050039999999997,10.44,70992.0
2025-07-08,000572,13400,4.624619999999999,4.67,62578.0
2025-07-09,000546,13400,5.045039999999999,5.02,67268.0
2025-07-09,000510,12000,5.08508,5.06,60719.99999999999
2025-07-09,000426,4000,16.696679999999997,16.55,66200.0
2025-07-09,000536,13700,4.46446,4.39,60142.99999999999
2025-07-09,000559,11400,7.937929999999999,7.94,90516.0
2025-07-09,000603,4900,14.90489,14.62,71638.0
2025-07-09,000657,5500,12.06205,11.94,65670.0
2025-07-09,000078,22500,2.66266,2.63,59175.0
2025-07-09,000506,6800,10.050039999999997,10.4,70720.0
2025-07-09,000572,13400,4.624619999999999,4.53,60702.0
2025-07-10,000426,4000,16.696679999999997,16.77,67080.0
2025-07-10,000536,13700,4.46446,4.44,60828.00000000001
2025-07-10,000559,11400,7.937929999999999,7.82,89148.0
2025-07-10,000603,4900,14.90489,14.58,71442.0
2025-07-10,000657,5500,12.06205,12.08,66440.0
2025-07-10,000078,22500,2.66266,2.65,59625.0
2025-07-10,000506,6800,10.050039999999997,10.81,73508.0
2025-07-10,000572,13400,4.624619999999999,4.55,60970.0
2025-07-10,000592,22100,3.1031,3.11,68731.0
2025-07-10,000070,7900,7.757749999999999,7.74,61146.0
2025-07-11,000559,11400,7.937929999999999,7.84,89376.0
2025-07-11,000603,4900,14.90489,15.48,75852.0
2025-07-11,000657,5500,12.06205,12.46,68530.0
2025-07-11,000078,22500,2.66266,2.66,59850.0
2025-07-11,000506,6800,10.050039999999997,10.33,70244.0
2025-07-11,000572,13400,4.624619999999999,4.45,59630.0
2025-07-11,000592,22100,3.1031,3.09,68289.0
2025-07-11,000070,7900,7.757749999999999,7.72,60988.0
2025-07-11,000620,39800,1.7217199999999997,1.71,68058.0
2025-07-11,000048,3800,15.945929999999999,15.66,59508.0
2025-07-14,000506,6800,10.050039999999997,10.7,72760.0
2025-07-14,000572,13400,4.624619999999999,4.47,59898.0
2025-07-14,000592,22100,3.1031,3.05,67405.0
2025-07-14,000070,7900,7.757749999999999,7.53,59487.0
2025-07-14,000620,39800,1.7217199999999997,1.67,66466.0
2025-07-14,000048,3800,15.945929999999999,15.87,60306.0
2025-07-14,000561,8600,9.859849999999998,9.84,84624.0
2025-07-14,000657,6100,12.612599999999997,12.68,77348.0
2025-07-14,000603,4200,16.396379999999997,16.53,69426.0
2025-07-14,000534,4300,14.324309999999999,14.39,61877.0
2025-07-15,000592,22100,3.1031,3.01,66521.0
2025-07-15,000070,7900,7.757749999999999,7.74,61146.0
2025-07-15,000048,3800,15.945929999999999,15.67,59546.0
2025-07-15,000657,6100,12.612599999999997,12.56,76616.0
2025-07-15,000603,4200,16.396379999999997,16.06,67452.0
2025-07-15,000534,4300,14.324309999999999,14.19,61017.0
2025-07-15,000426,4600,17.93792,18.38,84548.0
2025-07-15,000546,14800,5.11511,4.93,72964.0
2025-07-15,000620,41100,1.6616599999999995,1.63,66993.0
2025-07-15,000566,9900,6.16616,6.01,59499.0
2025-07-16,000592,22100,3.1031,3.01,66521.0
2025-07-16,000070,7900,7.757749999999999,7.64,60356.0
2025-07-16,000048,3800,15.945929999999999,15.57,59166.0
2025-07-16,000657,6100,12.612599999999997,13.05,79605.0
2025-07-16,000534,4300,14.324309999999999,14.12,60716.0
2025-07-16,000426,4600,17.93792,17.7,81420.0
2025-07-16,000620,41100,1.6616599999999995,1.63,66993.0
2025-07-16,000566,9900,6.16616,6.22,61578.0
2025-07-16,000633,11500,5.99599,6.01,69115.0
2025-07-16,000561,6500,9.439429999999998,9.49,61685.0
2025-07-17,000048,3800,15.945929999999999,15.56,59128.0
2025-07-17,000657,6100,12.612599999999997,13.2,80520.0
2025-07-17,000534,4300,14.324309999999999,14.84,63812.0
2025-07-17,000426,4600,17.93792,17.69,81374.0
2025-07-17,000620,41100,1.6616599999999995,1.62,66582.0
2025-07-17,000566,9900,6.16616,6.64,65736.0
2025-07-17,000633,11500,5.99599,6.05,69575.0
2025-07-17,000561,6500,9.439429999999998,9.69,62985.0
2025-07-17,000571,14400,4.764759999999999,4.74,68256.0
2025-07-17,000505,9000,6.856849999999999,6.87,61830.0
2025-07-18,000534,4300,14.324309999999999,14.9,64070.0
2025-07-18,000426,4600,17.93792,17.93,82478.0
2025-07-18,000620,41100,1.6616599999999995,1.63,66993.0
2025-07-18,000566,9900,6.16616,6.58,65142.0
2025-07-18,000633,11500,5.99599,6.05,69575.0
2025-07-18,000561,6500,9.439429999999998,9.74,63310.0
2025-07-18,000571,14400,4.764759999999999,4.72,67968.0
2025-07-18,000505,9000,6.856849999999999,7.04,63360.0
2025-07-18,000572,14700,4.75475,4.76,69972.0
2025-07-18,000609,18900,3.3333299999999997,3.22,60858.00000000001
2025-07-21,000426,4600,17.93792,18.01,82846.0
2025-07-21,000620,41100,1.6616599999999995,1.65,67815.0
2025-07-21,000633,11500,5.99599,6.16,70840.0
2025-07-21,000561,6500,9.439429999999998,9.82,63830.0
2025-07-21,000571,14400,4.764759999999999,4.84,69696.0
2025-07-21,000505,9000,6.856849999999999,7.26,65340.0
2025-07-21,000572,14700,4.75475,4.8,70560.0
2025-07-21,000609,18900,3.3333299999999997,3.18,60102.0
2025-07-21,000546,11700,5.945939999999999,5.6,65519.99999999999
2025-07-21,000530,9600,6.49649,6.54,62784.0
2025-07-22,000633,11500,5.99599,6.14,70610.0
2025-07-22,000561,6500,9.439429999999998,9.9,64350.0
2025-07-22,000571,14400,4.764759999999999,4.92,70848.0
2025-07-22,000505,9000,6.856849999999999,7.2,64800.0
2025-07-22,000572,14700,4.75475,4.78,70266.0
2025-07-22,000530,9600,6.49649,6.44,61824.00000000001
2025-07-22,000639,25300,3.3333299999999997,3.34,84502.0
2025-07-22,000603,4600,16.486469999999997,16.21,74566.0
2025-07-22,000566,10000,6.816809999999999,6.97,69700.0
2025-07-22,000632,15000,4.104099999999999,4.06,60899.99999999999
2025-07-23,000571,14400,4.764759999999999,4.76,68544.0
2025-07-23,000505,9000,6.856849999999999,6.82,61380.0
2025-07-23,000530,9600,6.49649,6.51,62496.0
2025-07-23,000639,25300,3.3333299999999997,3.29,83237.0
2025-07-23,000603,4600,16.486469999999997,16.62,76452.0
2025-07-23,000566,10000,6.816809999999999,6.53,65300.0
2025-07-23,000632,15000,4.104099999999999,4.03,60450.00000000001
2025-07-23,000048,4600,16.216199999999997,15.98,73508.0
2025-07-23,000561,6800,9.919909999999998,9.58,65144.0
2025-07-23,000572,12900,4.75475,4.47,57663.0
2025-07-24,000530,9600,6.49649,6.79,65184.0
2025-07-24,000639,25300,3.3333299999999997,3.36,85008.0
2025-07-24,000603,4600,16.486469999999997,16.33,75117.99999999999
2025-07-24,000566,10000,6.816809999999999,7.18,71800.0
2025-07-24,000632,15000,4.104099999999999,4.13,61950.0
2025-07-24,000048,4600,16.216199999999997,16.06,73876.0
2025-07-24,000561,6800,9.919909999999998,9.78,66504.0
2025-07-24,000659,27000,2.7327299999999997,2.84,76680.0
2025-07-24,000533,9400,7.0570499999999985,7.11,66834.0
2025-07-24,000546,11200,5.345339999999999,5.65,63280.00000000001
2025-07-25,000530,9600,6.49649,6.65,63840.0
2025-07-25,000639,25300,3.3333299999999997,3.31,83743.0
2025-07-25,000603,4600,16.486469999999997,16.05,73830.0
2025-07-25,000566,10000,6.816809999999999,6.74,67400.0
2025-07-25,000632,15000,4.104099999999999,4.11,61650.00000000001
2025-07-25,000048,4600,16.216199999999997,16.05,73830.0
2025-07-25,000561,6800,9.919909999999998,9.71,66028.0
2025-07-25,000659,27000,2.7327299999999997,2.8,75600.0
2025-07-25,000533,9400,7.0570499999999985,6.91,64954.0
2025-07-25,000546,11200,5.345339999999999,5.63,63056.0
2025-07-28,000639,25300,3.3333299999999997,3.29,83237.0
2025-07-28,000566,10000,6.816809999999999,6.71,67100.0
2025-07-28,000632,15000,4.104099999999999,4.15,62250.00000000001
2025-07-28,000048,4600,16.216199999999997,15.87,73002.0
2025-07-28,000561,6800,9.919909999999998,10.11,68748.0
2025-07-28,000659,27000,2.7327299999999997,2.76,74520.0
2025-07-28,000533,9400,7.0570499999999985,6.96,65424.0
2025-07-28,000546,11200,5.345339999999999,5.45,61040.0
2025-07-28,000530,10100,6.626619999999999,6.5,65650.0
2025-07-28,000571,12800,4.744739999999999,4.76,60928.0
2025-07-29,000048,4600,16.216199999999997,15.61,71806.0
2025-07-29,000561,6800,9.919909999999998,10.15,69020.0
2025-07-29,000659,27000,2.7327299999999997,2.77,74790.0
2025-07-29,000533,9400,7.0570499999999985,6.85,64390.0
2025-07-29,000546,11200,5.345339999999999,5.37,60144.0
2025-07-29,000530,10100,6.626619999999999,6.41,64741.0
2025-07-29,000571,12800,4.744739999999999,4.71,60288.0
2025-07-29,000593,11600,6.526519999999999,6.42,74472.0
2025-07-29,000551,6000,11.321309999999997,11.16,66960.0
2025-07-29,000566,9100,6.756749999999999,6.66,60606.0
2025-07-30,000659,27000,2.7327299999999997,2.75,74250.0
2025-07-30,000533,9400,7.0570499999999985,6.75,63450.0
2025-07-30,000546,11200,5.345339999999999,5.25,58800.0
2025-07-30,000571,12800,4.744739999999999,4.68,59904.0
2025-07-30,000593,11600,6.526519999999999,6.41,74356.0
2025-07-30,000551,6000,11.321309999999997,11.02,66120.0
2025-07-30,000566,9100,6.756749999999999,6.55,59605.0
2025-07-30,000561,7400,10.240229999999999,9.97,73778.0
2025-07-30,000505,10000,6.82682,6.85,68500.0
2025-07-30,000603,3800,15.835819999999998,15.61,59318.0
2025-07-31,000571,12800,4.744739999999999,4.52,57855.99999999999
2025-07-31,000593,11600,6.526519999999999,6.25,72500.0
2025-07-31,000551,6000,11.321309999999997,10.96,65760.0
2025-07-31,000561,7400,10.240229999999999,9.9,73260.0
2025-07-31,000505,10000,6.82682,6.67,66700.0
2025-07-31,000426,4900,17.627609999999997,17.46,85554.0
2025-07-31,000547,9500,8.17817,8.14,77330.0
2025-07-31,000620,41600,1.6816799999999998,1.63,67808.0
2025-07-31,000546,12100,5.215209999999999,5.15,62315.00000000001
2025-07-31,000566,8600,6.53653,6.42,55212.0
2025-08-01,000593,11600,6.526519999999999,6.38,74008.0
2025-08-01,000551,6000,11.321309999999997,11.06,66360.0
2025-08-01,000505,10000,6.82682,6.65,66500.0
2025-08-01,000426,4900,17.627609999999997,17.84,87416.0
2025-08-01,000547,9500,8.17817,8.1,76950.0
2025-08-01,000620,41600,1.6816799999999998,1.62,67392.0
2025-08-01,000546,12100,5.215209999999999,5.16,62436.0
2025-08-01,000566,8600,6.53653,6.45,55470.0
2025-08-01,000506,6400,9.999989999999999,10.2,65279.99999999999
2025-08-01,000603,3800,14.97496,15.1,57380.0
2025-08-04,000593,11600,6.526519999999999,6.51,75516.0
2025-08-04,000551,6000,11.321309999999997,11.05,66300.0
2025-08-04,000505,10000,6.82682,6.66,66600.0
2025-08-04,000426,4900,17.627609999999997,18.53,90797.0
2025-08-04,000547,9500,8.17817,8.3,78850.0
2025-08-04,000620,41600,1.6816799999999998,1.62,67392.0
2025-08-04,000546,12100,5.215209999999999,5.15,62315.00000000001
2025-08-04,000566,8600,6.53653,6.56,56416.0
2025-08-04,000506,6400,9.999989999999999,10.47,67008.0
2025-08-04,000603,3800,14.97496,15.74,59812.0
2025-08-05,000505,10000,6.82682,6.71,67100.0
2025-08-05,000426,4900,17.627609999999997,18.63,91287.0
2025-08-05,000547,9500,8.17817,8.36,79420.0
2025-08-05,000620,41600,1.6816799999999998,1.63,67808.0
2025-08-05,000546,12100,5.215209999999999,5.2,62920.0
2025-08-05,000566,8600,6.53653,6.5,55900.0
2025-08-05,000506,6400,9.999989999999999,10.18,65152.0
2025-08-05,000603,3800,14.97496,15.8,60040.0
2025-08-05,000609,19800,3.34334,3.24,64152.00000000001
2025-08-05,000561,5700,10.430419999999998,10.37,59108.99999999999
2025-08-06,000426,4900,17.627609999999997,18.95,92855.0
2025-08-06,000547,9500,8.17817,8.53,81035.0
2025-08-06,000620,41600,1.6816799999999998,1.63,67808.0
2025-08-06,000546,12100,5.215209999999999,5.19,62799.00000000001
2025-08-06,000566,8600,6.53653,6.38,54868.0
2025-08-06,000506,6400,9.999989999999999,10.38,66432.0
2025-08-06,000603,3800,14.97496,15.9,60420.0
2025-08-06,000609,19800,3.34334,3.28,64943.99999999999
2025-08-06,000561,5700,10.430419999999998,10.49,59793.0
2025-08-06,000571,12600,4.764759999999999,4.74,59724.0
2025-08-07,000506,6400,9.999989999999999,10.63,68032.0
2025-08-07,000603,3800,14.97496,15.91,60458.0
2025-08-07,000609,19800,3.34334,3.28,64943.99999999999
2025-08-07,000561,5700,10.430419999999998,10.38,59166.00000000001
2025-08-07,000571,12600,4.764759999999999,4.69,59094.00000000001
2025-08-07,000547,10500,8.538529999999998,8.51,89355.0
2025-08-07,000551,6900,11.651639999999999,11.68,80592.0
2025-08-07,000566,11400,6.386379999999999,6.31,71934.0
2025-08-07,000633,10400,6.296289999999999,6.37,66248.0
2025-08-07,000533,7900,7.507499999999999,7.56,59724.0
2025-08-08,000609,19800,3.34334,3.26,64547.99999999999
2025-08-08,000561,5700,10.430419999999998,10.38,59166.00000000001
2025-08-08,000571,12600,4.764759999999999,4.68,58968.0
2025-08-08,000547,10500,8.538529999999998,8.58,90090.0
2025-08-08,000551,6900,11.651639999999999,11.91,82179.0
2025-08-08,000566,11400,6.386379999999999,6.32,72048.0
2025-08-08,000633,10400,6.296289999999999,6.6,68640.0
2025-08-08,000533,7900,7.507499999999999,7.75,61225.0
2025-08-08,000659,21800,3.043039999999999,3.0,65400.0
2025-08-08,000506,5400,10.880869999999998,10.45,56429.99999999999
2025-08-11,000609,19800,3.34334,3.19,63162.0
2025-08-11,000561,5700,10.430419999999998,10.33,58881.0
2025-08-11,000571,12600,4.764759999999999,4.67,58842.0
2025-08-11,000547,10500,8.538529999999998,8.76,91980.0
2025-08-11,000551,6900,11.651639999999999,12.12,83628.0
2025-08-11,000566,11400,6.386379999999999,6.34,72276.0
2025-08-11,000633,10400,6.296289999999999,6.55,68120.0
2025-08-11,000533,7900,7.507499999999999,7.9,62410.0
2025-08-11,000659,21800,3.043039999999999,3.09,67362.0
2025-08-11,000572,12700,4.65465,4.67,59309.0
2025-08-12,000571,12600,4.764759999999999,4.67,58842.0
2025-08-12,000551,6900,11.651639999999999,12.09,83421.0
2025-08-12,000566,11400,6.386379999999999,6.28,71592.0
2025-08-12,000633,10400,6.296289999999999,6.53,67912.0
2025-08-12,000533,7900,7.507499999999999,7.67,60593.0
2025-08-12,000659,21800,3.043039999999999,3.1,67580.0
2025-08-12,000572,12700,4.65465,4.63,58801.0
2025-08-12,000070,8000,9.38938,9.08,72640.0
2025-08-12,000547,7600,8.88888,9.1,69160.0
2025-08-12,000536,12200,5.025019999999999,5.11,62342.00000000001
2025-08-13,000551,6900,11.651639999999999,12.08,83352.0
2025-08-13,000566,11400,6.386379999999999,6.2,70680.0
2025-08-13,000633,10400,6.296289999999999,6.56,68224.0
2025-08-13,000533,7900,7.507499999999999,7.64,60356.0
2025-08-13,000659,21800,3.043039999999999,3.04,66272.0
2025-08-13,000572,12700,4.65465,4.61,58547.00000000001
2025-08-13,000070,8000,9.38938,9.99,79920.0
2025-08-13,000547,7600,8.88888,9.23,70148.0
2025-08-13,000536,12200,5.025019999999999,5.06,61731.99999999999
2025-08-13,000036,15400,3.9639599999999997,3.94,60676.0
2025-08-14,000659,21800,3.043039999999999,2.96,64528.0
2025-08-14,000572,12700,4.65465,4.46,56642.0
2025-08-14,000547,7600,8.88888,8.74,66424.0
2025-08-14,000536,12200,5.025019999999999,4.85,59169.99999999999
2025-08-14,000036,15400,3.9639599999999997,4.07,62678.00000000001
2025-08-14,000639,27500,3.31331,3.21,88275.0
2025-08-14,000411,7100,11.511499999999996,11.2,79520.0
2025-08-14,000017,11300,6.53653,6.4,72320.0
2025-08-14,000592,22000,3.0330299999999997,2.98,65560.0
2025-08-14,000603,3700,16.02601,15.79,58423.0
2025-08-15,000572,12700,4.65465,4.5,57150.0
2025-08-15,000547,7600,8.88888,8.69,66044.0
2025-08-15,000536,12200,5.025019999999999,4.85,59169.99999999999
2025-08-15,000036,15400,3.9639599999999997,4.13,63602.0
2025-08-15,000639,27500,3.31331,3.21,88275.0
2025-08-15,000411,7100,11.511499999999996,11.31,80301.0
2025-08-15,000017,11300,6.53653,6.42,72546.0
2025-08-15,000592,22000,3.0330299999999997,3.01,66220.0
2025-08-15,000603,3700,16.02601,15.75,58275.0
2025-08-15,000534,3700,16.36635,16.67,61679.00000000001
2025-08-18,000547,7600,8.88888,8.66,65816.0
2025-08-18,000536,12200,5.025019999999999,4.92,60024.0
2025-08-18,000036,15400,3.9639599999999997,4.07,62678.00000000001
2025-08-18,000639,27500,3.31331,3.23,88825.0
2025-08-18,000411,7100,11.511499999999996,11.31,80301.0
2025-08-18,000017,11300,6.53653,6.51,73563.0
2025-08-18,000592,22000,3.0330299999999997,3.06,67320.0
2025-08-18,000603,3700,16.02601,15.87,58719.0
2025-08-18,000534,3700,16.36635,16.62,61494.00000000001
2025-08-18,000510,11300,5.305299999999999,5.26,59438.0
2025-08-19,000036,15400,3.9639599999999997,4.15,63910.00000000001
2025-08-19,000639,27500,3.31331,3.28,90200.0
2025-08-19,000411,7100,11.511499999999996,11.39,80869.0
2025-08-19,000017,11300,6.53653,6.57,74241.0
2025-08-19,000592,22000,3.0330299999999997,3.08,67760.0
2025-08-19,000603,3700,16.02601,15.83,58571.0
2025-08-19,000534,3700,16.36635,16.74,61937.99999999999
2025-08-19,000510,11300,5.305299999999999,5.37,60681.0
2025-08-19,000609,20200,3.29329,3.3,66660.0
2025-08-19,000633,8700,6.906899999999999,7.03,61161.0
2025-08-20,000639,27500,3.31331,3.35,92125.0
2025-08-20,000411,7100,11.511499999999996,11.41,81011.0
2025-08-20,000017,11300,6.53653,6.84,77292.0
2025-08-20,000592,22000,3.0330299999999997,3.09,67980.0
2025-08-20,000603,3700,16.02601,15.93,58941.0
2025-08-20,000534,3700,16.36635,17.55,64935.0
2025-08-20,000609,20200,3.29329,3.47,70094.0
2025-08-20,000633,8700,6.906899999999999,7.26,63162.0
2025-08-20,000559,8500,7.8978899999999985,8.1,68850.0
2025-08-20,000530,8900,6.766759999999999,6.78,60342.0
2025-08-21,000534,3700,16.36635,17.2,63640.0
2025-08-21,000633,8700,6.906899999999999,6.89,59943.0
2025-08-21,000559,8500,7.8978899999999985,7.96,67660.0
2025-08-21,000530,8900,6.766759999999999,6.69,59541.0
2025-08-21,000536,16400,6.086079999999999,5.72,93808.0
2025-08-21,000639,26900,3.3433399999999995,3.31,89039.0
2025-08-21,000609,22300,3.6436399999999995,3.64,81172.0
2025-08-21,000036,16600,4.39439,4.45,73870.0
2025-08-21,000620,39600,1.6616599999999997,1.66,65736.0
2025-08-22,000633,8700,6.906899999999999,6.88,59856.0
2025-08-22,000559,8500,7.8978899999999985,7.97,67745.0
2025-08-22,000530,8900,6.766759999999999,6.66,59274.0
2025-08-22,000639,26900,3.3433399999999995,3.29,88501.0
2025-08-22,000609,22300,3.6436399999999995,3.82,85186.0
2025-08-22,000036,16600,4.39439,4.36,72376.0
2025-08-22,000620,39600,1.6616599999999997,1.65,65340.0
2025-08-22,000632,18100,4.144139999999999,4.1,74210.0
2025-08-22,000510,12000,5.605599999999998,5.66,67920.0
2025-08-22,000551,4900,12.27226,12.22,59878.0
2025-08-25,000633,8700,6.906899999999999,6.94,60378.0
2025-08-25,000559,8500,7.8978899999999985,7.94,67490.0
2025-08-25,000530,8900,6.766759999999999,6.69,59541.0
2025-08-25,000639,26900,3.3433399999999995,3.31,89039.0
2025-08-25,000036,16600,4.39439,4.61,76526.0
2025-08-25,000620,39600,1.6616599999999997,1.7,67320.0
2025-08-25,000632,18100,4.144139999999999,4.12,74572.0
2025-08-25,000510,12000,5.605599999999998,5.58,66960.0
2025-08-25,000551,4900,12.27226,12.01,58849.0
2025-08-25,000609,15800,4.014009999999999,4.01,63358.0
2025-08-26,000559,8500,7.8978899999999985,7.98,67830.0
2025-08-26,000530,8900,6.766759999999999,6.7,59630.0
2025-08-26,000639,26900,3.3433399999999995,3.33,89577.0
2025-08-26,000036,16600,4.39439,4.56,75696.0
2025-08-26,000620,39600,1.6616599999999997,1.69,66924.0
2025-08-26,000632,18100,4.144139999999999,4.22,76382.0
2025-08-26,000510,12000,5.605599999999998,5.48,65760.0
2025-08-26,000551,4900,12.27226,12.09,59241.0
2025-08-26,000609,15800,4.014009999999999,4.21,66518.0
2025-08-26,000592,18400,3.43343,3.52,64768.0
2025-08-27,000639,26900,3.3433399999999995,3.21,86349.0
2025-08-27,000036,16600,4.39439,4.29,71214.0
2025-08-27,000620,39600,1.6616599999999997,1.62,64152.00000000001
2025-08-27,000632,18100,4.144139999999999,4.01,72581.0
2025-08-27,000551,4900,12.27226,11.68,57232.0
2025-08-27,000572,18800,4.774769999999999,4.74,89112.0
2025-08-27,000593,11800,6.86686,6.61,77998.0
2025-08-27,000407,19500,3.733729999999999,3.6,70200.0
2025-08-27,000048,3900,16.64663,16.21,63219.0
2025-08-27,000534,3400,17.087069999999997,16.27,55318.0
2025-08-28,000592,25700,3.8838799999999996,3.63,93291.0
2025-08-28,000048,6100,16.17616,16.06,97965.99999999999
2025-08-28,000533,13400,7.417409999999999,7.47,100098.0
2025-08-28,000407,25800,3.5935899999999994,3.66,94428.0
2025-08-28,000532,5200,15.90589,16.06,83512.0
2025-08-29,000048,6100,16.17616,15.76,96136.0
2025-08-29,000533,13400,7.417409999999999,7.26,97284.0
2025-08-29,000407,25800,3.5935899999999994,3.62,93396.0
2025-08-29,000532,5200,15.90589,15.75,81900.0
2025-08-29,000571,18200,4.644639999999999,4.54,82628.0
2025-08-29,000633,11500,6.6065999999999985,6.6,75900.0
2025-08-29,000534,4100,16.666649999999997,17.7,72570.0
2025-08-29,000523,18700,3.29329,3.27,61149.0
2025-08-29,000536,9500,5.83583,5.67,53865.0
2025-09-01,000048,6100,16.17616,15.96,97356.0
2025-09-01,000533,13400,7.417409999999999,7.32,98088.0
2025-09-01,000407,25800,3.5935899999999994,3.69,95202.0
2025-09-01,000532,5200,15.90589,16.14,83928.0
2025-09-01,000571,18200,4.644639999999999,4.76,86632.0
2025-09-01,000633,11500,6.6065999999999985,6.79,78085.0
2025-09-01,000534,4100,16.666649999999997,17.39,71299.0
2025-09-01,000523,18700,3.29329,3.31,61897.0
2025-09-01,000536,9500,5.83583,5.84,55480.0
2025-09-01,000417,8100,6.146139999999999,6.21,50301.0
2025-09-02,000048,6100,16.17616,15.69,95709.0
2025-09-02,000532,5200,15.90589,15.43,80236.0
2025-09-02,000571,18200,4.644639999999999,4.72,85904.0
2025-09-02,000633,11500,6.6065999999999985,6.7,77050.0
2025-09-02,000534,4100,16.666649999999997,17.19,70479.0
2025-09-02,000523,18700,3.29329,3.35,62645.0
2025-09-02,000536,9500,5.83583,5.9,56050.0
2025-09-02,000417,8100,6.146139999999999,6.19,50139.0
2025-09-02,000609,15100,4.28428,4.5,67950.0
2025-09-02,000036,12900,4.49449,4.33,55857.0
2025-09-03,000048,6100,16.17616,15.64,95404.0
2025-09-03,000571,18200,4.644639999999999,4.57,83174.0
2025-09-03,000633,11500,6.6065999999999985,6.45,74175.0
2025-09-03,000534,4100,16.666649999999997,16.46,67486.0
2025-09-03,000523,18700,3.29329,3.3,61710.0
2025-09-03,000417,8100,6.146139999999999,6.04,48924.0
2025-09-03,000609,15100,4.28428,4.43,66893.0
2025-09-03,000036,16300,4.344339999999999,4.23,68949.0
2025-09-03,000017,9300,6.86686,6.64,61752.0
2025-09-03,000572,11800,4.87487,4.95,58410.0
2025-09-04,000571,18200,4.644639999999999,4.56,82992.0
2025-09-04,000633,11500,6.6065999999999985,6.41,73715.0
2025-09-04,000523,18700,3.29329,3.41,63767.0
2025-09-04,000417,8100,6.146139999999999,6.18,50058.0
2025-09-04,000609,15100,4.28428,4.26,64326.0
2025-09-04,000017,9300,6.86686,6.68,62124.0
2025-09-04,000572,11800,4.87487,4.85,57229.99999999999
2025-09-04,000547,9300,7.9279199999999985,7.88,73284.0
2025-09-04,000036,15800,4.23423,4.14,65411.99999999999
2025-09-04,000533,8600,6.976969999999999,7.07,60802.0
2025-09-05,000417,8100,6.146139999999999,6.18,50058.0
2025-09-05,000609,15100,4.28428,4.47,67497.0
2025-09-05,000017,9300,6.86686,6.78,63054.0
2025-09-05,000572,11800,4.87487,4.85,57229.99999999999
2025-09-05,000547,9300,7.9279199999999985,7.96,74028.0
2025-09-05,000036,15800,4.23423,4.25,67150.0
2025-09-05,000533,8600,6.976969999999999,7.49,64414.0
2025-09-05,000523,22400,3.4033999999999995,3.4,76160.0
2025-09-05,000639,20500,3.3433399999999995,3.34,68470.0
2025-09-05,000534,3800,16.016,16.41,62358.0
2025-09-08,000609,15100,4.28428,4.44,67044.0
2025-09-08,000017,9300,6.86686,6.82,63426.0
2025-09-08,000572,11800,4.87487,4.82,56876.0
2025-09-08,000547,9300,7.9279199999999985,8.03,74679.0
2025-09-08,000036,15800,4.23423,4.32,68256.0
2025-09-08,000533,8600,6.976969999999999,7.36,63296.0
2025-09-08,000523,22400,3.4033999999999995,3.43,76832.0
2025-09-08,000639,20500,3.3433399999999995,3.35,68675.0
2025-09-08,000534,3800,16.016,16.58,63003.99999999999
2025-09-08,000603,3100,19.49948,19.06,59085.99999999999
2025-09-09,000017,9300,6.86686,7.5,69750.0
2025-09-09,000572,11800,4.87487,4.84,57112.0
2025-09-09,000547,9300,7.9279199999999985,7.87,73191.0
2025-09-09,000036,15800,4.23423,4.27,67466.0
2025-09-09,000533,8600,6.976969999999999,7.37,63382.0
2025-09-09,000523,22400,3.4033999999999995,3.44,77056.0
2025-09-09,000639,20500,3.3433399999999995,3.36,68880.0
2025-09-09,000534,3800,16.016,16.13,61293.99999999999
2025-09-09,000603,3100,19.49948,19.34,59954.0
2025-09-09,000510,11500,5.33533,5.38,61870.0
2025-09-10,000547,9300,7.9279199999999985,7.87,73191.0
2025-09-10,000036,15800,4.23423,4.25,67150.0
2025-09-10,000533,8600,6.976969999999999,7.3,62780.0
2025-09-10,000523,22400,3.4033999999999995,3.45,77280.0
2025-09-10,000639,20500,3.3433399999999995,3.42,70110.0
2025-09-10,000534,3800,16.016,16.26,61788.00000000001
2025-09-10,000603,3100,19.49948,19.12,59272.0
2025-09-10,000510,11500,5.33533,5.46,62790.0
2025-09-10,000571,13500,5.004999999999999,5.08,68580.0
2025-09-10,000561,5500,11.06105,11.21,61655.00000000001
2025-09-11,000523,22400,3.4033999999999995,3.41,76384.0
2025-09-11,000639,20500,3.3433399999999995,3.39,69495.0
2025-09-11,000534,3800,16.016,16.45,62510.0
2025-09-11,000603,3100,19.49948,19.54,60574.0
2025-09-11,000510,11500,5.33533,5.38,61870.0
2025-09-11,000571,13500,5.004999999999999,5.22,70470.0
2025-09-11,000561,5500,11.06105,11.37,62534.99999999999
2025-09-11,000620,44000,1.7117099999999998,1.71,75240.0
2025-09-11,000070,6600,10.17016,10.48,69168.0
2025-09-11,000592,18400,3.3032999999999992,3.35,61640.0
2025-09-12,000510,11500,5.33533,5.37,61755.0
2025-09-12,000571,13500,5.004999999999999,5.1,68850.0
2025-09-12,000561,5500,11.06105,11.34,62370.0
2025-09-12,000620,44000,1.7117099999999998,1.79,78760.0
2025-09-12,000592,18400,3.3032999999999992,3.38,62192.0
2025-09-12,000070,8300,10.690679999999999,11.53,95699.0
2025-09-12,000536,15800,5.09509,5.06,79948.0
2025-09-12,000533,10000,7.267259999999999,7.17,71700.0
2025-09-12,000632,16100,4.054049999999999,4.03,64883.00000000001
2025-09-12,000506,5700,10.280269999999998,10.3,58710.00000000001
2025-09-15,000510,11500,5.33533,5.35,61524.99999999999
2025-09-15,000571,13500,5.004999999999999,4.92,66420.0
2025-09-15,000561,5500,11.06105,11.25,61875.0
2025-09-15,000592,18400,3.3032999999999992,3.39,62376.0
2025-09-15,000070,8300,10.690679999999999,11.48,95284.0
2025-09-15,000536,15800,5.09509,5.04,79632.0
2025-09-15,000533,10000,7.267259999999999,7.07,70700.0
2025-09-15,000632,16100,4.054049999999999,4.03,64883.00000000001
2025-09-15,000506,5700,10.280269999999998,10.13,57741.00000000001
2025-09-15,000620,34000,1.8017999999999998,1.88,63920.0
2025-09-16,000571,13500,5.004999999999999,4.98,67230.0
2025-09-16,000561,5500,11.06105,11.4,62700.0
2025-09-16,000592,18400,3.3032999999999992,3.43,63112.0
2025-09-16,000070,8300,10.690679999999999,11.3,93790.0
2025-09-16,000536,15800,5.09509,5.12,80896.0
2025-09-16,000533,10000,7.267259999999999,7.19,71900.0
2025-09-16,000632,16100,4.054049999999999,4.14,66654.0
2025-09-16,000506,5700,10.280269999999998,10.12,57683.99999999999
2025-09-16,000620,34000,1.8017999999999998,1.91,64940.0
2025-09-16,000559,6800,8.918909999999999,9.32,63376.0
2025-09-17,000592,18400,3.3032999999999992,3.48,64032.0
2025-09-17,000070,8300,10.690679999999999,10.92,90636.0
2025-09-17,000536,15800,5.09509,5.15,81370.0
2025-09-17,000533,10000,7.267259999999999,7.12,71200.0
2025-09-17,000632,16100,4.054049999999999,4.08,65688.0
2025-09-17,000506,5700,10.280269999999998,9.98,56886.0
2025-09-17,000620,34000,1.8017999999999998,1.87,63580.0
2025-09-17,000609,16300,4.58458,4.53,73839.0
2025-09-17,000036,14600,4.594589999999999,4.65,67890.0
2025-09-17,000078,22300,2.72272,2.7,60210.00000000001
2025-09-18,000070,8300,10.690679999999999,11.12,92296.0
2025-09-18,000536,15800,5.09509,5.06,79948.0
2025-09-18,000533,10000,7.267259999999999,7.0,70000.0
2025-09-18,000632,16100,4.054049999999999,3.95,63595.0
2025-09-18,000620,34000,1.8017999999999998,1.86,63240.0
2025-09-18,000609,16300,4.58458,4.38,71394.0
2025-09-18,000036,14600,4.594589999999999,4.41,64386.0
2025-09-18,000078,22300,2.72272,2.7,60210.00000000001
2025-09-18,000559,6100,10.900889999999999,11.32,69052.0
2025-09-18,000657,3200,18.558539999999997,18.15,58079.99999999999
2025-09-19,000620,34000,1.8017999999999998,1.79,60860.0
2025-09-19,000078,22300,2.72272,2.6,57980.0
2025-09-19,000657,3200,18.558539999999997,18.02,57664.0
2025-09-19,000609,23100,4.32432,4.39,101408.99999999999
2025-09-19,000070,8500,11.031019999999998,11.58,98430.0
2025-09-19,000017,12700,6.666659999999999,6.71,85217.0
2025-09-19,000036,17300,4.434429999999999,4.42,76466.0
2025-09-19,000536,13700,5.025019999999998,5.12,70144.0
2025-09-22,000609,23100,4.32432,4.56,105335.99999999999
2025-09-22,000070,8500,11.031019999999998,11.2,95200.0
2025-09-22,000017,12700,6.666659999999999,6.75,85725.0
2025-09-22,000036,17300,4.434429999999999,4.74,82002.0
2025-09-22,000536,13700,5.025019999999998,5.03,68911.0
2025-09-22,000620,44700,1.7717699999999998,1.74,77778.0
2025-09-22,000659,24500,2.91291,2.94,72030.0
2025-09-22,000657,3500,18.1181,17.98,62930.0
2025-09-22,000592,16900,3.41341,3.41,57629.0
2025-09-22,000561,4400,11.601589999999998,11.45,50380.0
2025-09-23,000609,23100,4.32432,4.33,100023.0
2025-09-23,000017,12700,6.666659999999999,6.6,83820.0
2025-09-23,000659,24500,2.91291,2.82,69090.0
2025-09-23,000592,16900,3.41341,3.32,56108.0
2025-09-23,000603,3900,22.462439999999997,22.74,88686.0
2025-09-23,000426,2900,27.607579999999995,27.03,78387.0
2025-09-23,000036,15200,4.744739999999999,4.85,73720.0
2025-09-23,000572,11600,5.62562,5.65,65540.0
2025-09-23,000070,5200,11.201189999999999,10.7,55639.99999999999
2025-09-24,000609,23100,4.32432,4.11,94941.00000000001
2025-09-24,000017,12700,6.666659999999999,6.73,85471.0
2025-09-24,000659,24500,2.91291,2.83,69335.0
2025-09-24,000592,16900,3.41341,3.4,57460.0
2025-09-24,000603,3900,22.462439999999997,22.8,88920.0
2025-09-24,000426,2900,27.607579999999995,27.8,80620.0
2025-09-24,000036,15200,4.744739999999999,5.01,76152.0
2025-09-24,000572,11600,5.62562,5.55,64380.0
2025-09-24,000070,5500,10.480469999999999,10.55,58025.00000000001
2025-09-24,000593,8400,6.266259999999999,6.73,56532.0
2025-09-25,000017,12700,6.666659999999999,6.62,84074.0
2025-09-25,000659,24500,2.91291,2.81,68845.0
2025-09-25,000592,16900,3.41341,3.29,55601.0
2025-09-25,000603,3900,22.462439999999997,22.37,87243.0
2025-09-25,000426,2900,27.607579999999995,27.14,78706.0
2025-09-25,000036,15200,4.744739999999999,4.92,74784.0
2025-09-25,000572,11600,5.62562,5.52,64031.99999999999
2025-09-25,000070,5500,10.480469999999999,10.29,56594.99999999999
2025-09-25,000593,9000,6.936929999999999,6.89,62010.0
2025-09-25,000620,34100,1.6516499999999996,1.62,55242.0
2025-09-26,000659,24500,2.91291,2.81,68845.0
2025-09-26,000592,16900,3.41341,3.49,58981.0
2025-09-26,000603,3900,22.462439999999997,23.21,90519.0
2025-09-26,000426,2900,27.607579999999995,28.42,82418.0
2025-09-26,000593,9000,6.936929999999999,7.12,64080.0
2025-09-26,000620,34100,1.6516499999999996,1.62,55242.0
2025-09-26,000070,7600,10.16015,9.95,75620.0
2025-09-26,000571,13200,5.275269999999999,5.14,67848.0
2025-09-26,000506,6100,10.210199999999999,10.18,62098.0
2025-09-26,000036,11600,4.884879999999999,4.43,51388.0
2025-09-29,000593,9000,6.936929999999999,7.38,66420.0
2025-09-29,000620,34100,1.6516499999999996,1.63,55583.0
2025-09-29,000070,7600,10.16015,10.04,76304.0
2025-09-29,000506,6100,10.210199999999999,10.88,66368.0
2025-09-29,000659,33300,2.8228199999999997,2.92,97236.0
2025-09-29,000547,11200,7.557549999999998,7.58,84896.0
2025-09-29,000572,13500,5.605599999999999,5.73,77355.0
2025-09-29,000571,13200,5.185179999999999,5.08,67056.0
2025-09-29,000609,14700,4.2042,4.23,62181.00000000001
2025-09-30,000593,9000,6.936929999999999,7.28,65520.0
2025-09-30,000620,34100,1.6516499999999996,1.62,55242.0
2025-09-30,000070,7600,10.16015,10.16,77216.0
2025-09-30,000506,6100,10.210199999999999,10.87,66307.0
2025-09-30,000659,33300,2.8228199999999997,2.93,97569.0
2025-09-30,000547,11200,7.557549999999998,7.74,86688.0
2025-09-30,000571,13200,5.185179999999999,5.08,67056.0
2025-09-30,000609,14700,4.2042,4.31,63356.99999999999
2025-09-30,000572,10900,5.83583,5.82,63438.0
2025-09-30,000532,3800,14.78477,14.71,55898.0
2025-10-09,000593,9000,6.936929999999999,7.24,65160.0
2025-10-09,000620,34100,1.6516499999999996,1.63,55583.0
2025-10-09,000070,7600,10.16015,10.21,77596.0
2025-10-09,000659,33300,2.8228199999999997,2.87,95571.0
2025-10-09,000547,11200,7.557549999999998,7.8,87360.0
2025-10-09,000571,13200,5.185179999999999,5.59,73788.0
2025-10-09,000609,14700,4.2042,4.43,65120.99999999999
2025-10-09,000532,3800,14.78477,14.66,55708.0
2025-10-09,000510,11400,5.685679999999999,5.71,65094.0
2025-10-09,000592,16500,3.5235199999999995,3.49,57585.0
2025-10-10,000070,7600,10.16015,9.99,75924.0
2025-10-10,000659,33300,2.8228199999999997,2.87,95571.0
2025-10-10,000547,11200,7.557549999999998,7.75,86800.0
2025-10-10,000609,14700,4.2042,4.31,63356.99999999999
2025-10-10,000532,3800,14.78477,14.68,55784.0
2025-10-10,000510,11400,5.685679999999999,5.57,63498.0
2025-10-10,000592,16500,3.5235199999999995,3.6,59400.0
2025-10-10,000620,44100,1.6316299999999997,1.64,72324.0
2025-10-10,000571,11300,5.69569,5.6,63279.99999999999
2025-10-10,000633,8600,6.726719999999999,6.83,58738.0
2025-10-13,000659,33300,2.8228199999999997,2.83,94239.0
2025-10-13,000547,11200,7.557549999999998,7.8,87360.0
2025-10-13,000609,14700,4.2042,4.3,63210.0
2025-10-13,000592,16500,3.5235199999999995,3.63,59895.0
2025-10-13,000620,44100,1.6316299999999997,1.64,72324.0
2025-10-13,000633,8600,6.726719999999999,6.86,58996.0
2025-10-13,000572,14100,5.48548,5.57,78537.0
2025-10-13,000571,13200,5.255249999999999,5.64,74448.0
2025-10-13,000532,4300,14.364349999999998,14.48,62264.0
2025-10-13,000036,13300,4.25425,4.18,55593.99999999999
2025-10-14,000592,16500,3.5235199999999995,3.56,58740.0
2025-10-14,000620,44100,1.6316299999999997,1.72,75852.0
2025-10-14,000633,8600,6.726719999999999,6.82,58652.0
2025-10-14,000532,4300,14.364349999999998,14.41,61963.0
2025-10-14,000036,13300,4.25425,4.16,55328.0
2025-10-14,000417,12600,7.257249999999999,7.11,89586.0
2025-10-14,000571,14300,5.755749999999999,5.88,84084.0
2025-10-14,000017,9800,7.497489999999999,7.22,70756.0
2025-10-14,000561,5700,11.67166,11.33,64581.0
2025-10-14,000657,3000,19.669649999999997,18.93,56790.0
2025-10-15,000592,16500,3.5235199999999995,3.53,58245.0
2025-10-15,000620,44100,1.6316299999999997,1.72,75852.0
2025-10-15,000633,8600,6.726719999999999,6.83,58738.0
2025-10-15,000532,4300,14.364349999999998,14.45,62135.0
2025-10-15,000036,13300,4.25425,4.19,55727.00000000001
2025-10-15,000417,12600,7.257249999999999,7.32,92232.0
2025-10-15,000571,14300,5.755749999999999,5.84,83512.0
2025-10-15,000572,12000,6.04604,6.49,77880.0
2025-10-15,000048,3900,16.786769999999997,16.88,65832.0
2025-10-15,000657,3100,18.77876,18.45,57195.0
2025-10-16,000620,44100,1.6316299999999997,1.68,74088.0
2025-10-16,000633,8600,6.726719999999999,6.75,58050.0
2025-10-16,000532,4300,14.364349999999998,14.12,60716.0
2025-10-16,000036,13300,4.25425,4.07,54131.00000000001
2025-10-16,000571,14300,5.755749999999999,5.98,85514.0
2025-10-16,000048,3900,16.786769999999997,16.89,65871.0
2025-10-16,000603,3000,27.547519999999995,26.32,78960.0
2025-10-16,000533,9800,7.587579999999998,7.46,73108.0
2025-10-16,000657,3600,18.13812,17.13,61668.0
2025-10-16,000572,9000,6.686679999999999,7.14,64260.0
2025-10-17,000571,14300,5.755749999999999,5.73,81939.0
2025-10-17,000048,3900,16.786769999999997,16.81,65559.0
2025-10-17,000593,14400,6.926919999999999,6.98,100512.0
2025-10-17,000566,16500,5.83583,5.89,97185.0
2025-10-17,000547,11400,7.6276199999999985,7.48,85272.0
2025-10-17,000609,18800,4.15415,4.45,83660.0
2025-10-17,000659,25200,2.7927899999999997,2.77,69804.0
2025-10-20,000571,14300,5.755749999999999,5.89,84227.0
2025-10-20,000048,3900,16.786769999999997,16.82,65598.0
2025-10-20,000593,14400,6.926919999999999,7.17,103248.0
2025-10-20,000566,16500,5.83583,5.83,96195.0
2025-10-20,000547,11400,7.6276199999999985,7.58,86412.0
2025-10-20,000659,25200,2.7927899999999997,2.81,70812.0
2025-10-20,000609,15400,4.674669999999999,4.67,71918.0
2025-10-20,000592,16900,3.83383,4.08,68952.0
2025-10-20,000657,3500,16.49648,16.64,58240.0
2025-10-20,000663,7800,6.726719999999999,6.86,53508.0
2025-10-21,000048,3900,16.786769999999997,16.95,66105.0
2025-10-21,000566,16500,5.83583,5.91,97515.0
2025-10-21,000547,11400,7.6276199999999985,7.64,87096.0
2025-10-21,000659,25200,2.7927899999999997,2.92,73584.0
2025-10-21,000609,15400,4.674669999999999,4.9,75460.0
2025-10-21,000592,16900,3.83383,3.95,66755.0
2025-10-21,000657,3500,16.49648,17.52,61320.0
2025-10-21,000663,7800,6.726719999999999,6.87,53586.0
2025-10-21,000571,11300,5.855849999999999,5.83,65879.0
2025-10-21,000620,32200,1.8618599999999998,1.98,63756.0
2025-10-22,000566,16500,5.83583,5.88,97020.0
2025-10-22,000547,11400,7.6276199999999985,7.82,89148.0
2025-10-22,000659,25200,2.7927899999999997,2.89,72828.0
2025-10-22,000592,16900,3.83383,3.75,63375.0
2025-10-22,000663,7800,6.726719999999999,6.94,54132.0
2025-10-22,000571,11300,5.855849999999999,5.74,64862.0
2025-10-22,000609,15700,5.15515,5.15,80855.0
2025-10-22,000417,9900,7.387379999999999,7.8,77220.0
2025-10-22,000632,15800,4.16416,4.2,66360.0
2025-10-22,000048,3500,16.95694,16.98,59430.0
2025-10-23,000566,16500,5.83583,5.83,96195.0
2025-10-23,000547,11400,7.6276199999999985,7.81,89034.0
2025-10-23,000659,25200,2.7927899999999997,2.88,72576.0
2025-10-23,000592,16900,3.83383,4.13,69797.0
2025-10-23,000663,7800,6.726719999999999,7.12,55536.0
2025-10-23,000571,11300,5.855849999999999,5.78,65314.0
2025-10-23,000609,15700,5.15515,5.41,84937.0
2025-10-23,000417,9900,7.387379999999999,7.38,73062.0
2025-10-23,000632,15800,4.16416,4.2,66360.0
2025-10-23,000048,3500,16.95694,16.94,59290.00000000001
2025-10-24,000663,7800,6.726719999999999,7.1,55380.0
2025-10-24,000571,11300,5.855849999999999,5.89,66557.0
2025-10-24,000417,9900,7.387379999999999,7.28,72072.0
2025-10-24,000632,15800,4.16416,4.28,67624.0
2025-10-24,000048,3500,16.95694,17.03,59605.00000000001
2025-10-24,000609,16800,5.685679999999999,5.68,95424.0
2025-10-24,000532,5900,14.34433,14.35,84665.0
2025-10-24,000070,7300,10.530519999999997,10.52,76796.0
2025-10-24,000593,8500,8.17817,8.71,74035.0
2025-10-24,000639,19300,3.2432399999999997,3.26,62917.99999999999
2025-10-27,000571,11300,5.855849999999999,5.76,65088.0
2025-10-27,000417,9900,7.387379999999999,7.18,71082.0
2025-10-27,000048,3500,16.95694,17.0,59500.0
2025-10-27,000609,16800,5.685679999999999,5.96,100128.0
2025-10-27,000532,5900,14.34433,14.45,85255.0
2025-10-27,000070,7300,10.530519999999997,10.47,76431.0
2025-10-27,000593,8500,8.17817,8.17817,69514.44499999999
2025-10-27,000639,19300,3.2432399999999997,3.29,63497.0
2025-10-27,000559,6300,10.990979999999997,11.18,70434.0
2025-10-27,000632,14500,4.3043,4.38,63510.0
2025-10-28,000417,9900,7.387379999999999,7.1,70290.0
2025-10-28,000048,3500,16.95694,16.75,58625.0
2025-10-28,000532,5900,14.34433,14.49,85491.0
2025-10-28,000070,7300,10.530519999999997,10.11,73803.0
2025-10-28,000593,8500,8.17817,8.17817,69514.44499999999
2025-10-28,000639,19300,3.2432399999999997,3.28,63303.99999999999
2025-10-28,000632,14500,4.3043,4.53,65685.0
2025-10-28,000609,12800,6.266259999999999,6.26,80128.0
2025-10-28,000559,6400,11.19118,11.85,75840.0
2025-10-28,000657,3000,21.501479999999997,22.51,67530.0
2025-10-29,000532,5900,14.34433,14.84,87556.0
2025-10-29,000639,19300,3.2432399999999997,3.23,62339.0
2025-10-29,000632,14500,4.3043,4.23,61335.00000000001
2025-10-29,000609,12800,6.266259999999999,6.57,84096.0
2025-10-29,000559,6400,11.19118,11.9,76160.0
2025-10-29,000620,28800,3.2532499999999995,3.04,87552.0
2025-10-29,000657,3500,23.993969999999997,24.76,86660.0
2025-10-29,000534,4500,16.76675,17.02,76590.0
2025-10-29,000663,9400,7.287279999999998,7.06,66364.0
2025-10-29,000536,12300,5.015009999999999,4.95,60885.0
2025-10-30,000532,5900,14.34433,14.53,85727.0
2025-10-30,000639,19300,3.2432399999999997,3.21,61953.0
2025-10-30,000559,6400,11.19118,11.21,71744.0
2025-10-30,000534,4500,16.76675,17.02,76590.0
2025-10-30,000663,9400,7.287279999999998,7.21,67774.0
2025-10-30,000536,12300,5.015009999999999,4.86,59778.00000000001
2025-10-30,000603,3700,23.303279999999997,23.2,85840.0
2025-10-30,000426,2500,30.800769999999996,30.55,76375.0
2025-10-30,000572,11900,6.016009999999999,6.0,71400.0
2025-10-30,000533,9100,7.107099999999999,6.89,62699.0
2025-10-31,000534,4500,16.76675,17.28,77760.0
2025-10-31,000663,9400,7.287279999999998,7.34,68996.0
2025-10-31,000536,12300,5.015009999999999,4.91,60393.0
2025-10-31,000603,3700,23.303279999999997,23.29,86173.0
2025-10-31,000426,2500,30.800769999999996,30.57,76425.0
2025-10-31,000572,11900,6.016009999999999,6.6,78540.0
2025-10-31,000533,9100,7.107099999999999,6.9,62790.0
2025-10-31,000609,11100,7.257249999999999,7.25,80475.0
2025-10-31,000571,13600,5.355349999999999,5.4,73440.0
2025-10-31,000530,9800,6.636629999999999,6.69,65562.0
2025-11-03,000534,4500,16.76675,17.64,79380.0
2025-11-03,000663,9400,7.287279999999998,7.53,70782.0
2025-11-03,000536,12300,5.015009999999999,4.96,61008.0
2025-11-03,000603,3700,23.303279999999997,23.08,85396.0
2025-11-03,000533,9100,7.107099999999999,7.19,65429.0
2025-11-03,000609,11100,7.257249999999999,7.61,84471.0
2025-11-03,000571,13600,5.355349999999999,5.62,76432.0
2025-11-03,000530,9800,6.636629999999999,6.79,66542.0
2025-11-03,000506,6200,11.961949999999996,11.99,74338.0
2025-11-03,000572,9600,6.896889999999998,7.26,69696.0
2025-11-04,000663,9400,7.287279999999998,7.7,72380.0
2025-11-04,000536,12300,5.015009999999999,5.08,62484.0
2025-11-04,000533,9100,7.107099999999999,7.22,65702.0
2025-11-04,000571,13600,5.355349999999999,5.75,78200.0
2025-11-04,000506,6200,11.961949999999996,11.85,73470.0
2025-11-04,000609,12400,7.99799,7.99,99076.0
2025-11-04,000632,19100,4.7047,4.73,90343.00000000001
2025-11-04,000572,10100,7.957949999999999,7.99,80699.0
2025-11-04,000426,2400,29.459429999999998,27.83,66792.0
2025-11-04,000559,5300,12.262249999999998,12.77,67681.0
2025-11-05,000506,6200,11.961949999999996,12.19,75578.0
2025-11-05,000609,12400,7.99799,8.39,104036.0
2025-11-05,000632,19100,4.7047,4.7,89770.0
2025-11-05,000559,5300,12.262249999999998,12.4,65720.0
2025-11-05,000603,4600,21.511489999999995,22.23,102258.0
2025-11-05,000657,4100,22.332309999999996,25.05,102705.0
2025-11-05,000426,3000,27.27725,28.47,85410.0
2025-11-05,000663,10000,7.557549999999998,7.7,77000.0
2025-11-05,000547,7800,8.768759999999999,8.81,68718.0
2025-11-06,000506,6200,11.961949999999996,12.58,77996.0
2025-11-06,000603,4600,21.511489999999995,22.73,104558.0
2025-11-06,000426,3000,27.27725,29.1,87300.0
2025-11-06,000663,10000,7.557549999999998,7.4,74000.0
2025-11-06,000547,7800,8.768759999999999,8.65,67470.0
2025-11-06,000609,11100,8.81881,8.81,97791.0
2025-11-06,000533,10400,8.46846,8.73,90792.0
2025-11-06,000571,13500,5.855849999999999,5.67,76545.0
2025-11-06,000510,11500,6.2062,6.09,70035.0
2025-11-06,000536,12500,5.15515,5.04,63000.0
2025-11-07,000506,6200,11.961949999999996,12.38,76756.0
2025-11-07,000603,4600,21.511489999999995,23.03,105938.0
2025-11-07,000426,3000,27.27725,29.17,87510.0
2025-11-07,000663,10000,7.557549999999998,7.81,78100.0
2025-11-07,000547,7800,8.768759999999999,8.67,67626.0
2025-11-07,000609,11100,8.81881,9.25,102675.0
2025-11-07,000571,13500,5.855849999999999,5.61,75735.0
2025-11-07,000510,11500,6.2062,6.39,73485.0
2025-11-07,000536,12500,5.15515,4.96,62000.0
2025-11-07,000559,4800,13.903889999999999,13.5,64800.0
2025-11-10,000663,10000,7.557549999999998,7.71,77100.0
2025-11-10,000547,7800,8.768759999999999,8.53,66534.0
2025-11-10,000510,11500,6.2062,6.39,73485.0
2025-11-10,000536,12500,5.15515,4.99,62375.0
2025-11-10,000559,4800,13.903889999999999,13.75,66000.0
2025-11-10,000546,18000,5.555549999999999,5.51,99180.0
2025-11-10,000561,8300,11.57156,11.97,99351.0
2025-11-10,000506,6900,12.65264,12.61,87009.0
2025-11-10,000426,2600,29.929899999999996,30.0,78000.0
2025-11-10,000505,10000,7.037030000000001,7.08,70800.0
2025-11-11,000663,10000,7.557549999999998,7.62,76200.0
2025-11-11,000547,7800,8.768759999999999,8.47,66066.0
2025-11-11,000510,11500,6.2062,6.59,75785.0
2025-11-11,000559,4800,13.903889999999999,13.99,67152.0
2025-11-11,000546,18000,5.555549999999999,5.58,100440.0
2025-11-11,000561,8300,11.57156,11.75,97525.0
2025-11-11,000506,6900,12.65264,12.43,85767.0
2025-11-11,000426,2600,29.929899999999996,29.86,77636.0
2025-11-11,000505,10000,7.037030000000001,7.08,70800.0
2025-11-11,000609,6800,10.210199999999999,10.2,69360.0
2025-11-12,000510,11500,6.2062,6.42,73830.0
2025-11-12,000559,4800,13.903889999999999,14.58,69984.0
2025-11-12,000546,18000,5.555549999999999,5.47,98460.0
2025-11-12,000561,8300,11.57156,11.41,94703.0
2025-11-12,000506,6900,12.65264,12.18,84042.0
2025-11-12,000426,2600,29.929899999999996,30.45,79170.0
2025-11-12,000505,10000,7.037030000000001,7.11,71100.0
2025-11-12,000609,6800,10.210199999999999,10.71,72828.0
2025-11-12,000078,28900,2.66266,2.69,77741.0
2025-11-12,000639,20000,3.45345,3.47,69400.0
2025-11-13,000559,4800,13.903889999999999,14.21,68208.0
2025-11-13,000546,18000,5.555549999999999,5.88,105840.0
2025-11-13,000561,8300,11.57156,11.34,94122.0
2025-11-13,000506,6900,12.65264,12.75,87975.0
2025-11-13,000505,10000,7.037030000000001,7.12,71200.0
2025-11-13,000609,6800,10.210199999999999,10.210199999999999,69429.35999999999
2025-11-13,000078,28900,2.66266,2.7,78030.0
2025-11-13,000639,20000,3.45345,3.53,70600.0
2025-11-13,000411,6500,12.05204,12.0,78000.0
2025-11-13,000663,9200,7.647639999999998,7.89,72588.0
2025-11-14,000546,18000,5.555549999999999,5.71,102780.0
2025-11-14,000561,8300,11.57156,11.36,94288.0
2025-11-14,000506,6900,12.65264,12.72,87768.0
2025-11-14,000505,10000,7.037030000000001,7.27,72700.0
2025-11-14,000609,6800,10.210199999999999,10.210199999999999,69429.35999999999
2025-11-14,000078,28900,2.66266,2.73,78897.0
2025-11-14,000639,20000,3.45345,3.5,70000.0
2025-11-14,000411,6500,12.05204,12.19,79235.0
2025-11-14,000663,9200,7.647639999999998,8.18,75256.0
2025-11-14,000426,2100,32.64261,32.03,67263.0
2025-11-17,000609,6800,10.210199999999999,10.210199999999999,69429.35999999999
2025-11-17,000078,28900,2.66266,2.71,78319.0
2025-11-17,000639,20000,3.45345,3.49,69800.0
2025-11-17,000411,6500,12.05204,11.85,77025.0
2025-11-17,000534,4500,21.861839999999997,21.85,98325.0
2025-11-17,000536,18600,5.355349999999999,5.47,101742.0
2025-11-17,000506,7500,12.47246,12.27,92025.0
2025-11-17,000426,2600,31.461429999999996,31.1,80860.0
2025-11-17,000659,25100,3.053049999999999,3.04,76304.0
2025-11-18,000078,28900,2.66266,2.66,76874.0
2025-11-18,000639,20000,3.45345,3.43,68600.0
2025-11-18,000411,6500,12.05204,11.76,76440.0
2025-11-18,000534,4500,21.861839999999997,21.37,96165.0
2025-11-18,000536,18600,5.355349999999999,5.37,99882.0
2025-11-18,000659,25100,3.053049999999999,2.95,74045.0
2025-11-18,000547,8400,11.011,11.39,95676.0
2025-11-18,000506,6900,12.14213,11.86,81834.0
2025-11-18,000663,7900,9.519509999999999,8.1,63990.0
2025-11-18,000426,2200,30.71068,29.79,65538.0
2025-11-19,000411,6500,12.05204,11.55,75075.0
2025-11-19,000506,6900,12.14213,12.46,85974.0
2025-11-19,000426,2200,30.71068,31.78,69916.0
2025-11-19,000609,8400,11.82181,11.81,99204.0
2025-11-19,000657,4300,22.89287,22.26,95718.0
2025-11-19,000534,4600,21.291269999999997,20.34,93564.0
2025-11-19,000505,12200,7.327319999999999,7.22,88084.0
2025-11-19,000603,3400,23.41339,24.15,82110.0
2025-11-20,000506,6900,12.14213,12.09,83421.0
2025-11-20,000426,2200,30.71068,31.58,69476.0
2025-11-20,000609,8400,11.82181,12.4,104160.0
2025-11-20,000657,4300,22.89287,22.46,96578.0
2025-11-20,000505,12200,7.327319999999999,7.69,93818.0
2025-11-20,000603,3400,23.41339,23.79,80886.0
2025-11-20,000534,4300,20.360339999999997,20.15,86645.0
2025-11-20,000417,11300,7.097089999999999,7.82,88366.0
2025-11-20,000536,13900,5.215209999999998,5.62,78118.0
2025-11-20,000510,9300,7.0270199999999985,7.07,65751.0
2025-11-21,000506,6900,12.14213,11.55,79695.0
2025-11-21,000426,2200,30.71068,29.79,65538.0
2025-11-21,000603,3400,23.41339,22.34,75956.0
2025-11-21,000534,4300,20.360339999999997,20.26,87118.0
2025-11-21,000417,11300,7.097089999999999,7.04,79552.0
2025-11-21,000657,4500,22.022,20.99,94455.0
2025-11-21,000510,13500,6.856849999999998,6.36,85860.0
2025-11-21,000536,14100,5.9059,5.5,77550.0
2025-11-21,000639,22300,3.3833799999999994,3.17,70691.0
2025-11-21,000530,10600,6.356349999999998,6.04,64024.0
2025-11-24,000426,2200,30.71068,30.14,66308.0
2025-11-24,000534,4300,20.360339999999997,20.83,89568.99999999999
2025-11-24,000657,4500,22.022,21.66,97470.0
2025-11-24,000530,10600,6.356349999999998,6.18,65508.0
2025-11-24,000017,10800,9.21921,8.31,89748.0
2025-11-24,000078,39500,2.48248,2.49,98355.00000000001
2025-11-24,000070,8000,11.011,11.5,92000.0
2025-11-24,000523,24300,3.2732699999999997,3.22,78246.0
2025-11-24,000639,22200,3.22322,3.19,70818.0
2025-11-25,000534,4300,20.360339999999997,20.74,89182.0
2025-11-25,000657,4500,22.022,22.01,99045.0
2025-11-25,000530,10600,6.356349999999998,6.17,65402.0
2025-11-25,000078,39500,2.48248,2.55,100725.0
2025-11-25,000523,24300,3.2732699999999997,3.23,78489.0
2025-11-25,000639,22200,3.22322,3.22,71484.0
2025-11-25,000036,21200,4.24424,4.29,90948.0
2025-11-25,000536,14900,5.45545,5.54,82546.0
2025-11-25,000426,2300,31.020989999999994,31.36,72128.0
2025-11-25,000559,5600,11.701689999999997,11.59,64904.0
2025-11-26,000534,4300,20.360339999999997,19.68,84624.0
2025-11-26,000657,4500,22.022,22.03,99135.0
2025-11-26,000530,10600,6.356349999999998,6.1,64659.99999999999
2025-11-26,000523,24300,3.2732699999999997,3.55,86265.0
2025-11-26,000639,22200,3.22322,3.25,72150.0
2025-11-26,000036,21200,4.24424,4.24,89888.0
2025-11-26,000426,2300,31.020989999999994,31.89,73347.0
2025-11-26,000559,5600,11.701689999999997,11.8,66080.0
2025-11-26,000070,5700,13.663649999999999,13.92,79344.0
2025-11-26,000048,5100,13.97396,13.81,70431.0
2025-11-27,000657,4500,22.022,21.4,96300.0
2025-11-27,000530,10600,6.356349999999998,6.11,64766.0
2025-11-27,000523,24300,3.2732699999999997,3.42,83106.0
2025-11-27,000639,22200,3.22322,3.32,73704.0
2025-11-27,000036,21200,4.24424,4.22,89464.0
2025-11-27,000426,2300,31.020989999999994,32.9,75670.0
2025-11-27,000559,5600,11.701689999999997,12.5,70000.0
2025-11-27,000048,5100,13.97396,13.54,69054.0
2025-11-27,000609,6000,13.4134,12.64,75840.0
2025-11-27,000078,24600,2.96296,3.09,76014.0
2025-11-28,000523,24300,3.2732699999999997,3.47,84321.0
2025-11-28,000639,22200,3.22322,3.41,75702.0
2025-11-28,000036,21200,4.24424,4.31,91371.99999999999
2025-11-28,000559,5600,11.701689999999997,12.33,69048.0
2025-11-28,000048,5100,13.97396,13.49,68799.0
2025-11-28,000657,4600,21.351329999999997,22.2,102120.0
2025-11-28,000659,33400,2.8528499999999997,2.94,98196.0
2025-11-28,000505,11400,7.48748,7.74,88236.0
2025-11-28,000534,3800,19.849829999999997,20.53,78014.0
2025-11-28,000603,2700,25.445419999999995,26.08,70416.0
2025-12-01,000559,5600,11.701689999999997,12.4,69440.0
2025-12-01,000048,5100,13.97396,13.34,68034.0
2025-12-01,000657,4600,21.351329999999997,22.05,101430.0
2025-12-01,000505,11400,7.48748,7.76,88464.0
2025-12-01,000534,3800,19.849829999999997,20.18,76684.0
2025-12-01,000603,3500,27.89787,27.97,97895.0
2025-12-01,000426,2600,37.21718,37.16,96615.99999999999
2025-12-01,000523,24800,3.5335299999999994,3.56,88288.0
2025-12-01,000639,23100,3.4033999999999995,3.4,78540.0
2025-12-01,000411,5800,12.05204,12.03,69774.0
2025-12-02,000657,4600,21.351329999999997,22.15,101890.0
2025-12-02,000505,11400,7.48748,7.88,89832.0
2025-12-02,000534,3800,19.849829999999997,19.7,74860.0
2025-12-02,000603,3500,27.89787,27.91,97685.0
2025-12-02,000426,2600,37.21718,36.74,95524.0
2025-12-02,000523,24800,3.5335299999999994,3.54,87792.0
2025-12-02,000639,23100,3.4033999999999995,3.55,82005.0
2025-12-02,000411,5800,12.05204,12.22,70876.0
2025-12-02,000036,15900,4.9049,4.78,76002.0
2025-12-02,000533,8700,8.048039999999999,8.04,69947.99999999999
2025-12-03,000657,4600,21.351329999999997,22.22,102212.0
2025-12-03,000534,3800,19.849829999999997,19.97,75886.0
2025-12-03,000603,3500,27.89787,27.57,96495.0
2025-12-03,000426,2600,37.21718,36.16,94015.99999999999
2025-12-03,000523,24800,3.5335299999999994,3.58,88784.0
2025-12-03,000639,23100,3.4033999999999995,3.59,82929.0
2025-12-03,000533,8700,8.048039999999999,7.88,68556.0
2025-12-03,000571,15100,5.775769999999999,6.49,97999.0
2025-12-03,000659,25200,3.1231199999999997,3.17,79884.0
2025-12-03,000036,14700,4.82482,4.67,68649.0
2025-12-04,000657,4600,21.351329999999997,22.28,102488.0
2025-12-04,000534,3800,19.849829999999997,20.39,77482.0
2025-12-04,000523,24800,3.5335299999999994,3.46,85808.0
2025-12-04,000639,23100,3.4033999999999995,3.42,79002.0
2025-12-04,000533,8700,8.048039999999999,7.74,67338.0
2025-12-04,000659,25200,3.1231199999999997,3.04,76608.0
2025-12-04,000559,7400,13.273259999999999,12.55,92870.0
2025-12-04,000036,19000,4.65465,4.68,88920.0
2025-12-04,000017,10400,7.667659999999999,7.62,79248.0
2025-12-04,000048,5600,12.692679999999998,12.74,71344.0
2025-12-05,000523,24800,3.5335299999999994,3.59,89032.0
2025-12-05,000533,8700,8.048039999999999,8.09,70383.0
2025-12-05,000659,25200,3.1231199999999997,3.22,81144.0
2025-12-05,000036,19000,4.65465,4.63,87970.0
2025-12-05,000017,10400,7.667659999999999,7.99,83096.0
2025-12-05,000048,5600,12.692679999999998,12.74,71344.0
2025-12-05,000603,3800,25.725699999999996,27.54,104652.0
2025-12-05,000639,26600,3.4434399999999994,3.76,100016.0
2025-12-05,000559,6600,12.422409999999998,12.19,80454.0
2025-12-05,000411,5800,12.682669999999998,12.57,72906.0
2025-12-08,000533,8700,8.048039999999999,8.09,70383.0
2025-12-08,000659,25200,3.1231199999999997,3.23,81396.0
2025-12-08,000036,19000,4.65465,4.72,89680.0
2025-12-08,000017,10400,7.667659999999999,8.25,85800.0
2025-12-08,000048,5600,12.692679999999998,13.35,74760.0
2025-12-08,000603,3800,25.725699999999996,27.57,104766.0
2025-12-08,000559,6600,12.422409999999998,12.31,81246.0
2025-12-08,000411,5800,12.682669999999998,12.61,73138.0
2025-12-08,000639,21400,4.004,3.76,80464.0
2025-12-08,000657,3300,23.393369999999994,24.11,79563.0
2025-12-09,000659,25200,3.1231199999999997,3.26,82152.0
2025-12-09,000036,19000,4.65465,4.76,90440.0
2025-12-09,000017,10400,7.667659999999999,8.03,83512.0
2025-12-09,000559,6600,12.422409999999998,12.03,79398.0
2025-12-09,000411,5800,12.682669999999998,12.23,70934.0
2025-12-09,000657,3300,23.393369999999994,24.8,81840.0
2025-12-09,000620,32700,3.0530499999999994,2.95,96465.0
2025-12-09,000534,4300,21.421399999999995,21.36,91848.0
2025-12-09,000603,3000,27.767739999999996,28.57,85710.0
2025-12-09,000523,21000,3.6035999999999997,3.55,74550.0
2025-12-10,000036,19000,4.65465,4.83,91770.0
2025-12-10,000657,3300,23.393369999999994,24.72,81576.0
2025-12-10,000534,4300,21.421399999999995,22.75,97825.0
2025-12-10,000523,21000,3.6035999999999997,3.51,73710.0
2025-12-10,000559,8300,11.931919999999998,11.88,98604.0
2025-12-10,000417,12500,7.967959999999999,7.93,99125.0
2025-12-10,000017,12200,8.048039999999999,8.34,101748.0
2025-12-10,000620,30400,2.9129099999999997,2.9,88160.0
2025-12-10,000411,6500,12.24223,12.08,78520.0
2025-12-11,000657,3300,23.393369999999994,24.3,80190.0
2025-12-11,000559,8300,11.931919999999998,11.57,96031.0
2025-12-11,000417,12500,7.967959999999999,7.65,95625.0
2025-12-11,000017,12200,8.048039999999999,7.92,96624.0
2025-12-11,000411,6500,12.24223,11.72,76180.0
2025-12-11,000546,16000,6.216209999999999,5.99,95840.0
2025-12-11,000534,4100,23.14312,22.1,90610.0
2025-12-11,000506,6900,12.60259,12.3,84870.0
2025-12-11,000036,16300,4.804799999999999,4.68,76284.0
2025-12-11,000532,4400,15.93592,15.44,67936.0
2025-12-12,000657,3300,23.393369999999994,24.9,82170.0
2025-12-12,000559,8300,11.931919999999998,11.56,95948.0
2025-12-12,000546,16000,6.216209999999999,6.59,105440.0
2025-12-12,000534,4100,23.14312,24.31,99671.0
2025-12-12,000506,6900,12.60259,13.26,91494.0
2025-12-12,000036,16300,4.804799999999999,4.74,77262.0
2025-12-12,000017,12200,7.877869999999999,7.67,93574.0
2025-12-12,000411,7400,11.681669999999999,11.49,85026.0
2025-12-12,000561,6800,11.451439999999998,11.62,79016.0
2025-12-12,000417,9200,7.66766,7.57,69644.0
2025-12-15,000546,16000,6.216209999999999,6.34,101440.0
2025-12-15,000036,16300,4.804799999999999,5.06,82478.0
2025-12-15,000017,12200,7.877869999999999,7.67,93574.0
2025-12-15,000411,7400,11.681669999999999,11.79,87246.0
2025-12-15,000561,6800,11.451439999999998,11.81,80308.0
2025-12-15,000417,9200,7.66766,7.62,70104.0
2025-12-15,000534,4100,23.91389,24.72,101352.0
2025-12-15,000659,27400,3.33333,3.27,89598.0
2025-12-15,000609,8900,9.16916,9.43,83927.0
2025-12-15,000407,15700,4.714709999999999,4.68,73476.0
2025-12-16,000546,16000,6.216209999999999,6.14,98240.0
2025-12-16,000036,16300,4.804799999999999,4.86,79218.0
2025-12-16,000411,7400,11.681669999999999,11.73,86802.0
2025-12-16,000561,6800,11.451439999999998,11.63,79084.0
2025-12-16,000417,9200,7.66766,7.47,68724.0
2025-12-16,000659,27400,3.33333,3.21,87954.0
2025-12-16,000609,8900,9.16916,9.4,83660.0
2025-12-16,000620,31600,2.9129099999999997,2.96,93536.0
2025-12-16,000603,2700,30.610579999999995,28.85,77895.0
2025-12-16,000551,6400,11.64163,11.35,72640.0
2025-12-17,000546,16000,6.216209999999999,6.75,108000.0
2025-12-17,000036,16300,4.804799999999999,5.03,81989.0
2025-12-17,000411,7400,11.681669999999999,11.98,88652.0
2025-12-17,000561,6800,11.451439999999998,11.22,76296.0
2025-12-17,000417,9200,7.66766,7.52,69184.0
2025-12-17,000609,8900,9.16916,9.79,87130.99999999999
2025-12-17,000620,31600,2.9129099999999997,2.89,91324.0
2025-12-17,000603,2700,30.610579999999995,30.59,82593.0
2025-12-17,000407,18500,4.46446,4.52,83619.99999999999
2025-12-17,000532,4900,15.175159999999996,15.78,77322.0
2025-12-18,000561,6800,11.451439999999998,11.38,77384.0
2025-12-18,000417,9200,7.66766,7.57,69644.0
2025-12-18,000620,31600,2.9129099999999997,2.88,91008.0
2025-12-18,000603,2700,30.610579999999995,30.8,83160.0
2025-12-18,000407,18500,4.46446,4.5,83250.0
2025-12-18,000532,4900,15.175159999999996,15.52,76048.0
2025-12-18,000546,14300,6.956949999999998,6.8,97240.0
2025-12-18,000609,9600,9.879869999999999,10.28,98688.0
2025-12-18,000534,3700,22.542519999999993,21.86,80882.0
2025-12-18,000036,15000,5.105099999999999,4.99,74850.0
2025-12-19,000620,31600,2.9129099999999997,2.87,90692.0
2025-12-19,000407,18500,4.46446,4.62,85470.0
2025-12-19,000532,4900,15.175159999999996,15.71,76979.0
2025-12-19,000609,9600,9.879869999999999,10.21,98016.00000000001
2025-12-19,000534,3700,22.542519999999993,22.4,82880.0
2025-12-19,000036,15000,5.105099999999999,5.49,82350.0
2025-12-19,000603,3300,30.270239999999998,30.16,99528.0
2025-12-19,000639,27700,3.2832799999999995,3.62,100274.0
2025-12-19,000017,9200,8.9089,8.42,77464.0
2025-12-19,000426,2100,34.20417,35.33,74193.0
2025-12-22,000620,31600,2.9129099999999997,2.87,90692.0
2025-12-22,000532,4900,15.175159999999996,15.36,75264.0
2025-12-22,000609,9600,9.879869999999999,9.79,93983.99999999999
2025-12-22,000534,3700,22.542519999999993,22.61,83657.0
2025-12-22,000603,3300,30.270239999999998,31.68,104544.0
2025-12-22,000426,2100,34.20417,36.14,75894.0
2025-12-22,000036,17200,5.805799999999999,5.57,95804.0
2025-12-22,000639,25500,3.6035999999999997,3.67,93585.0
2025-12-22,000417,9700,8.51851,8.77,85069.0
2025-12-22,000505,9900,7.517509999999999,8.18,80982.0
2025-12-23,000532,4900,15.175159999999996,15.63,76587.0
2025-12-23,000534,3700,22.542519999999993,22.23,82251.0
2025-12-23,000603,3300,30.270239999999998,30.33,100089.0
2025-12-23,000426,2100,34.20417,35.27,74067.0
2025-12-23,000036,17200,5.805799999999999,6.13,105436.0
2025-12-23,000639,25500,3.6035999999999997,3.59,91545.0
2025-12-23,000417,9700,8.51851,8.49,82353.0
2025-12-23,000620,32900,2.8228199999999997,2.72,89488.0
2025-12-23,000523,20600,4.054049999999999,3.89,80134.0
2025-12-23,000663,9900,7.57757,7.53,74547.0
2025-12-24,000534,3700,22.542519999999993,23.6,87320.0
2025-12-24,000603,3300,30.270239999999998,30.85,101805.0
2025-12-24,000426,2100,34.20417,36.1,75810.0
2025-12-24,000639,25500,3.6035999999999997,3.52,89760.0
2025-12-24,000417,9700,8.51851,8.36,81092.0
2025-12-24,000663,9900,7.57757,7.75,76725.0
2025-12-25,000426,2100,34.20417,34.97,73437.0
2025-12-25,000639,25500,3.6035999999999997,3.51,89505.0
2025-12-25,000417,9700,8.51851,8.23,79831.0
2025-12-25,000663,9900,7.57757,7.76,76824.0
2025-12-26,000639,25500,3.6035999999999997,3.52,89760.0
2025-12-26,000663,9900,7.57757,7.83,77517.0
2025-12-29,000663,9900,7.57757,7.66,75834.0
