date,code,side,price,shares,amount,fee,reason
2024-07-03,000506,BUY,0.9509499999999999,105100,99944.84499999999,29.983453499999992,signal
2024-07-03,000592,BUY,1.48148,60700,89925.836,26.977750799999995,signal
2024-07-03,000639,BUY,2.5024999999999995,32300,80830.74999999999,24.249224999999992,signal
2024-07-03,000070,BUY,4.36436,16700,72884.81199999999,21.865443599999995,signal
2024-07-03,000603,BUY,11.72171,5500,64469.405,19.340821499999997,signal
2024-07-04,000592,SELL,1.405998594,60700,85344.11465579999,110.94734905253998,stop_loss
2024-07-04,000070,SELL,4.141995858,16700,69171.3308286,89.92273007717999,stop_loss
2024-07-04,000592,BUY,1.4514499999999997,51400,74604.52999999998,22.381358999999993,signal
2024-07-04,000048,BUY,12.772759999999998,5200,66418.35199999998,19.925505599999994,signal
2024-07-04,000070,BUY,4.32432,13900,60108.048,18.0324144,signal
2024-07-04,000609,BUY,1.7617599999999998,30900,54438.38399999999,16.331515199999995,signal
2024-07-04,000657,BUY,8.93893,5400,48270.221999999994,14.481066599999997,signal
2024-07-05,000506,SELL,1.0449989549999998,105100,109829.39017049999,142.77820722164998,take_profit
2024-07-05,000592,SELL,1.3774986224999994,51400,70803.42919649997,92.04445795544996,stop_loss
2024-07-05,000506,BUY,1.05105,59200,62222.16,18.666648,signal
2024-07-05,000036,BUY,3.0430399999999995,18400,55991.935999999994,16.797580799999995,signal
2024-07-05,000572,BUY,2.8228199999999997,17800,50246.195999999996,15.073858799999998,signal
2024-07-05,000663,BUY,4.3043,10500,45195.149999999994,13.558544999999997,signal
2024-07-08,000639,SELL,2.3749976249999993,32300,76712.42328749997,99.72615027374997,stop_loss
2024-07-08,000036,SELL,2.8879971119999994,18400,53139.14686079999,69.08089091903999,stop_loss
2024-07-08,000572,SELL,2.6789973209999993,17800,47686.15231379999,61.99199800793998,stop_loss
2024-07-08,000017,BUY,6.396389999999999,9100,58207.149,17.462144699999996,signal
2024-07-08,000592,BUY,1.4013999999999998,37600,52692.63999999999,15.807791999999996,signal
2024-07-08,000572,BUY,2.8027999999999995,16900,47367.31999999999,14.210195999999996,signal
2024-07-09,000506,SELL,0.9974990025,59200,59051.940948,76.7675232324,stop_loss
2024-07-09,000663,SELL,4.084995914999999,10500,42892.457107499984,55.76019423974998,stop_loss
2024-07-09,000017,SELL,6.070493929499999,9100,55241.49475844999,71.81394318598498,stop_loss
2024-07-09,000592,SELL,1.3299986699999997,37600,50007.94999199999,65.01033498959998,stop_loss
2024-07-09,000506,BUY,0.9809799999999999,64700,63469.40599999999,19.040821799999996,signal
2024-07-09,000659,BUY,1.4114099999999998,40400,57020.96399999999,17.106289199999996,signal
2024-07-09,000561,BUY,5.83583,8800,51355.304,15.406591199999998,signal
2024-07-09,000663,BUY,4.16416,11100,46222.176,13.866652799999999,signal
2024-07-10,000603,SELL,12.297690000000001,5500,67637.29500000001,87.92848350000001,hold_days
2024-07-10,000506,SELL,0.9309990689999998,64700,60235.63976429999,78.30633169358998,stop_loss
2024-07-10,000663,SELL,3.9519960479999994,11100,43867.156132799995,57.027302972639994,stop_loss
2024-07-10,000506,BUY,0.9409399999999999,62500,58808.74999999999,17.642624999999995,signal
2024-07-10,000426,BUY,14.504489999999999,3600,52216.164,15.664849199999997,signal
2024-07-10,000036,BUY,2.93293,16200,47513.466,14.2540398,signal
2024-07-11,000048,SELL,13.0869,5200,68051.88,88.467444,hold_days
2024-07-11,000070,SELL,4.305689999999999,13900,59849.09099999999,77.80381829999999,hold_days
2024-07-11,000609,SELL,1.82817,30900,56490.453,73.4375889,hold_days
2024-07-11,000657,SELL,8.81118,5400,47580.372,61.8544836,hold_days
2024-07-11,000506,SELL,0.8929991069999998,62500,55812.44418749999,72.55617744374999,stop_loss
2024-07-11,000592,BUY,1.33133,53800,71625.55399999999,21.487666199999996,signal
2024-07-11,000620,BUY,1.5315299999999998,42100,64477.41299999999,19.343223899999995,signal
2024-07-11,000510,BUY,2.81281,20600,57943.886,17.383165799999997,signal
2024-07-11,000663,BUY,4.03403,12900,52038.986999999994,15.611696099999996,signal
2024-07-11,000505,BUY,5.03503,9300,46825.779,14.0477337,signal
2024-07-12,000663,SELL,4.432995567,12900,57185.6428143,74.34133565859,take_profit
2024-07-12,000609,BUY,1.9219199999999996,25000,48047.99999999999,14.414399999999997,signal
2024-07-15,000572,SELL,3.0069899999999996,16900,50818.130999999994,66.0635703,hold_days
2024-07-15,000620,SELL,1.682998317,42100,70854.2291457,92.11049788940998,take_profit
2024-07-15,000609,SELL,1.8239981759999997,25000,45599.954399999995,59.27994071999999,stop_loss
2024-07-15,000506,BUY,0.9609599999999998,62400,59963.90399999999,17.989171199999994,signal
2024-07-15,000017,BUY,5.945939999999999,9000,53513.45999999999,16.054037999999995,signal
2024-07-15,000663,BUY,4.684679999999999,10300,48252.20399999999,14.475661199999996,signal
2024-07-16,000659,SELL,1.550998449,40400,62660.337339599995,81.45843854147999,take_profit
2024-07-16,000561,SELL,5.86413,8800,51604.344000000005,67.0856472,hold_days
2024-07-16,000506,SELL,0.9119990879999998,62400,56908.74309119999,73.98136601855998,stop_loss
2024-07-16,000663,SELL,4.445995554,10300,45793.75420619999,59.53188046805999,stop_loss
2024-07-16,000506,BUY,0.9109099999999999,71900,65494.42899999999,19.648328699999993,signal
2024-07-16,000609,BUY,1.84184,32000,58938.88,17.681663999999998,signal
2024-07-16,000070,BUY,4.25425,12400,52752.7,15.825809999999997,signal
2024-07-16,000639,BUY,2.5225199999999997,18900,47675.628,14.302688399999997,signal
2024-07-17,000426,SELL,15.39459,3600,55420.524000000005,72.04668120000001,hold_days
2024-07-17,000036,SELL,2.997,16200,48551.4,63.11682,hold_days
2024-07-17,000506,SELL,1.000998999,71900,71971.82802809999,93.56337643652998,take_profit
2024-07-17,000078,BUY,2.3823799999999995,25400,60512.45199999999,18.153735599999994,signal
2024-07-17,000663,BUY,4.36436,12400,54118.06399999999,16.235419199999995,signal
2024-07-17,000659,BUY,1.5615599999999998,31400,49032.984,14.709895199999998,signal
2024-07-18,000592,SELL,1.32867,53800,71482.446,92.92717979999999,hold_days
2024-07-18,000510,SELL,2.7971999999999997,20600,57622.31999999999,74.90901599999998,hold_days
2024-07-18,000505,SELL,5.11488,9300,47568.384000000005,61.83889920000001,hold_days
2024-07-18,000070,SELL,4.0374959624999995,12400,50064.949935,65.0844349155,stop_loss
2024-07-18,000639,SELL,2.3939976059999997,18900,45246.55475339999,58.820521179419984,stop_loss
2024-07-18,000663,SELL,4.141995858,12400,51360.74863919999,66.76897323095999,stop_loss
2024-07-18,000592,BUY,1.33133,57400,76418.34199999999,22.925502599999994,signal
2024-07-18,000572,BUY,2.93293,23400,68630.56199999999,20.589168599999997,signal
2024-07-18,000426,BUY,14.454439999999998,4200,60708.647999999994,18.212594399999997,signal
2024-07-18,000506,BUY,1.1011,50700,55825.77,16.747730999999998,signal
2024-07-18,000663,BUY,4.3043,11600,49929.88,14.978963999999998,signal
2024-07-19,000017,SELL,5.642994356999999,9000,50786.94921299999,66.02303397689998,stop_loss
2024-07-19,000078,SELL,2.6179973819999995,25400,66497.13350279999,86.44627355363998,take_profit
2024-07-19,000572,SELL,3.222996777,23400,75418.1245818,98.04356195634,take_profit
2024-07-19,000426,SELL,13.717986281999996,4200,57615.54238439999,74.90020509971998,stop_loss
2024-07-19,000572,BUY,3.2032,21900,70150.08,21.045023999999998,signal
2024-07-19,000510,BUY,2.7627599999999997,22900,63267.20399999999,18.980161199999994,signal
2024-07-19,000426,BUY,13.663649999999999,4100,56020.965,16.8062895,signal
2024-07-19,000639,BUY,2.42242,21200,51355.304,15.406591199999998,signal
2024-07-19,000411,BUY,8.99899,5100,45894.848999999995,13.768454699999998,signal
2024-07-22,000506,SELL,1.2099987900000002,50700,61346.93865300001,79.7510202489,take_profit
2024-07-22,000506,BUY,1.2212199999999998,39100,47749.70199999999,14.324910599999995,signal
2024-07-23,000609,SELL,1.8781199999999998,32000,60099.84,78.129792,hold_days
2024-07-23,000572,SELL,3.51999648,21900,77087.92291200001,100.2142997856,take_profit
2024-07-23,000426,SELL,12.967487032499998,4100,53166.69683324999,69.11670588322498,stop_loss
2024-07-23,000017,BUY,5.74574,10700,61479.418,18.443825399999998,signal
2024-07-23,000609,BUY,1.8818799999999998,29600,55703.647999999994,16.711094399999997,signal
2024-07-23,000559,BUY,4.024019999999999,12500,50300.24999999999,15.090074999999997,signal
2024-07-24,000659,SELL,1.6383599999999998,31400,51444.50399999999,66.87785519999998,hold_days
2024-07-24,000663,SELL,4.084995914999999,11600,47385.95261399999,61.60173839819998,stop_loss
2024-07-24,000639,SELL,2.298997701,21200,48738.75126119999,63.36037663955999,stop_loss
2024-07-24,000609,SELL,1.7859982139999997,29600,52865.54713439999,68.72521127471998,stop_loss
2024-07-24,000078,BUY,2.4624599999999996,26500,65255.18999999999,19.576556999999994,signal
2024-07-24,000657,BUY,8.18818,7100,58136.077999999994,17.440823399999996,signal
2024-07-24,000663,BUY,4.12412,12800,52788.736,15.836620799999999,signal
2024-07-24,000633,BUY,3.6936899999999997,12900,47648.600999999995,14.294580299999998,signal
2024-07-25,000592,SELL,1.28871,57400,73971.954,96.1635402,hold_days
2024-07-25,000506,SELL,1.3419986579999998,39100,52472.14752779999,68.21379178613999,take_profit
2024-07-25,000017,SELL,5.452994546999999,10700,58347.04165289999,75.85115414877,stop_loss
2024-07-25,000506,BUY,1.4114099999999998,43400,61255.193999999996,18.376558199999998,signal
2024-07-25,000572,BUY,3.3233199999999994,16600,55167.11199999999,16.550133599999995,signal
2024-07-25,000017,BUY,5.525519999999999,8900,49177.128,14.753138399999997,signal
2024-07-26,000510,SELL,2.75724,22900,63140.795999999995,82.0830348,hold_days
2024-07-26,000411,SELL,8.90109,5100,45395.559,59.0142267,hold_days
2024-07-26,000506,SELL,1.3394986604999997,43400,58134.24186569999,75.57451442540997,stop_loss
2024-07-26,000572,SELL,3.6519963479999995,16600,60623.13937679999,78.81008118983999,take_profit
2024-07-26,000603,BUY,10.25024,6500,66626.56,19.987968,signal
2024-07-26,000639,BUY,2.29229,26500,60745.685,18.223705499999998,signal
2024-07-26,000609,BUY,1.78178,30700,54700.646,16.4101938,signal
2024-07-26,000534,BUY,9.08908,5400,49081.03199999999,14.724309599999996,signal
2024-07-30,000559,SELL,4.05594,12500,50699.24999999999,65.90902499999999,hold_days
2024-07-30,000620,BUY,1.55155,31800,49339.29,14.801787,signal
2024-07-31,000078,SELL,2.43756,26500,64595.34,83.973942,hold_days
2024-07-31,000657,SELL,8.11188,7100,57594.348,74.87265239999999,hold_days
2024-07-31,000663,SELL,4.20579,12800,53834.11200000001,69.98434560000001,hold_days
2024-07-31,000633,SELL,3.80619,12900,49099.851,63.8298063,hold_days
2024-07-31,000572,BUY,3.7737699999999994,17700,66795.72899999999,20.038718699999997,signal
2024-07-31,000078,BUY,2.4424399999999995,24600,60084.02399999999,18.025207199999997,signal
2024-07-31,000657,BUY,8.12812,6600,53645.592,16.093677599999996,signal
2024-07-31,000048,BUY,13.493479999999998,3600,48576.52799999999,14.572958399999996,signal
2024-08-01,000017,SELL,5.95404,8900,52990.956,68.8882428,hold_days
2024-08-01,000603,SELL,11.263988736,6500,73215.926784,95.18070481919999,take_profit
2024-08-01,000603,BUY,11.25124,5000,56256.2,16.876859999999997,signal
2024-08-01,000426,BUY,12.952939999999998,3900,50516.46599999999,15.154939799999996,signal
2024-08-02,000639,SELL,2.36763,26500,62742.195,81.5648535,hold_days
2024-08-02,000609,SELL,1.78821,30700,54898.047000000006,71.3674611,hold_days
2024-08-02,000534,SELL,9.987990012,5400,53935.14606479999,70.11568988423998,take_profit
2024-08-02,000426,SELL,12.292987706999996,3900,47942.65205729999,62.32544767448998,stop_loss
2024-08-02,000426,BUY,12.442429999999998,5400,67189.12199999999,20.156736599999995,signal
2024-08-02,000659,BUY,1.8818799999999998,32500,61161.09999999999,18.348329999999997,signal
2024-08-02,000534,BUY,9.64964,5700,55002.948,16.500884399999997,signal
2024-08-02,000532,BUY,12.262249999999998,4000,49048.99999999999,14.714699999999997,signal
2024-08-05,000620,SELL,1.7049982950000002,31800,54218.94578100001,70.48462951530001,take_profit
2024-08-05,000572,SELL,3.5814964184999996,17700,63392.486607449995,82.410232589685,stop_loss
2024-08-05,000547,BUY,7.007,8000,56056.0,16.816799999999997,signal
2024-08-05,000633,BUY,3.9038999999999993,13000,50750.69999999999,15.225209999999995,signal
2024-08-06,000603,SELL,10.677989322,5000,53389.94661,69.406930593,stop_loss
2024-08-06,000426,SELL,11.808488191499997,5400,63765.83623409998,82.89558710432998,stop_loss
2024-08-06,000532,SELL,11.6374883625,4000,46549.95344999999,60.51493948499999,stop_loss
2024-08-06,000547,SELL,6.649993349999999,8000,53199.94679999999,69.15993083999999,stop_loss
2024-08-06,000547,BUY,6.91691,9700,67094.027,20.1282081,signal
2024-08-06,000523,BUY,2.6126099999999997,23200,60612.55199999999,18.183765599999994,signal
2024-08-06,000559,BUY,4.15415,13100,54419.36499999999,16.325809499999995,signal
2024-08-06,000551,BUY,7.78778,6300,49063.013999999996,14.718904199999997,signal
2024-08-07,000078,SELL,2.41758,24600,59472.468,77.3142084,hold_days
2024-08-07,000657,SELL,8.091899999999999,6600,53406.53999999999,69.428502,hold_days
2024-08-07,000048,SELL,14.095889999999999,3600,50745.204,65.96876519999999,hold_days
2024-08-07,000547,SELL,7.600992399,9700,73729.6262703,95.84851415138999,take_profit
2024-08-07,000506,BUY,1.34134,50600,67871.804,20.361541199999998,signal
2024-08-07,000078,BUY,2.42242,25200,61044.984,18.3134952,signal
2024-08-07,000620,BUY,1.61161,34100,54955.901,16.486770299999996,signal
2024-08-07,000532,BUY,11.801789999999999,4200,49567.518,14.870255399999998,signal
2024-08-09,000659,SELL,1.8481500000000002,32500,60064.87500000001,78.0843375,hold_days
2024-08-09,000534,SELL,9.7902,5700,55804.14,72.54538199999999,hold_days
2024-08-09,000426,BUY,11.691679999999998,4800,56120.06399999999,16.836019199999996,signal
2024-08-09,000659,BUY,1.85185,27300,50555.505,15.166651499999999,signal
2024-08-12,000633,SELL,3.83616,13000,49870.08,64.831104,hold_days
2024-08-12,000620,SELL,1.5294984704999999,34100,52155.89784404999,67.80266719726498,stop_loss
2024-08-12,000659,SELL,1.7574982424999999,27300,47979.70202025,62.373612626325,stop_loss
2024-08-12,000603,BUY,10.180169999999999,5900,60063.00299999999,18.018900899999995,signal
2024-08-12,000659,BUY,1.8218199999999998,29900,54472.41799999999,16.341725399999994,signal
2024-08-12,000536,BUY,2.1921899999999996,22300,48885.83699999999,14.665751099999996,signal
2024-08-13,000523,SELL,2.62737,23200,60954.984,79.24147919999999,hold_days
2024-08-13,000559,SELL,4.1058900000000005,13100,53787.15900000001,69.92330670000001,hold_days
2024-08-13,000551,SELL,7.82217,6300,49279.671,64.0635723,hold_days
2024-08-13,000659,SELL,1.7289982709999998,29900,51697.048302899995,67.20616279376999,stop_loss
2024-08-13,000536,SELL,2.0804979194999995,22300,46395.10360484999,60.31363468630498,stop_loss
2024-08-13,000536,BUY,2.03203,34600,70308.238,21.092471399999997,signal
2024-08-13,000659,BUY,1.7317299999999998,36500,63208.14499999999,18.962443499999996,signal
2024-08-13,000620,BUY,1.5215199999999998,37400,56904.84799999999,17.071454399999997,signal
2024-08-13,000017,BUY,5.825819999999999,8800,51267.21599999999,15.380164799999996,signal
2024-08-13,000639,BUY,2.4424399999999995,18800,45917.87199999999,13.775361599999995,signal
2024-08-14,000506,SELL,1.35864,50600,68747.18400000001,89.37133920000001,hold_days
2024-08-14,000078,SELL,2.3975999999999997,25200,60419.52,78.54537599999999,hold_days
2024-08-14,000532,SELL,11.77821,4200,49468.481999999996,64.3090266,hold_days
2024-08-14,000536,SELL,2.232997767,34600,77261.7227382,100.44023955966,take_profit
2024-08-14,000017,SELL,5.528994470999999,8800,48655.15134479999,63.251696748239986,stop_loss
2024-08-14,000017,BUY,5.585579999999999,12800,71495.42399999998,21.448627199999994,signal
2024-08-14,000561,BUY,6.316309999999999,10200,64426.36199999999,19.327908599999994,signal
2024-08-14,000536,BUY,2.14214,27200,58266.208,17.4798624,signal
2024-08-14,000048,BUY,13.423409999999999,3900,52351.29899999999,15.705389699999996,signal
2024-08-14,000657,BUY,8.018009999999999,5900,47306.25899999999,14.191877699999996,signal
2024-08-15,000536,SELL,2.3539976460000003,27200,64028.73597120001,83.23735676256001,take_profit
2024-08-15,000536,BUY,2.43243,20100,48891.843,14.667552899999999,signal
2024-08-16,000426,SELL,12.07791,4800,57973.96799999999,75.36615839999999,hold_days
2024-08-16,000659,SELL,1.9029980969999998,36500,69459.43054049999,90.29725970264998,take_profit
2024-08-16,000536,SELL,2.3084976915,20100,46400.80359915,60.321044678895,stop_loss
2024-08-16,000547,BUY,7.287279999999999,8400,61213.151999999995,18.363945599999997,signal
2024-08-16,000572,BUY,3.2832799999999995,16800,55159.10399999999,16.547731199999998,signal
2024-08-16,000506,BUY,1.3013,38200,49709.659999999996,14.912897999999998,signal
2024-08-19,000603,SELL,11.186988813,5900,66003.2339967,85.80420419571,take_profit
2024-08-19,000620,SELL,1.4439985559999997,37400,54005.54599439999,70.20720979271998,stop_loss
2024-08-19,000639,SELL,2.3179976819999992,18800,43578.35642159999,56.65186334807998,stop_loss
2024-08-19,000547,SELL,6.915993083999999,8400,58094.34190559999,75.52264447727998,stop_loss
2024-08-19,000536,BUY,2.47247,27000,66756.69,20.027006999999998,signal
2024-08-19,000547,BUY,6.726719999999999,8900,59867.808,17.9603424,signal
2024-08-19,000659,BUY,1.9018999999999997,28500,54204.149999999994,16.261244999999995,signal
2024-08-19,000620,BUY,1.4514499999999997,33600,48768.71999999999,14.630615999999995,signal
2024-08-20,000017,SELL,5.300994698999999,12800,67852.73214719999,88.20855179135998,stop_loss
2024-08-20,000536,SELL,2.3464976535,27000,63355.436644500005,82.36206763785,stop_loss
2024-08-20,000620,SELL,1.3774986224999994,33600,46283.95371599998,60.16913983079997,stop_loss
2024-08-20,000017,BUY,5.495489999999999,11200,61549.48799999999,18.464846399999995,signal
2024-08-20,000620,BUY,1.4314299999999998,38800,55539.48399999999,16.661845199999995,signal
2024-08-20,000532,BUY,13.243229999999999,3700,48999.950999999994,14.699985299999996,signal
2024-08-21,000561,SELL,6.0939,10200,62157.78,80.80511399999999,hold_days
2024-08-21,000048,SELL,12.739487260499999,3900,49684.00031595,64.58920041073499,stop_loss
2024-08-21,000657,SELL,7.74225,5900,45679.275,59.3830575,hold_days
2024-08-21,000506,SELL,1.2349987649999998,38200,47176.95282299999,61.330038669899984,stop_loss
2024-08-21,000506,BUY,1.27127,51500,65470.40499999999,19.641121499999997,signal
2024-08-21,000603,BUY,10.620609999999997,5500,58413.35499999999,17.524006499999995,signal
2024-08-21,000566,BUY,3.1131099999999994,17000,52922.86999999999,15.876860999999995,signal
2024-08-21,000078,BUY,2.27227,21000,47717.67,14.315300999999998,signal
2024-08-22,000572,SELL,3.1159968839999994,16800,52348.74765119999,68.05337194655999,stop_loss
2024-08-22,000506,SELL,1.2064987934999998,51500,62134.68786524999,80.77509422482498,stop_loss
2024-08-22,000048,BUY,12.282269999999999,4400,54041.988,16.2125964,signal
2024-08-22,000572,BUY,3.14314,15600,49032.984,14.709895199999998,signal
2024-08-23,000547,SELL,6.383993615999999,8900,56817.54318239999,73.86280613711999,stop_loss
2024-08-23,000017,SELL,5.215494784499999,11200,58413.54158639999,75.93760406231998,stop_loss
2024-08-23,000620,SELL,1.3584986414999995,38800,52709.74729019998,68.52267147725998,stop_loss
2024-08-23,000603,SELL,10.079489920499997,5500,55437.19456274998,72.06835293157498,stop_loss
2024-08-23,000411,BUY,8.74874,7600,66490.424,19.947127199999997,signal
2024-08-23,000620,BUY,1.3813799999999998,43300,59813.75399999999,17.944126199999996,signal
2024-08-23,000017,BUY,5.275269999999999,10200,53807.75399999999,16.142326199999996,signal
2024-08-23,000505,BUY,4.82482,10000,48248.2,14.474459999999997,signal
2024-08-26,000659,SELL,1.8481500000000002,28500,52672.27500000001,68.47395750000001,hold_days
2024-08-26,000532,SELL,12.5684874315,3700,46503.403496549996,60.45442454551499,stop_loss
2024-08-26,000546,BUY,4.414409999999999,12100,53414.36099999999,16.024308299999994,signal
2024-08-26,000659,BUY,1.85185,26000,48148.1,14.444429999999999,signal
2024-08-27,000620,SELL,1.3109986889999998,43300,56766.24323369999,73.79611620380999,stop_loss
2024-08-27,000561,BUY,6.676669999999999,7300,48739.69099999999,14.621907299999997,signal
2024-08-28,000566,SELL,2.98701,17000,50779.170000000006,66.012921,hold_days
2024-08-28,000078,SELL,2.1564978435,21000,45286.454713499996,58.87239112754999,stop_loss
2024-08-28,000561,SELL,6.336493663499999,7300,46256.40374354999,60.133324866614984,stop_loss
2024-08-28,000561,BUY,6.246239999999999,9300,58090.03199999999,17.427009599999995,signal
2024-08-28,000532,BUY,11.451439999999998,4500,51531.47999999999,15.459443999999996,signal
2024-08-28,000620,BUY,1.31131,36200,47469.422,14.240826599999998,signal
2024-08-29,000048,SELL,12.627360000000001,4400,55560.384000000005,72.2284992,hold_days
2024-08-29,000572,SELL,2.9829970169999998,15600,46534.753465199996,60.49517950475999,stop_loss
2024-08-29,000561,SELL,5.927994071999999,9300,55130.34486959999,71.66944833047998,stop_loss
2024-08-29,000532,SELL,10.867989131999996,4500,48905.95109399998,63.577736422199976,stop_loss
2024-08-29,000633,BUY,4.264259999999999,14800,63111.04799999999,18.933314399999993,signal
2024-08-29,000506,BUY,1.2912899999999998,44100,56945.888999999996,17.083766699999998,signal
2024-08-29,000426,BUY,11.231219999999999,4500,50540.48999999999,15.162146999999996,signal
2024-08-29,000523,BUY,2.54254,18100,46019.973999999995,13.805992199999997,signal
2024-08-30,000411,SELL,8.83116,7600,67116.816,87.2518608,hold_days
2024-08-30,000017,SELL,5.40459,10200,55126.818,71.6648634,hold_days
2024-08-30,000505,SELL,4.90509,10000,49050.9,63.76617,hold_days
2024-08-30,000633,SELL,4.6859953139999995,14800,69352.73064719999,90.15854984135999,take_profit
2024-08-30,000609,BUY,1.9819799999999999,33100,65603.538,19.681061399999997,signal
2024-08-30,000561,BUY,6.156149999999999,9600,59099.03999999999,17.729711999999996,signal
2024-08-30,000017,BUY,5.41541,9800,53071.018,15.921305399999998,signal
2024-08-30,000572,BUY,3.0130099999999995,15800,47605.55799999999,14.281667399999996,signal
2024-09-02,000546,SELL,4.45554,12100,53912.034,70.08564419999999,hold_days
2024-09-02,000659,SELL,1.91808,26000,49870.08,64.831104,hold_days
2024-09-02,000659,BUY,1.9219199999999996,27800,53429.37599999999,16.028812799999994,signal
2024-09-02,000048,BUY,12.57256,3800,47775.727999999996,14.332718399999997,signal
2024-09-03,000506,SELL,1.4189985809999999,44100,62577.8374221,81.35118864872999,take_profit
2024-09-03,000506,BUY,1.4914899999999998,33200,49517.46799999999,14.855240399999996,signal
2024-09-04,000620,SELL,1.37862,36200,49906.044,64.8778572,hold_days
2024-09-04,000426,SELL,10.658989340999998,4500,47965.45203449999,62.35508764484999,stop_loss
2024-09-04,000017,SELL,5.950994049,9800,58319.7416802,75.81566418426,take_profit
2024-09-04,000536,BUY,2.22222,27100,60222.162000000004,18.0666486,signal
2024-09-04,000633,BUY,4.264259999999999,12700,54156.10199999999,16.246830599999996,signal
2024-09-04,000620,BUY,1.3813799999999998,35300,48762.71399999999,14.628814199999997,signal
2024-09-05,000523,SELL,2.4975,18100,45204.75,58.766175,hold_days
2024-09-05,000536,SELL,2.108997891,27100,57153.8428461,74.29999569993,stop_loss
2024-09-05,000633,SELL,4.6859953139999995,12700,59512.140487799996,77.36578263413999,take_profit
2024-09-05,000505,BUY,5.9059,10100,59649.59,17.894876999999997,signal
2024-09-05,000532,BUY,10.53052,5100,53705.651999999995,16.111695599999997,signal
2024-09-05,000633,BUY,4.4044,11000,48448.4,14.534519999999999,signal
2024-09-06,000609,SELL,2.07792,33100,68779.152,89.4128976,hold_days
2024-09-06,000561,SELL,6.293699999999999,9600,60419.52,78.54537599999999,hold_days
2024-09-06,000572,SELL,3.11688,15800,49246.704,64.0207152,hold_days
2024-09-06,000505,SELL,5.604994394999999,10100,56610.4433895,73.59357640635,stop_loss
2024-09-06,000546,BUY,4.604599999999999,14600,67227.15999999997,20.16814799999999,signal
2024-09-06,000536,BUY,2.1321299999999996,28400,60552.49199999999,18.165747599999996,signal
2024-09-06,000609,BUY,2.08208,26200,54550.496,16.3651488,signal
2024-09-06,000561,BUY,6.306299999999999,7700,48558.509999999995,14.567552999999997,signal
2024-09-09,000659,SELL,1.998,27800,55544.4,72.20772,hold_days
2024-09-09,000048,SELL,11.931988067999999,3800,45341.5546584,58.94402105591999,stop_loss
2024-09-09,000633,SELL,4.839995160000001,11000,53239.946760000006,69.211930788,take_profit
2024-09-09,000546,SELL,4.369995629999999,14600,63801.93619799999,82.94251705739998,stop_loss
2024-09-09,000536,SELL,2.3429976569999997,28400,66541.13345879999,86.50347349643998,take_profit
2024-09-09,000609,SELL,1.9759980239999997,26200,51771.14822879999,67.30249269743999,stop_loss
2024-09-09,000561,SELL,5.984994014999999,7700,46084.453915499995,59.90979009014999,stop_loss
2024-09-09,000546,BUY,4.384379999999999,18800,82426.34399999998,24.727903199999993,signal
2024-09-09,000017,BUY,5.53553,13400,74176.102,22.2528306,signal
2024-09-09,000426,BUY,10.190179999999998,6500,66236.16999999998,19.870850999999995,signal
2024-09-09,000534,BUY,8.78878,6800,59763.70399999999,17.929111199999994,signal
2024-09-09,000505,BUY,5.435429999999999,9900,53810.75699999999,16.143227099999997,signal
2024-09-10,000506,SELL,1.4154985844999999,33200,46994.5530054,61.09291890701999,stop_loss
2024-09-10,000426,SELL,9.670990328999999,6500,62861.43713849999,81.71986828004998,stop_loss
2024-09-10,000426,BUY,9.949939999999998,6000,59699.639999999985,17.909891999999992,signal
2024-09-10,000633,BUY,4.42442,12100,53535.481999999996,16.060644599999996,signal
2024-09-10,000603,BUY,9.59959,5000,47997.95,14.399384999999997,signal
2024-09-10,000048,BUY,12.172159999999998,3500,42602.55999999999,12.780767999999997,signal
2024-09-11,000620,SELL,1.3486500000000001,35300,47607.345,61.8895485,hold_days
2024-09-11,000426,SELL,9.442990556999996,6000,56657.94334199998,73.65532634459997,stop_loss
2024-09-11,000426,BUY,9.679669999999998,5100,49366.31699999999,14.809895099999995,signal
2024-09-11,000659,BUY,2.15215,20800,44764.719999999994,13.429415999999996,signal
2024-09-12,000532,SELL,10.51947,5100,53649.297,69.74408609999999,hold_days
2024-09-12,000546,SELL,4.817995182,18800,90578.3094216,117.75180224808,take_profit
2024-09-12,000546,BUY,4.854849999999999,11200,54374.31999999999,16.312295999999996,signal
2024-09-12,000609,BUY,1.9319299999999997,25500,49264.21499999999,14.779264499999995,signal
2024-09-18,000017,SELL,5.2534947464999995,13400,70396.82960309999,91.51587848402998,stop_loss
2024-09-18,000534,SELL,8.5914,6800,58421.520000000004,75.947976,hold_days
2024-09-18,000505,SELL,5.2947,9900,52417.53,68.142789,hold_days
2024-09-18,000633,SELL,4.198995801,12100,50807.849192099995,66.05020394972999,stop_loss
2024-09-18,000566,BUY,5.605599999999999,12000,67267.19999999998,20.180159999999994,signal
2024-09-18,000506,BUY,1.3013,46800,60900.84,18.270251999999996,signal
2024-09-18,000523,BUY,2.42242,22600,54746.691999999995,16.424007599999996,signal
2024-09-18,000561,BUY,6.346339999999999,7700,48866.81799999999,14.660045399999996,signal
2024-09-19,000603,SELL,9.82017,5000,49100.85,63.831104999999994,hold_days
2024-09-19,000048,SELL,12.00798,3500,42027.93,54.636309,hold_days
2024-09-19,000609,SELL,1.8334981664999996,25500,46754.20324574999,60.78046421947498,stop_loss
2024-09-19,000506,SELL,1.2349987649999998,46800,57797.94220199999,75.13732486259998,stop_loss
2024-09-19,000609,BUY,1.8818799999999998,34000,63983.91999999999,19.195175999999996,signal
2024-09-19,000505,BUY,5.425419999999999,10600,57509.45199999999,17.252835599999994,signal
2024-09-19,000506,BUY,1.2512499999999998,41400,51801.74999999999,15.540524999999997,signal
2024-09-19,000078,BUY,2.12212,21900,46474.42799999999,13.942328399999997,signal
2024-09-20,000426,SELL,10.06992,5100,51356.592,66.7635696,hold_days
2024-09-20,000659,SELL,2.2177800000000003,20800,46129.82400000001,59.968771200000006,hold_days
2024-09-20,000566,SELL,5.319994679999999,12000,63839.93615999998,82.99191700799997,stop_loss
2024-09-20,000561,SELL,6.973993025999999,7700,53699.74630019999,69.80967019026,take_profit
2024-09-20,000505,SELL,5.961994037999999,10600,63197.13680279999,82.15627784363998,take_profit
2024-09-20,000506,SELL,1.374998625,41400,56924.943074999996,74.0024259975,take_profit
2024-09-20,000659,BUY,2.22222,33900,75333.258,22.5999774,signal
2024-09-20,000505,BUY,6.066059999999999,11200,67939.87199999999,20.381961599999993,signal
2024-09-20,000663,BUY,4.45445,13700,61025.965,18.3077895,signal
2024-09-20,000048,BUY,12.082069999999998,4500,54369.31499999999,16.310794499999997,signal
2024-09-20,000593,BUY,4.564559999999999,10800,49297.24799999999,14.789174399999997,signal
2024-09-23,000546,SELL,4.98501,11200,55832.112,72.5817456,hold_days
2024-09-23,000546,BUY,4.99499,10000,49949.899999999994,14.984969999999997,signal
2024-09-23,000506,BUY,1.3213199999999998,34200,45189.14399999999,13.556743199999996,signal
2024-09-24,000659,SELL,2.4419975580000006,33900,82783.71721620002,107.61883238106002,take_profit
2024-09-24,000505,SELL,5.7569942429999985,11200,64478.33552159998,83.82183617807998,stop_loss
2024-09-24,000505,BUY,5.86586,9400,55139.083999999995,16.5417252,signal
2024-09-24,000633,BUY,4.2042,11800,49609.560000000005,14.882868,signal
2024-09-25,000523,SELL,2.661997338,22600,60161.1398388,78.20948179044,take_profit
2024-09-25,000426,BUY,11.24123,4500,50585.534999999996,15.175660499999998,signal
2024-09-26,000609,SELL,1.96803,34000,66913.02,86.986926,hold_days
2024-09-26,000078,SELL,2.26773,21900,49663.287,64.5622731,hold_days
2024-09-26,000663,SELL,4.894995105,13700,67061.43293849999,87.17986282004998,take_profit
2024-09-26,000048,SELL,13.276986723,4500,59746.440253500004,77.67037232955,take_profit
2024-09-26,000048,BUY,12.612599999999999,5500,69369.29999999999,20.810789999999994,signal
2024-09-26,000663,BUY,4.7047,13400,63042.979999999996,18.912893999999998,signal
2024-09-26,000407,BUY,2.7327299999999997,20800,56840.78399999999,17.052235199999995,signal
2024-09-26,000561,BUY,7.1471399999999985,7100,50744.69399999999,15.223408199999994,signal
2024-09-27,000593,SELL,5.015994984,10800,54172.7458272,70.42456957536,take_profit
2024-09-27,000546,SELL,5.488994511,10000,54889.94510999999,71.35692864299999,take_profit
2024-09-27,000633,SELL,4.61999538,11800,54515.945483999996,70.87072912919999,take_profit
2024-09-27,000048,SELL,13.85998614,5500,76229.92377,99.098900901,take_profit
2024-09-27,000663,SELL,5.16999483,13400,69277.930722,90.0613099386,take_profit
2024-09-27,000547,BUY,6.766759999999999,11300,76464.38799999999,22.939316399999996,signal
2024-09-27,000078,BUY,2.35235,29500,69394.325,20.818297499999996,signal
2024-09-27,000572,BUY,3.3633599999999997,18500,62222.159999999996,18.666648,signal
2024-09-27,000070,BUY,4.314309999999999,13000,56086.029999999984,16.825808999999992,signal
2024-09-27,000633,BUY,4.604599999999999,11000,50650.599999999984,15.195179999999993,signal
2024-09-30,000506,SELL,1.3985999999999998,34200,47832.119999999995,62.18175599999999,hold_days
2024-09-30,000505,SELL,6.445993554,9400,60592.339407600004,78.77004122988001,take_profit
2024-09-30,000426,SELL,12.352987647,4500,55588.4444115,72.26497773495,take_profit
2024-09-30,000407,SELL,3.002996997,20800,62462.3375376,81.20103879887999,take_profit
2024-09-30,000561,SELL,7.8539921459999995,7100,55763.344236599994,72.49234750757999,take_profit
2024-09-30,000547,SELL,7.435992563999999,11300,84026.71597319999,109.23473076515998,take_profit
2024-09-30,000078,SELL,2.584997415,29500,76257.4237425,99.13465086525,take_profit
2024-09-30,000572,SELL,3.695996304,18500,68375.931624,88.8887111112,take_profit
2024-09-30,000633,SELL,5.059994939999999,11000,55659.944339999995,72.35792764199999,take_profit
2024-09-30,000506,BUY,1.4013999999999998,71300,99919.81999999998,29.97594599999999,signal
2024-09-30,000505,BUY,6.28628,14600,91779.688,27.533906399999996,signal
2024-09-30,000559,BUY,4.924919999999999,16800,82738.65599999999,24.821596799999995,signal
2024-09-30,000036,BUY,3.62362,20600,74646.572,22.393971599999997,signal
2024-09-30,000530,BUY,4.172920751999999,16100,67184.02410719998,20.15520723215999,signal
2024-10-08,000070,SELL,4.740995258999999,13000,61632.93836699999,80.12281987709999,take_profit
2024-10-08,000505,SELL,6.907993092000001,14600,100856.6991432,131.11370888616,take_profit
2024-10-08,000559,SELL,5.411994588,16800,90921.50907839999,118.19796180191999,take_profit
2024-10-08,000036,SELL,3.9819960180000002,20600,82029.1179708,106.63785336203999,take_profit
2024-10-08,000530,SELL,4.5856226143728,16100,73828.52409140207,95.97708131882268,take_profit
2024-10-08,000036,BUY,4.19419,23800,99821.722,29.946516599999995,signal
2024-10-08,000070,BUY,4.884879999999999,18700,91347.25599999998,27.40417679999999,signal
2024-10-08,000572,BUY,4.03403,20300,81890.809,24.567242699999998,signal
2024-10-09,000036,SELL,3.9804960194999994,23800,94735.80526409998,123.15654684332998,stop_loss
2024-10-09,000070,SELL,4.6359953639999985,18700,86693.11330679998,112.70104729883997,stop_loss
2024-10-09,000572,SELL,3.8284961714999994,20300,77718.47228144998,101.03401396588498,stop_loss
2024-10-09,000532,BUY,14.634619999999998,6800,99515.41599999998,29.854624799999993,signal
2024-10-09,000633,BUY,5.29529,16900,89490.401,26.847120299999997,signal
2024-10-09,000070,BUY,4.66466,17300,80698.61799999999,24.209585399999995,signal
2024-10-09,000609,BUY,2.0120099999999996,36200,72834.76199999999,21.850428599999994,signal
2024-10-10,000532,SELL,13.888986110999998,6800,94445.10555479999,122.77863722123998,stop_loss
2024-10-10,000633,SELL,5.0254949745,16900,84930.86506904999,110.41012458976499,stop_loss
2024-10-10,000070,SELL,4.426995572999999,17300,76587.02341289999,99.56313043676998,stop_loss
2024-10-10,000609,SELL,1.9094980904999996,36200,69123.8308761,89.86098013892999,stop_loss
2024-10-10,000603,BUY,12.302289999999998,7900,97188.09099999999,29.156427299999994,signal
2024-10-10,000547,BUY,7.707699999999999,11400,87867.77999999998,26.360333999999995,signal
2024-10-10,000036,BUY,3.7037,21500,79629.55,23.888865,signal
2024-10-10,000639,BUY,2.8228199999999997,25300,71417.34599999999,21.425203799999995,signal
2024-10-10,000657,BUY,9.23923,6900,63750.68699999999,19.125206099999996,signal
2024-10-11,000547,SELL,7.314992684999999,11400,83390.91660899999,108.40819159169999,stop_loss
2024-10-11,000036,SELL,4.069995930000001,21500,87504.91249500003,113.75638624350003,take_profit
2024-10-11,000657,SELL,8.768491231499999,6900,60502.58949734999,78.65336634655498,stop_loss
2024-10-11,000551,BUY,10.73072,7500,80480.4,24.144119999999997,signal
2024-10-11,000530,BUY,4.3517602127999995,16800,73109.57157504,21.932871472511998,signal
2024-10-11,000592,BUY,1.7917899999999998,36700,65758.69299999998,19.727607899999995,signal
2024-10-11,000632,BUY,3.2632599999999994,18100,59065.00599999999,17.719501799999996,signal
2024-10-11,000571,BUY,3.5835799999999995,14900,53395.34199999999,16.018602599999994,signal
2024-10-14,000551,SELL,10.183989816,7500,76379.92362,99.293900706,stop_loss
2024-10-14,000530,SELL,4.13003802995784,16800,69384.6389032917,90.20003057427921,stop_loss
2024-10-14,000417,BUY,4.79479,13000,62332.27,18.699680999999998,signal
2024-10-14,000547,BUY,7.437429999999999,7500,55780.72499999999,16.734217499999996,signal
2024-10-14,000532,BUY,13.553539999999998,3700,50148.09799999999,15.044429399999997,signal
2024-10-14,000533,BUY,3.5335299999999994,12900,45582.53699999999,13.674761099999996,signal
2024-10-15,000506,SELL,1.51848,71300,108267.62400000001,140.7479112,hold_days
2024-10-15,000639,SELL,2.6789973209999993,25300,67778.63222129998,88.11222188768997,stop_loss
2024-10-15,000571,SELL,3.937996062,14900,58676.141323799995,76.27898372093999,take_profit
2024-10-15,000571,BUY,4.054049999999999,15900,64459.39499999999,19.337818499999994,signal
2024-10-15,000530,BUY,4.2126628543999995,13800,58134.74739072,17.440424217216,signal
2024-10-15,000546,BUY,5.45545,9600,52372.32,15.711695999999998,signal
2024-10-16,000532,SELL,12.862987136999998,3700,47593.05240689999,61.870968128969984,stop_loss
2024-10-16,000571,SELL,3.8474961524999993,15900,61175.18882474999,79.52774547217498,stop_loss
2024-10-16,000561,BUY,7.507499999999999,7700,57807.74999999999,17.342324999999995,signal
2024-10-16,000506,BUY,1.6016,32600,52212.159999999996,15.663647999999997,signal
2024-10-17,000603,SELL,13.21677,7900,104412.48300000001,135.73622790000002,hold_days
2024-10-17,000632,SELL,3.585996414,18100,64906.535093399994,84.37849562141999,take_profit
2024-10-17,000546,SELL,5.1774948225,9600,49703.950296,64.6151353848,stop_loss
2024-10-17,000632,BUY,3.2832799999999995,20900,68620.552,20.586165599999998,signal
2024-10-17,000620,BUY,1.6716699999999998,37100,62018.956999999995,18.605687099999997,signal
2024-10-17,000566,BUY,4.04404,13800,55807.752,16.742325599999997,signal
2024-10-18,000592,SELL,1.76823,36700,64894.041,84.36225329999999,hold_days
2024-10-18,000620,SELL,1.5864984134999998,37100,58859.09114084999,76.51681848310498,stop_loss
2024-10-18,000603,BUY,13.043029999999998,4800,62606.543999999994,18.781963199999996,signal
2024-10-18,000593,BUY,5.29529,10600,56130.07399999999,16.839022199999995,signal
2024-10-21,000417,SELL,4.72527,13000,61428.51,79.857063,hold_days
2024-10-21,000547,SELL,7.71228,7500,57842.1,75.19472999999999,hold_days
2024-10-21,000533,SELL,3.67632,12900,47424.528,61.651886399999995,hold_days
2024-10-21,000506,SELL,1.75999824,32600,57375.942624,74.5887254112,take_profit
2024-10-21,000506,BUY,1.85185,39400,72962.89,21.888866999999998,signal
2024-10-21,000663,BUY,5.59559,11700,65468.403,19.6405209,signal
2024-10-21,000639,BUY,2.74274,21600,59243.184,17.7729552,signal
2024-10-21,000036,BUY,3.9239199999999994,13600,53365.31199999999,16.009593599999995,signal
2024-10-22,000530,SELL,4.1447518992,13800,57197.57620896,74.356849071648,hold_days
2024-10-22,000036,SELL,4.311995688,13600,58643.1413568,76.23608376384,take_profit
2024-10-22,000417,BUY,4.86486,12200,59351.292,17.8053876,signal
2024-10-22,000572,BUY,3.3933899999999997,15800,53615.562,16.084668599999997,signal
2024-10-23,000561,SELL,7.94205,7700,61153.785,79.4999205,hold_days
2024-10-23,000566,SELL,4.443995556,13800,61327.1386728,79.72528027464,take_profit
2024-10-23,000506,SELL,2.0349979650000005,39400,80178.91982100002,104.23259576730001,take_profit
2024-10-23,000639,SELL,3.013996986,21600,65102.3348976,84.63303536688,take_profit
2024-10-23,000530,BUY,4.2524049567999995,17600,74842.32723967999,22.452698171903993,signal
2024-10-23,000510,BUY,3.7737699999999994,17900,67550.483,20.265144899999996,signal
2024-10-23,000547,BUY,7.947939999999999,7600,60404.34399999999,18.121303199999996,signal
2024-10-23,000070,BUY,5.004999999999999,10900,54554.49999999999,16.366349999999997,signal
2024-10-24,000632,SELL,3.34665,20900,69944.985,90.92848049999999,hold_days
2024-10-24,000572,SELL,3.7289962709999998,15800,58918.14108179999,76.59358340633999,take_profit
2024-10-24,000510,SELL,4.146995853,17900,74231.2257687,96.50059349930999,take_profit
2024-10-24,000506,BUY,2.14214,32400,69405.336,20.821600799999995,signal
2024-10-24,000592,BUY,1.8618599999999998,33600,62558.49599999999,18.767548799999997,signal
2024-10-24,000633,BUY,4.814809999999999,11700,56333.27699999999,16.899983099999996,signal
2024-10-25,000593,SELL,5.47452,10600,58029.912000000004,75.4388856,hold_days
2024-10-25,000017,BUY,6.506499999999999,8600,55955.899999999994,16.786769999999997,signal
2024-10-28,000663,SELL,5.70429,11700,66740.193,86.7622509,hold_days
2024-10-28,000417,SELL,5.345994654,12200,65221.1347788,84.78747521244,take_profit
2024-10-28,000530,SELL,4.67296780702752,17600,82244.23340368435,106.91750342478966,take_profit
2024-10-28,000506,SELL,2.3539976460000003,32400,76269.5237304,99.15038084952,take_profit
2024-10-28,000592,SELL,2.0459979539999997,33600,68745.53125439999,89.36919063071998,take_profit
2024-10-28,000663,BUY,5.71571,15100,86307.22099999999,25.892166299999996,signal
2024-10-28,000506,BUY,2.36236,33000,77957.87999999999,23.387363999999994,signal
2024-10-28,000530,BUY,4.729310185599999,14800,69993.79074687998,20.998137224063992,signal
2024-10-28,000523,BUY,3.1031,20400,63303.24,18.990972,signal
2024-10-28,000639,BUY,2.96296,19200,56888.831999999995,17.066649599999998,signal
2024-10-29,000070,SELL,5.4999945,10900,59949.94005,77.934922065,take_profit
2024-10-29,000530,SELL,4.488351831643679,14800,66427.60710832645,86.35588924082438,stop_loss
2024-10-29,000620,BUY,1.8017999999999998,35500,63963.899999999994,19.189169999999997,signal
2024-10-29,000609,BUY,2.24224,25600,57401.344,17.220403199999996,signal
2024-10-30,000547,SELL,8.31168,7600,63168.768000000004,82.1193984,hold_days
2024-10-30,000506,SELL,2.5959974040000002,33000,85667.91433200001,111.36828863160001,take_profit
2024-10-30,000620,SELL,1.70999829,35500,60704.939295,78.9164210835,stop_loss
2024-10-30,000417,BUY,5.145139999999999,14100,72546.47399999999,21.763942199999995,signal
2024-10-30,000547,BUY,8.32832,7800,64960.896,19.4882688,signal
2024-10-30,000659,BUY,2.8027999999999995,21000,58858.79999999999,17.657639999999994,signal
2024-10-31,000603,SELL,14.332985666999999,4800,68798.3312016,89.43783056208,take_profit
2024-10-31,000633,SELL,4.95504,11700,57973.968,75.3661584,hold_days
2024-10-31,000609,SELL,2.463997536,25600,63078.3369216,82.00183799807999,take_profit
2024-10-31,000510,BUY,4.18418,17200,71967.896,21.590368799999997,signal
2024-10-31,000532,BUY,14.154139999999998,4500,63693.62999999999,19.108088999999996,signal
2024-10-31,000632,BUY,3.6035999999999997,16200,58378.31999999999,17.513495999999996,signal
2024-11-01,000017,SELL,6.97302,8600,59967.972,77.9583636,hold_days
2024-11-01,000639,SELL,3.255996744,19200,62515.1374848,81.26967873023999,take_profit
2024-11-01,000659,SELL,2.6599973399999994,21000,55859.944139999985,72.61792738199998,stop_loss
2024-11-01,000559,BUY,6.506499999999999,10800,70270.2,21.081059999999997,signal
2024-11-01,000506,BUY,2.87287,22000,63203.14,18.960942,signal
2024-11-01,000036,BUY,4.684679999999999,12100,56684.62799999999,17.005388399999994,signal
2024-11-04,000663,SELL,6.2809937190000005,15100,94843.0051569,123.29590670397,take_profit
2024-11-04,000523,SELL,3.18681,20400,65010.924,84.51420119999999,hold_days
2024-11-04,000510,SELL,3.9709960289999997,17200,68301.13169879999,88.79147120843999,stop_loss
2024-11-04,000632,SELL,3.41999658,16200,55403.944595999994,72.02512797479999,stop_loss
2024-11-04,000559,SELL,6.174993824999999,10800,66689.93331,86.69691330299999,stop_loss
2024-11-04,000036,SELL,4.445995554,12100,53796.546203399994,69.93551006441999,stop_loss
2024-11-04,000036,BUY,4.73473,19300,91380.289,27.4140867,signal
2024-11-04,000632,BUY,3.49349,23600,82446.364,24.7339092,signal
2024-11-04,000609,BUY,2.2022,33700,74214.14,22.264242,signal
2024-11-04,000534,BUY,11.011,6000,66066.0,19.819799999999997,signal
2024-11-04,000620,BUY,1.8318299999999998,32900,60267.206999999995,18.080162099999995,signal
2024-11-05,000609,SELL,2.4199975800000004,33700,81553.91844600001,106.02009397980001,take_profit
2024-11-05,000559,BUY,6.926919999999999,9000,62342.27999999999,18.702683999999994,signal
2024-11-05,000639,BUY,3.6636599999999997,15300,56053.99799999999,16.816199399999995,signal
2024-11-06,000417,SELL,5.1748199999999995,14100,72964.962,94.85445059999999,hold_days
2024-11-06,000547,SELL,9.151990848,7800,71385.5286144,92.80118719871999,take_profit
2024-11-06,000506,SELL,3.156996843,22000,69453.930546,90.2901097098,take_profit
2024-11-06,000632,SELL,3.8389961610000003,23600,90600.30939960001,117.78040221948001,take_profit
2024-11-06,000534,SELL,12.0999879,6000,72599.9274,94.37990562,take_profit
2024-11-06,000620,SELL,2.0129979870000003,32900,66227.6337723,86.09592390399,take_profit
2024-11-06,000559,SELL,7.611992387999999,9000,68507.93149199999,89.06031093959999,take_profit
2024-11-06,000639,SELL,4.025995974000001,15300,61597.73840220001,80.07705992286002,take_profit
2024-11-06,000639,BUY,4.19419,23800,99821.722,29.946516599999995,signal
2024-11-06,000632,BUY,3.6536499999999994,26800,97917.81999999998,29.37534599999999,signal
2024-11-06,000620,BUY,2.06206,42700,88049.96199999998,26.414988599999994,signal
2024-11-06,000070,BUY,5.685679999999999,13900,79030.95199999998,23.70928559999999,signal
2024-11-06,000571,BUY,3.8638599999999994,18400,71095.02399999999,21.328507199999994,signal
2024-11-07,000532,SELL,14.91507,4500,67117.815,87.2531595,hold_days
2024-11-07,000036,SELL,5.202994797000001,19300,100417.79958210001,130.54313945673002,take_profit
2024-11-07,000639,SELL,3.9804960194999994,23800,94735.80526409998,123.15654684332998,stop_loss
2024-11-07,000632,SELL,4.014995985,26800,107601.892398,139.8824601174,take_profit
2024-11-07,000620,SELL,2.265997734,42700,96758.1032418,125.78553421433999,take_profit
2024-11-07,000536,BUY,8.208199999999998,12100,99319.21999999997,29.79576599999999,signal
2024-11-07,000530,BUY,5.6831206432,17500,99454.61125599999,29.836383376799994,signal
2024-11-07,000036,BUY,4.884879999999999,18600,90858.76799999998,27.257630399999993,signal
2024-11-07,000609,BUY,2.3823799999999995,34400,81953.87199999999,24.586161599999993,signal
2024-11-07,000534,BUY,12.18217,6000,73093.01999999999,21.927905999999997,signal
2024-11-08,000530,SELL,6.24518127481248,17500,109290.6723092184,142.0778740019839,take_profit
2024-11-08,000036,SELL,5.367994631999999,18600,99844.70015519999,129.79811020175998,take_profit
2024-11-08,000663,BUY,6.506499999999999,13400,87187.09999999999,26.156129999999994,signal
2024-11-08,000510,BUY,4.294289999999999,18300,78585.50699999998,23.575652099999992,signal
2024-11-08,000036,BUY,5.355349999999999,13200,70690.61999999998,21.207185999999993,signal
2024-11-08,000523,BUY,3.4534499999999997,18400,63543.479999999996,19.063043999999998,signal
2024-11-11,000523,SELL,3.2774967224999996,18400,60305.93969399999,78.3977216022,stop_loss
2024-11-11,000426,BUY,14.144129999999999,4400,62234.17199999999,18.670251599999997,signal
2024-11-11,000632,BUY,3.9639599999999997,14400,57081.024,17.124307199999997,signal
2024-11-12,000070,SELL,6.247993751999998,13900,86847.11315279998,112.90124709863997,take_profit
2024-11-12,000036,SELL,5.884994114999999,13200,77681.92231799998,100.98649901339998,take_profit
2024-11-12,000426,SELL,13.423486576499998,4400,59063.34093659999,76.78234321757998,stop_loss
2024-11-12,000426,BUY,13.92391,5200,72404.332,21.7212996,signal
2024-11-12,000070,BUY,6.28628,10500,66005.94,19.801782,signal
2024-11-12,000547,BUY,9.129119999999999,6500,59339.27999999999,17.801783999999994,signal
2024-11-13,000571,SELL,3.91608,18400,72055.872,93.6726336,hold_days
2024-11-13,000536,SELL,7.789992209999998,12100,94258.90574099997,122.53657746329995,stop_loss
2024-11-13,000609,SELL,2.6179973819999995,34400,90059.10994079999,117.07684292303998,take_profit
2024-11-13,000426,SELL,13.2144867855,5200,68715.3312846,89.32993066998,stop_loss
2024-11-13,000657,BUY,10.9109,7900,86196.11,25.858832999999997,signal
2024-11-13,000078,BUY,3.1231199999999997,24900,77765.688,23.329706399999996,signal
2024-11-13,000571,BUY,3.9239199999999994,17800,69845.77599999998,20.953732799999994,signal
2024-11-13,000609,BUY,2.6526499999999995,23700,62867.804999999986,18.860341499999993,signal
2024-11-14,000534,SELL,12.37761,6000,74265.66,96.545358,hold_days
2024-11-14,000510,SELL,4.075495924499999,18300,74581.57541834998,96.95604804385498,stop_loss
2024-11-14,000070,SELL,5.9659940339999995,10500,62642.937356999995,81.43581856409999,stop_loss
2024-11-14,000547,SELL,8.663991335999997,6500,56315.94368399998,73.21072678919998,stop_loss
2024-11-14,000078,SELL,2.9639970359999994,24900,73803.52619639998,95.94458405531996,stop_loss
2024-11-14,000547,BUY,8.83883,10200,90156.06599999999,27.046819799999994,signal
2024-11-14,000070,BUY,6.23623,13100,81694.613,24.5083839,signal
2024-11-14,000510,BUY,4.18418,17600,73641.568,22.092470399999996,signal
2024-11-14,000078,BUY,3.0530499999999994,21700,66251.18499999998,19.875355499999994,signal
2024-11-14,000534,BUY,12.402389999999999,4800,59531.471999999994,17.859441599999997,signal
2024-11-15,000663,SELL,6.174993824999999,13400,82744.91725499998,107.56839243149997,stop_loss
2024-11-15,000657,SELL,10.354989645,7900,81804.4181955,106.34574365414998,stop_loss
2024-11-15,000571,SELL,3.7239962759999994,17800,66287.13371279999,86.17327382663998,stop_loss
2024-11-15,000547,SELL,8.3884916115,10200,85562.6144373,111.23139876849,stop_loss
2024-11-15,000070,SELL,5.9184940815,13100,77532.27246765,100.79195420794498,stop_loss
2024-11-15,000510,SELL,3.9709960289999997,17600,69889.5301104,90.85638914351999,stop_loss
2024-11-15,000078,SELL,2.897497102499999,21700,62875.687124249984,81.73839326152498,stop_loss
2024-11-15,000534,SELL,11.770488229499998,4800,56498.34350159999,73.44784655208,stop_loss
2024-11-15,000070,BUY,5.92592,16800,99555.45599999999,29.866636799999995,signal
2024-11-15,000659,BUY,2.89289,34500,99804.705,29.941411499999997,signal
2024-11-15,000017,BUY,6.766759999999999,13600,92027.93599999999,27.608380799999992,signal
2024-11-15,000534,BUY,12.14213,6800,82566.484,24.769945199999995,signal
2024-11-15,000547,BUY,8.46846,8800,74522.448,22.3567344,signal
2024-11-18,000632,SELL,3.7619962379999996,14400,54172.74582719999,70.42456957535998,stop_loss
2024-11-18,000070,SELL,5.623994376,16800,94483.1055168,122.82803717184,stop_loss
2024-11-18,000659,SELL,2.7454972545,34500,94719.65528025001,123.13555186432501,stop_loss
2024-11-18,000017,SELL,6.421993577999999,13600,87339.11266079998,113.54084645903997,stop_loss
2024-11-18,000534,SELL,11.523488476499999,6800,78359.72164019999,101.86763813225998,stop_loss
2024-11-18,000547,SELL,8.036991963,8800,70725.5292744,91.94318805672,stop_loss
2024-11-18,000070,BUY,5.815809999999999,17100,99450.35099999998,29.83510529999999,signal
2024-11-18,000632,BUY,3.8138099999999997,26200,99921.82199999999,29.976546599999992,signal
2024-11-18,000547,BUY,8.24824,11500,94854.76,28.456427999999995,signal
2024-11-18,000663,BUY,6.156149999999999,13900,85570.48499999999,25.671145499999994,signal
2024-11-18,000546,BUY,5.69569,13500,76891.815,23.0675445,signal
2024-11-19,000609,SELL,2.517497482499999,23700,59664.69033524998,77.56409743582498,stop_loss
2024-11-19,000070,SELL,5.519494480499999,17100,94383.35561654998,122.69836230151496,stop_loss
2024-11-19,000663,SELL,5.842494157499999,13900,81210.66878924999,105.57386942602498,stop_loss
2024-11-19,000546,SELL,5.4054945944999995,13500,72974.17702574999,94.86643013347498,stop_loss
2024-11-19,000530,BUY,5.037311479199999,19800,99738.76728815997,29.921630186447988,signal
2024-11-19,000036,BUY,5.24524,17100,89693.60399999999,26.908081199999994,signal
2024-11-19,000070,BUY,5.605599999999999,14400,80720.63999999998,24.216191999999992,signal
2024-11-19,000523,BUY,3.14314,23200,72920.848,21.876254399999997,signal
2024-11-19,000571,BUY,3.6636599999999997,17900,65579.514,19.673854199999997,signal
2024-11-20,000036,SELL,5.763994236,17100,98564.3014356,128.13359186628,take_profit
2024-11-20,000559,BUY,6.32632,10900,68956.888,20.6870664,signal
2024-11-20,000659,BUY,2.9028999999999994,21400,62122.05999999998,18.636617999999995,signal
2024-11-20,000561,BUY,9.13913,6100,55748.693,16.7246079,signal
2024-11-20,000609,BUY,2.47247,20300,50191.140999999996,15.057342299999997,signal
2024-11-22,000559,SELL,6.003993995999999,10900,65443.534556399994,85.07659492331999,stop_loss
2024-11-22,000659,SELL,2.754997244999999,21400,58956.94104299998,76.64402335589996,stop_loss
2024-11-22,000561,SELL,10.042989957000001,6100,61262.238737700005,79.64091035901001,take_profit
2024-11-22,000609,SELL,2.716997283,20300,55155.0448449,71.70155829837,take_profit
2024-11-22,000609,BUY,2.6126099999999997,26500,69234.165,20.770249499999995,signal
2024-11-22,000663,BUY,6.226219999999999,10000,62262.19999999999,18.678659999999994,signal
2024-11-22,000546,BUY,6.316309999999999,8900,56215.15899999999,16.864547699999996,signal
2024-11-22,000659,BUY,2.8628599999999995,17600,50386.33599999999,15.115900799999995,signal
2024-11-25,000632,SELL,3.8961,26200,102077.82,132.701166,hold_days
2024-11-25,000547,SELL,7.827992171999998,11500,90021.90997799998,117.02848297139997,stop_loss
2024-11-25,000530,SELL,5.535501584492879,19800,109602.931372959,142.4838107848467,take_profit
2024-11-25,000609,SELL,2.4794975204999994,26500,65706.68429324999,85.41868958122498,stop_loss
2024-11-25,000663,SELL,5.9089940909999985,10000,59089.94090999998,76.81692318299997,stop_loss
2024-11-25,000659,SELL,2.716997282999999,17600,47819.15218079998,62.16489783503997,stop_loss
2024-11-25,000510,BUY,3.9239199999999994,23600,92604.51199999999,27.781353599999996,signal
2024-11-25,000036,BUY,5.705699999999999,14600,83303.21999999999,24.990965999999993,signal
2024-11-25,000017,BUY,6.436429999999999,11700,75306.23099999999,22.591869299999992,signal
2024-11-25,000633,BUY,5.105099999999999,13200,67387.31999999999,20.216195999999997,signal
2024-11-25,000663,BUY,6.126119999999999,9900,60648.587999999996,18.1945764,signal
2024-11-26,000070,SELL,5.544449999999999,14400,79840.07999999999,103.79210399999998,hold_days
2024-11-26,000523,SELL,3.13686,23200,72775.152,94.6076976,hold_days
2024-11-26,000571,SELL,3.86613,17900,69203.727,89.96484509999999,hold_days
2024-11-26,000546,SELL,6.940993058999999,8900,61774.83822509999,80.30728969263,take_profit
2024-11-26,000632,BUY,4.12412,20200,83307.22399999999,24.992167199999994,signal
2024-11-26,000609,BUY,2.54254,29500,75004.93,22.501478999999996,signal
2024-11-26,000534,BUY,11.9119,5600,66706.64,20.011992,signal
2024-11-26,000659,BUY,2.8027999999999995,21700,60820.75999999999,18.246227999999995,signal
2024-11-26,000532,BUY,13.50349,4000,54013.96,16.204188,signal
2024-11-27,000036,SELL,5.414994585,14600,79058.92094099999,102.77659722329999,stop_loss
2024-11-27,000663,SELL,5.8139941859999995,9900,57558.54244139999,74.82610517381998,stop_loss
2024-11-27,000609,SELL,2.4129975869999996,29500,71183.42881649999,92.53845746144998,stop_loss
2024-11-27,000534,SELL,11.304988694999999,5600,63307.936691999996,82.30031769959999,stop_loss
2024-11-27,000659,SELL,2.6599973399999994,21700,57721.94227799999,75.03852496139999,stop_loss
2024-11-27,000593,BUY,5.875869999999999,13900,81674.593,24.502377899999995,signal
2024-11-27,000663,BUY,5.935929999999999,12400,73605.53199999999,22.081659599999995,signal
2024-11-27,000530,BUY,5.335377247199999,12400,66158.67786528,19.847603359584,signal
2024-11-27,000036,BUY,5.565559999999999,10700,59551.491999999984,17.865447599999992,signal
2024-11-27,000620,BUY,1.9719699999999998,27400,54031.977999999996,16.209593399999996,signal
2024-11-28,000036,SELL,5.281994717999998,10700,56517.34348259998,73.47254652737998,stop_loss
2024-11-28,000659,BUY,2.7727699999999995,19600,54346.291999999994,16.303887599999996,signal
2024-12-02,000510,SELL,3.94605,23600,93126.78,121.064814,hold_days
2024-12-02,000017,SELL,7.072992927,11700,82754.0172459,107.58022241967,take_profit
2024-12-02,000633,SELL,5.30469,13200,70021.908,91.02848039999999,hold_days
2024-12-02,000632,SELL,4.531995468,20200,91546.3084536,119.01020098967999,take_profit
2024-12-02,000532,SELL,14.838985161,4000,59355.940644,77.1627228372,take_profit
2024-12-02,000620,SELL,2.166997833,27400,59375.7406242,77.18846281146,take_profit
2024-12-02,000659,SELL,3.046996953,19600,59721.1402788,77.63748236244,take_profit
2024-12-02,000632,BUY,4.21421,23700,99876.77699999999,29.963033099999993,signal
2024-12-02,000017,BUY,7.067059999999999,12700,89751.66199999998,26.925498599999994,signal
2024-12-02,000592,BUY,2.63263,30900,81348.26699999999,24.404480099999997,signal
2024-12-02,000620,BUY,2.12212,34500,73213.14,21.963942,signal
2024-12-02,000566,BUY,5.99599,11000,65955.89,19.786766999999998,signal
2024-12-03,000632,SELL,4.630995369,23700,109754.5902453,142.68096731889,take_profit
2024-12-03,000592,SELL,2.8929971070000002,30900,89393.6106063,116.21169378819,take_profit
2024-12-03,000566,SELL,6.588993411000001,11000,72478.927521,94.2226057773,take_profit
2024-12-03,000566,BUY,6.7067,12900,86516.43,25.954928999999996,signal
2024-12-03,000632,BUY,4.45445,17400,77507.43,23.252228999999996,signal
2024-12-03,000592,BUY,2.7027,25900,69999.93000000001,20.999979,signal
2024-12-03,000572,BUY,5.185179999999999,12100,62740.677999999985,18.822203399999992,signal
2024-12-03,000609,BUY,2.5024999999999995,22700,56806.749999999985,17.042024999999995,signal
2024-12-04,000593,SELL,6.06393,13900,84288.62700000001,109.57521510000001,hold_days
2024-12-04,000663,SELL,6.22377,12400,77174.748,100.32717240000001,hold_days
2024-12-04,000530,SELL,5.5329463152,12400,68608.53430848,89.19109460102399,hold_days
2024-12-04,000566,SELL,6.364993634999999,12900,82108.4178915,106.74094325894998,stop_loss
2024-12-04,000592,SELL,2.9699970300000005,25900,76922.92307700001,99.99980000010001,take_profit
2024-12-04,000572,SELL,4.920995078999999,12100,59544.04045589999,77.40725259266998,stop_loss
2024-12-04,000609,SELL,2.3749976249999993,22700,53912.446087499986,70.08617991374997,stop_loss
2024-12-04,000506,BUY,3.4033999999999995,29300,99719.61999999998,29.915885999999993,signal
2024-12-04,000592,BUY,2.9829799999999995,30600,91279.18799999998,27.383756399999992,signal
2024-12-04,000659,BUY,3.3233199999999994,24700,82086.00399999999,24.625801199999994,signal
2024-12-04,000657,BUY,10.50049,7000,73503.43,22.051028999999996,signal
2024-12-04,000609,BUY,2.45245,27100,66461.39499999999,19.938418499999994,signal
2024-12-05,000620,SELL,2.3319976679999996,34500,80453.91954599999,104.59009540979999,take_profit
2024-12-05,000506,SELL,3.229996769999999,29300,94638.90536099998,123.03057696929997,stop_loss
2024-12-05,000592,SELL,2.8309971689999998,30600,86628.5133714,112.61706738282,stop_loss
2024-12-05,000657,SELL,9.965490034499998,7000,69758.43024149998,90.68595931394998,stop_loss
2024-12-05,000609,SELL,2.3274976724999994,27100,63075.186924749985,81.99774300217497,stop_loss
2024-12-05,000510,BUY,4.954949999999999,20000,99098.99999999999,29.729699999999994,signal
2024-12-05,000572,BUY,4.66466,19100,89095.006,26.728501799999997,signal
2024-12-05,000657,BUY,10.07006,8000,80560.48,24.168143999999998,signal
2024-12-05,000566,BUY,5.765759999999999,12500,72071.99999999999,21.621599999999994,signal
2024-12-05,000533,BUY,4.53453,14400,65297.232,19.589169599999998,signal
2024-12-06,000510,SELL,4.7024952975,20000,94049.90594999999,122.26487773499997,stop_loss
2024-12-06,000417,BUY,6.366359999999999,10700,68120.052,20.436015599999998,signal
2024-12-06,000609,BUY,2.47247,24800,61317.256,18.395176799999998,signal
2024-12-06,000620,BUY,2.3022999999999993,24000,55255.19999999998,16.576559999999994,signal
2024-12-09,000017,SELL,7.31268,12700,92871.03600000001,120.7323468,hold_days
2024-12-09,000078,BUY,3.0630599999999997,19200,58810.75199999999,17.643225599999997,signal
2024-12-10,000632,SELL,4.50549,17400,78395.526,101.91418379999999,hold_days
2024-12-10,000530,BUY,5.762604847999999,10500,60507.350903999984,18.152205271199993,signal
2024-12-11,000659,SELL,3.24675,24700,80194.725,104.25314250000001,hold_days
2024-12-11,000620,SELL,2.5299974699999996,24000,60719.93927999999,78.93592106399998,take_profit
2024-12-11,000536,BUY,5.83583,11800,68862.794,20.658838199999998,signal
2024-12-11,000510,BUY,4.354349999999999,14200,61831.76999999999,18.549530999999995,signal
2024-12-12,000572,SELL,4.94505,19100,94450.455,122.7855915,hold_days
2024-12-12,000657,SELL,9.950040000000001,8000,79600.32,103.480416,hold_days
2024-12-12,000566,SELL,5.91408,12500,73926.0,96.10379999999999,hold_days
2024-12-12,000533,SELL,4.75524,14400,68475.45599999999,89.01809279999999,hold_days
2024-12-12,000417,SELL,6.995993004,10700,74857.1251428,97.31426268563999,take_profit
2024-12-12,000620,BUY,2.66266,35600,94790.696,28.437208799999997,signal
2024-12-12,000546,BUY,5.83583,14600,85203.11799999999,25.560935399999995,signal
2024-12-12,000506,BUY,3.0630599999999997,25100,76882.806,23.064841799999996,signal
2024-12-12,000561,BUY,9.109099999999998,7600,69229.15999999999,20.768747999999995,signal
2024-12-12,000572,BUY,4.954949999999999,12500,61936.87499999999,18.581062499999994,signal
2024-12-13,000609,SELL,2.57742,24800,63920.016,83.0960208,hold_days
2024-12-13,000530,SELL,6.3325264674672,10500,66491.5279084056,86.43898628092727,take_profit
2024-12-13,000620,SELL,2.925997074,35600,104165.4958344,135.41514458472,take_profit
2024-12-13,000620,BUY,2.9129099999999997,27300,79522.44299999998,23.856732899999994,signal
2024-12-13,000659,BUY,3.7537499999999997,19000,71321.25,21.396375,signal
2024-12-13,000036,BUY,5.05505,12700,64199.134999999995,19.259740499999996,signal
2024-12-16,000078,SELL,2.93706,19200,56391.551999999996,73.30901759999999,hold_days
2024-12-16,000546,SELL,5.538494461499999,14600,80862.01913789999,105.12062487926998,stop_loss
2024-12-16,000620,SELL,2.7644972354999995,27300,75470.77452914999,98.11200688789498,stop_loss
2024-12-16,000036,SELL,4.797495202499999,12700,60928.189071749985,79.20664579327497,stop_loss
2024-12-16,000609,BUY,2.5024999999999995,34100,85335.24999999999,25.600574999999992,signal
2024-12-16,000632,BUY,4.684679999999999,16400,76828.752,23.048625599999998,signal
2024-12-16,000546,BUY,5.74574,12000,68948.87999999999,20.684663999999994,signal
2024-12-16,000417,BUY,6.746739999999999,9200,62070.007999999994,18.6210024,signal
2024-12-17,000536,SELL,5.538494461499999,11800,65354.23464569999,84.96050503940998,stop_loss
2024-12-17,000510,SELL,4.132495867499999,14200,58681.441318499994,76.28587371404998,stop_loss
2024-12-17,000561,SELL,8.644991354999997,7600,65701.93429799998,85.41251458739997,stop_loss
2024-12-17,000659,SELL,3.5624964374999997,19000,67687.4323125,87.99366200624999,stop_loss
2024-12-17,000632,SELL,4.445995554,16400,72914.32708559999,94.78862521127998,stop_loss
2024-12-17,000546,SELL,5.452994546999999,12000,65435.934563999996,85.06671493319999,stop_loss
2024-12-17,000417,SELL,6.402993596999998,9200,58907.54109239998,76.57980342011997,stop_loss
2024-12-17,000632,BUY,4.65465,21400,99609.51000000001,29.882853,signal
2024-12-17,000530,BUY,7.878871800799999,11600,91394.91288927999,27.418473866783994,signal
2024-12-17,000546,BUY,5.57557,14700,81960.879,24.5882637,signal
2024-12-17,000017,BUY,7.3573499999999985,10000,73573.49999999999,22.072049999999994,signal
2024-12-17,000633,BUY,5.66566,11700,66288.222,19.886466599999995,signal
2024-12-18,000609,SELL,2.3749976249999993,34100,80987.41901249997,105.28364471624997,stop_loss
2024-12-18,000632,SELL,4.4174955825,21400,94534.40546549999,122.89472710514998,stop_loss
2024-12-18,000546,SELL,5.291494708499999,14700,77784.97221494999,101.12046387943498,stop_loss
2024-12-18,000017,SELL,6.982493017499999,10000,69824.93017499999,90.77240922749998,stop_loss
2024-12-18,000633,SELL,5.376994623,11700,62910.8370891,81.78408821583,stop_loss
2024-12-18,000017,BUY,6.836829999999999,14400,98450.35199999998,29.535105599999994,signal
2024-12-18,000523,BUY,3.41341,26000,88748.65999999999,26.624597999999995,signal
2024-12-18,000609,BUY,2.43243,32900,80026.947,24.008084099999998,signal
2024-12-18,000407,BUY,3.4434399999999994,20900,71967.896,21.590368799999997,signal
2024-12-18,000620,BUY,2.5125099999999994,25800,64822.75799999998,19.446827399999993,signal
2024-12-19,000506,SELL,3.365996634,25100,84486.5155134,109.83247016741998,take_profit
2024-12-19,000572,SELL,4.7024952975,12500,58781.19121875,76.41554858437499,stop_loss
2024-12-19,000530,SELL,7.477443282549239,11600,86738.34207757117,112.75984470084252,stop_loss
2024-12-19,000572,BUY,4.814809999999999,16800,80888.80799999998,24.26664239999999,signal
2024-12-19,000532,BUY,15.765749999999999,4600,72522.45,21.756734999999995,signal
2024-12-19,000506,BUY,3.3032999999999992,19900,65735.66999999998,19.720700999999995,signal
2024-12-19,000510,BUY,4.054049999999999,14600,59189.12999999999,17.756738999999996,signal
2024-12-19,000036,BUY,4.46446,11900,53127.074,15.938122199999999,signal
2024-12-20,000532,SELL,14.962485037499999,4600,68827.4311725,89.47566052425,stop_loss
2024-12-20,000505,BUY,6.506499999999999,8400,54654.59999999999,16.396379999999997,signal
2024-12-23,000017,SELL,6.488493511499999,14400,93434.30656559998,121.46459853527998,stop_loss
2024-12-23,000523,SELL,3.2394967605,26000,84226.915773,109.4949905049,stop_loss
2024-12-23,000609,SELL,2.3084976915,32900,75949.57405035,98.73444626545499,stop_loss
2024-12-23,000620,SELL,2.3844976154999995,25800,61520.03847989999,79.97605002386997,stop_loss
2024-12-23,000572,SELL,4.569495430499998,16800,76767.52323239997,99.79778020211995,stop_loss
2024-12-23,000506,SELL,3.6299963699999993,19900,72236.92776299999,93.90800609189998,take_profit
2024-12-23,000510,SELL,3.8474961524999993,14600,56173.44382649999,73.02547697444999,stop_loss
2024-12-23,000632,BUY,4.3043,23200,99859.76,29.957927999999995,signal
2024-12-23,000506,BUY,3.5935899999999994,25400,91277.18599999999,27.383155799999994,signal
2024-12-23,000417,BUY,6.146139999999999,13400,82358.27599999998,24.707482799999994,signal
2024-12-23,000620,BUY,2.42242,30600,74126.052,22.237815599999998,signal
2024-12-23,000017,BUY,6.98698,9500,66376.31,19.912892999999997,signal
2024-12-24,000407,SELL,3.267996731999999,20900,68301.13169879997,88.79147120843996,stop_loss
2024-12-24,000036,SELL,4.236995763,11900,50420.2495797,65.54632445361,stop_loss
2024-12-24,000632,SELL,4.084995914999999,23200,94771.90522799997,123.20347679639995,stop_loss
2024-12-24,000417,SELL,5.832994166999998,13400,78162.12183779998,101.61075838913996,stop_loss
2024-12-24,000620,SELL,2.298997701,30600,70349.32965059999,91.45412854577998,stop_loss
2024-12-24,000017,SELL,6.630993369,9500,62994.437005499996,81.89276810714999,stop_loss
2024-12-24,000571,BUY,3.2732699999999997,30500,99834.73499999999,29.950420499999993,signal
2024-12-24,000546,BUY,4.7047,19600,92212.12,27.663635999999997,signal
2024-12-24,000593,BUY,5.545539999999999,15000,83183.09999999999,24.954929999999994,signal
2024-12-24,000566,BUY,5.08508,14700,74750.67599999999,22.425202799999997,signal
2024-12-24,000663,BUY,6.2062,10800,67026.96,20.108088,signal
2024-12-25,000505,SELL,6.174993824999999,8400,51869.94812999999,67.43093256899998,stop_loss
2024-12-25,000506,SELL,3.948996051,25400,100304.4996954,130.39584960402,take_profit
2024-12-25,000566,SELL,4.825995173999999,14700,70942.12905779999,92.22476777513998,stop_loss
2024-12-25,000663,SELL,5.88999411,10800,63611.936388,82.6955173044,stop_loss
2024-12-25,000506,BUY,4.024019999999999,22200,89333.24399999998,26.79997319999999,signal
2024-12-25,000036,BUY,4.274269999999999,18800,80356.27599999997,24.106882799999987,signal
2024-12-25,000620,BUY,2.3223199999999995,31200,72456.38399999999,21.736915199999995,signal
2024-12-25,000523,BUY,3.2632599999999994,20000,65265.19999999999,19.579559999999994,signal
2024-12-25,000633,BUY,4.674669999999999,12500,58433.374999999985,17.530012499999994,signal
2024-12-26,000407,BUY,3.2432399999999997,16300,52864.812,15.859443599999999,signal
2024-12-26,000572,BUY,4.18418,11300,47281.234,14.184370199999998,signal
2024-12-27,000506,SELL,4.421995578,22200,98168.3018316,127.61879238107998,take_profit
2024-12-27,000506,BUY,4.434429999999999,11800,52326.27399999999,15.697882199999995,signal
2024-12-30,000571,SELL,3.596996403,30500,109708.39029149999,142.62090737895,take_profit
2024-12-30,000036,SELL,4.056495943499999,18800,76262.12373779998,99.14076085913997,stop_loss
2024-12-30,000523,SELL,3.0969969029999995,20000,61939.93805999999,80.52191947799999,stop_loss
2024-12-30,000633,SELL,4.4364955634999985,12500,55456.19454374998,72.09305290687497,stop_loss
2024-12-30,000506,SELL,4.208495791499999,11800,49660.25033969999,64.55832544160998,stop_loss
2024-12-30,000417,BUY,6.146139999999999,13400,82358.27599999998,24.707482799999994,signal
2024-12-30,000571,BUY,3.6035999999999997,20600,74234.15999999999,22.270247999999995,signal
2024-12-30,000632,BUY,3.8838799999999996,17200,66802.73599999999,20.040820799999995,signal
2024-12-30,000532,BUY,13.753739999999999,4300,59141.081999999995,17.742324599999996,signal
2024-12-30,000536,BUY,4.894889999999999,11100,54333.278999999995,16.2999837,signal
2024-12-31,000546,SELL,4.8551400000000005,19600,95160.744,123.7089672,hold_days
2024-12-31,000593,SELL,5.48451,15000,82267.65000000001,106.947945,hold_days
2024-12-31,000620,SELL,2.2039977959999995,31200,68764.73123519999,89.39415060575998,stop_loss
2024-12-31,000632,SELL,3.6859963139999996,17200,63399.1366008,82.41887758104,stop_loss
2024-12-31,000536,SELL,4.645495354499999,11100,51564.99843494999,67.03449796543498,stop_loss
2024-12-31,000609,BUY,2.39239,35500,84929.84499999999,25.478953499999992,signal
2024-12-31,000639,BUY,3.6436399999999995,21000,76516.43999999999,22.954931999999996,signal
2024-12-31,000048,BUY,17.507489999999997,3900,68279.211,20.483763299999996,signal
2024-12-31,000566,BUY,4.924919999999999,12600,62053.99199999999,18.616197599999996,signal
2024-12-31,000536,BUY,4.714709999999999,11800,55633.577999999994,16.690073399999996,signal
2025-01-02,000417,SELL,6.753993245999999,13400,90503.50949639999,117.65456234531997,take_profit
2025-01-02,000571,SELL,3.41999658,20600,70451.929548,91.5875084124,stop_loss
2025-01-02,000532,SELL,13.052986946999999,4300,56127.8438721,72.96619703373,stop_loss
2025-01-02,000048,SELL,16.6154833845,3900,64800.38519954999,84.24050075941499,stop_loss
2025-01-02,000566,SELL,4.673995325999999,12600,58892.34110759999,76.56004343987999,stop_loss
2025-01-02,000536,SELL,4.474495525499999,11800,52799.04720089999,68.63876136116998,stop_loss
2025-01-02,000506,BUY,3.9139099999999996,22900,89628.53899999999,26.888561699999993,signal
2025-01-02,000417,BUY,6.176169999999999,13000,80290.20999999999,24.087062999999997,signal
2025-01-02,000532,BUY,13.133119999999998,5500,72232.15999999999,21.669647999999995,signal
2025-01-02,000048,BUY,17.30729,3700,64036.97299999999,19.211091899999996,signal
2025-01-02,000536,BUY,4.504499999999999,13000,58558.49999999999,17.567549999999997,signal
2025-01-03,000407,SELL,3.2367600000000003,16300,52759.188,68.5869444,hold_days
2025-01-03,000572,SELL,3.9709960289999997,11300,44872.255127699995,58.33393166600999,stop_loss
2025-01-03,000639,SELL,3.4579965419999996,21000,72617.927382,94.40330559659999,stop_loss
2025-01-03,000506,SELL,3.714496285499999,22900,85061.96493794998,110.58055441933496,stop_loss
2025-01-03,000417,SELL,6.786993212999999,13000,88230.91176899998,114.70018529969997,take_profit
2025-01-03,000532,SELL,12.463987535999998,5500,68551.93144799999,89.11751088239998,stop_loss
2025-01-03,000048,SELL,16.425483574499996,3700,60774.28922564998,79.00657599334498,stop_loss
2025-01-03,000536,SELL,4.274995724999999,13000,55574.94442499999,72.24742775249997,stop_loss
2025-01-03,000506,BUY,3.7637599999999996,26500,99739.63999999998,29.921891999999993,signal
2025-01-03,000417,BUY,6.956949999999999,13700,95310.21499999998,28.593064499999993,signal
2025-01-03,000532,BUY,12.792779999999999,6700,85711.62599999999,25.713487799999996,signal
2025-01-03,000017,BUY,6.646639999999999,11700,77765.68799999998,23.329706399999992,signal
2025-01-03,000510,BUY,3.5935899999999994,19400,69715.646,20.914693799999995,signal
2025-01-06,000417,SELL,6.602493397499999,13700,90454.15954575,117.59040740947499,stop_loss
2025-01-06,000532,SELL,12.140987858999997,6700,81344.61865529999,105.74800425188998,stop_loss
2025-01-06,000017,SELL,6.307993691999998,11700,73803.52619639998,95.94458405531996,stop_loss
2025-01-06,000510,SELL,3.4104965894999992,19400,66163.63383629998,86.01272398718997,stop_loss
2025-01-06,000657,BUY,8.57857,10900,93506.41299999999,28.051923899999995,signal
2025-01-06,000532,BUY,12.022009999999998,7000,84154.06999999999,25.246220999999995,signal
2025-01-06,000620,BUY,2.08208,36700,76412.336,22.923700799999995,signal
2025-01-06,000534,BUY,12.592579999999998,5400,67999.93199999999,20.399979599999995,signal
2025-01-06,000572,BUY,3.8438399999999993,16100,61885.823999999986,18.565747199999993,signal
2025-01-07,000609,SELL,2.2704977294999997,35500,80602.66939724999,104.78347021642499,stop_loss
2025-01-07,000506,SELL,3.5719964279999994,26500,94657.90534199998,123.05527694459997,stop_loss
2025-01-07,000620,SELL,1.9759980239999997,36700,72519.12748079999,94.27486572503997,stop_loss
2025-01-07,000534,SELL,11.950988048999998,5400,64535.335464599986,83.89593610397998,stop_loss
2025-01-07,000536,BUY,4.12412,21000,86606.51999999999,25.981955999999993,signal
2025-01-07,000639,BUY,3.4534499999999997,22600,78047.96999999999,23.414390999999995,signal
2025-01-07,000632,BUY,3.4534499999999997,20400,70450.37999999999,21.135113999999994,signal
2025-01-07,000633,BUY,4.2042,15100,63483.420000000006,19.045026,signal
2025-01-07,000017,BUY,6.2762699999999985,9100,57114.056999999986,17.134217099999994,signal
2025-01-08,000659,BUY,2.72272,18800,51187.136,15.356140799999999,signal
2025-01-08,000534,BUY,12.23222,3700,45259.214,13.577764199999999,signal
2025-01-09,000657,SELL,9.426990573,10900,102754.1972457,133.58045641940998,take_profit
2025-01-09,000663,BUY,5.145139999999999,10100,51965.91399999999,15.589774199999995,signal
2025-01-10,000017,SELL,5.9564940434999984,9100,54204.095795849986,70.46532453460497,stop_loss
2025-01-10,000659,SELL,2.583997416,18800,48579.1514208,63.15289684704,stop_loss
2025-01-10,000534,SELL,13.441986558000002,3700,49735.350264600005,64.65595534398,take_profit
2025-01-10,000659,BUY,2.68268,23100,61969.907999999996,18.5909724,signal
2025-01-10,000506,BUY,3.68368,15100,55623.568,16.6870704,signal
2025-01-10,000561,BUY,8.15815,6100,49764.715,14.929414499999998,signal
2025-01-13,000532,SELL,11.838149999999999,7000,82867.04999999999,107.72716499999999,hold_days
2025-01-13,000572,SELL,3.80619,16100,61279.659,79.6635567,hold_days
2025-01-13,000639,SELL,3.2774967224999996,22600,74071.42592849999,96.29285370704997,stop_loss
2025-01-13,000632,SELL,3.2774967224999996,20400,66860.93313899999,86.91921308069998,stop_loss
2025-01-13,000663,SELL,4.882995116999998,10100,49318.25068169998,64.11372588620998,stop_loss
2025-01-13,000659,SELL,2.545997454,23100,58812.541187400006,76.45630354362001,stop_loss
2025-01-13,000506,SELL,4.047995952,15100,61124.7388752,79.46216053776,take_profit
2025-01-13,000620,BUY,1.6816799999999998,53900,90642.552,27.192765599999998,signal
2025-01-13,000506,BUY,3.9839799999999994,20400,81273.19199999998,24.381957599999993,signal
2025-01-13,000663,BUY,4.894889999999999,15000,73423.34999999999,22.027004999999996,signal
2025-01-13,000534,BUY,13.273259999999999,4900,65038.973999999995,19.511692199999995,signal
2025-01-13,000609,BUY,2.42242,24600,59591.53199999999,17.877459599999995,signal
2025-01-14,000536,SELL,4.17582,21000,87692.22,113.99988599999999,hold_days
2025-01-14,000633,SELL,4.61999538,15100,69761.930238,90.6905093094,take_profit
2025-01-14,000620,SELL,1.847998152,53900,99607.1003928,129.48923051064,take_profit
2025-01-14,000620,BUY,1.75175,45300,79354.275,23.806282499999995,signal
2025-01-14,000632,BUY,3.3433399999999995,21300,71213.14199999999,21.363942599999994,signal
2025-01-14,000659,BUY,2.5825799999999997,24900,64306.24199999999,19.291872599999994,signal
2025-01-14,000536,BUY,4.18418,13800,57741.683999999994,17.3225052,signal
2025-01-14,000530,BUY,5.335377247199999,9700,51753.15929783999,15.525947789351996,signal
2025-01-15,000534,SELL,14.585985414,4900,71471.3285286,92.91272708718,take_profit
2025-01-15,000417,BUY,5.4054,10000,54054.0,16.216199999999997,signal
2025-01-16,000506,SELL,4.377995622,20400,89311.1106888,116.10444389544,take_profit
2025-01-16,000620,SELL,1.924998075,45300,87202.4127975,113.36313663675,take_profit
2025-01-16,000632,SELL,3.6739963259999997,21300,78256.12174379999,101.73295826693997,take_profit
2025-01-16,000620,BUY,1.7917899999999998,41300,74000.927,22.2002781,signal
2025-01-16,000017,BUY,5.775769999999999,11500,66421.35499999998,19.92640649999999,signal
2025-01-16,000506,BUY,4.21421,14200,59841.78199999999,17.952534599999996,signal
2025-01-17,000561,SELL,8.964991035,6100,54686.4453135,71.09237890755,take_profit
2025-01-17,000506,SELL,3.9994960004999993,14200,56792.84320709999,73.83069616922998,stop_loss
2025-01-17,000534,BUY,14.484469999999998,4500,65180.11499999999,19.554034499999997,signal
2025-01-17,000506,BUY,3.9339299999999997,14900,58615.55699999999,17.584667099999997,signal
2025-01-20,000663,SELL,5.1748199999999995,15000,77622.29999999999,100.90898999999997,hold_days
2025-01-20,000609,SELL,2.661997338,24600,65485.1345148,85.13067486924,take_profit
2025-01-20,000609,BUY,2.56256,26100,66882.81599999999,20.064844799999996,signal
2025-01-20,000603,BUY,13.363349999999999,4500,60135.075,18.040522499999998,signal
2025-01-21,000659,SELL,2.64735,24900,65919.015,85.69471949999999,hold_days
2025-01-21,000536,SELL,4.4855100000000006,13800,61900.03800000001,80.47004940000001,hold_days
2025-01-21,000530,SELL,5.86304605694808,9700,56871.546752396374,73.93301077811529,take_profit
2025-01-21,000620,SELL,1.968998031,41300,81319.6186803,105.71550428439,take_profit
2025-01-21,000620,BUY,1.8918899999999996,42700,80783.70299999998,24.23511089999999,signal
2025-01-21,000530,BUY,5.752669322399999,12600,72483.63346223999,21.745090038671993,signal
2025-01-21,000048,BUY,16.46645,3900,64219.15499999999,19.265746499999995,signal
2025-01-21,000551,BUY,9.88988,5900,58350.292,17.5050876,signal
2025-01-22,000417,SELL,5.67432,10000,56743.2,73.76616,hold_days
2025-01-22,000534,SELL,13.746486253499997,4500,61859.18814074999,80.41694458297498,stop_loss
2025-01-22,000620,SELL,2.078997921,42700,88773.2112267,115.40517459471,take_profit
2025-01-22,000048,SELL,15.627484372499996,3900,60947.189052749985,79.23134576857498,stop_loss
2025-01-22,000620,BUY,2.1121099999999995,37900,80048.96899999998,24.014690699999992,signal
2025-01-22,000417,BUY,5.685679999999999,12600,71639.56799999998,21.491870399999993,signal
2025-01-22,000663,BUY,5.095089999999999,12700,64707.64299999999,19.412292899999994,signal
2025-01-22,000571,BUY,3.49349,16700,58341.283,17.5023849,signal
2025-01-23,000017,SELL,5.564430000000001,11500,63990.94500000001,83.18822850000001,hold_days
2025-01-23,000609,SELL,2.815997184,26100,73497.5265024,95.54678445312,take_profit
2025-01-23,000620,SELL,2.004497995499999,37900,75970.47402944996,98.76161623828494,stop_loss
2025-01-23,000609,BUY,2.81281,26300,73976.90299999999,22.193070899999995,signal
2025-01-23,000632,BUY,3.49349,19000,66376.31,19.912892999999997,signal
2025-01-23,000620,BUY,2.08208,28800,59963.903999999995,17.989171199999998,signal
2025-01-24,000506,SELL,3.95604,14900,58944.996,76.6284948,hold_days
2025-01-24,000609,SELL,2.6694973305,26300,70207.77979215,91.270113729795,stop_loss
2025-01-24,000620,SELL,1.9759980239999997,28800,56908.74309119999,73.98136601855998,stop_loss
2025-01-24,000506,BUY,3.9639599999999997,18300,72540.468,21.762140399999996,signal
2025-01-24,000534,BUY,14.634619999999998,4400,64392.327999999994,19.317698399999998,signal
2025-01-24,000609,BUY,2.5525499999999997,23000,58708.649999999994,17.612594999999995,signal
2025-01-27,000603,SELL,13.766219999999999,4500,61947.99,80.532387,hold_days
2025-01-27,000609,SELL,2.4224975774999997,23000,55717.44428249999,72.43267756724998,stop_loss
2025-01-27,000620,BUY,1.85185,34900,64629.565,19.3888695,signal
2025-01-27,000659,BUY,2.5024999999999995,23200,58057.999999999985,17.417399999999994,signal
2025-02-05,000530,SELL,5.899826268,12600,74337.8109768,96.63915426983999,hold_days
2025-02-05,000551,SELL,9.70029,5900,57231.711,74.4012243,hold_days
2025-02-05,000417,SELL,5.395994603999998,12600,67989.53201039998,88.38639161351998,stop_loss
2025-02-05,000620,SELL,1.7574982424999999,34900,61336.688663249995,79.73769526222499,stop_loss
2025-02-05,000592,BUY,2.8027999999999995,28000,78478.39999999998,23.54351999999999,signal
2025-02-05,000561,BUY,7.78778,9000,70090.02,21.027006,signal
2025-02-05,000536,BUY,4.2042,15100,63483.420000000006,19.045026,signal
2025-02-05,000609,BUY,2.42242,23600,57169.111999999994,17.150733599999995,signal
2025-02-06,000663,SELL,5.36463,12700,68130.801,88.5700413,hold_days
2025-02-06,000571,SELL,3.4965,16700,58391.55,75.909015,hold_days
2025-02-06,000530,BUY,6.030864039199999,10600,63927.158815519986,19.178147644655994,signal
2025-02-06,000639,BUY,3.0730699999999995,18800,57773.71599999999,17.332114799999996,signal
2025-02-07,000632,SELL,3.53646,19000,67192.74,87.350562,hold_days
2025-02-07,000536,SELL,4.61999538,15100,69761.930238,90.6905093094,take_profit
2025-02-07,000571,BUY,3.56356,18400,65569.504,19.670851199999998,signal
2025-02-07,000017,BUY,5.705699999999999,10300,58768.70999999999,17.630612999999997,signal
2025-02-10,000506,SELL,4.355995644,18300,79714.7202852,103.62913637076,take_profit
2025-02-10,000534,SELL,14.82516,4400,65230.704,84.79991519999999,hold_days
2025-02-10,000659,SELL,2.74999725,23200,63799.9362,82.93991705999998,take_profit
2025-02-10,000506,BUY,4.264259999999999,17300,73771.69799999999,22.131509399999995,signal
2025-02-10,000559,BUY,6.005999999999999,11100,66666.59999999999,19.999979999999997,signal
2025-02-10,000536,BUY,5.15515,11600,59799.74,17.939922,signal
2025-02-12,000592,SELL,2.90709,28000,81398.52,105.818076,hold_days
2025-02-12,000561,SELL,8.20179,9000,73816.11,95.960943,hold_days
2025-02-12,000609,SELL,2.46753,23600,58233.708,75.7038204,hold_days
2025-02-12,000506,SELL,4.6859953139999995,17300,81067.71893219999,105.38803461185998,take_profit
2025-02-12,000506,BUY,4.63463,18000,83423.34,25.027001999999996,signal
2025-02-12,000592,BUY,2.9129099999999997,25800,75153.078,22.545923399999996,signal
2025-02-12,000534,BUY,15.165149999999999,4400,66726.65999999999,20.017997999999995,signal
2025-02-12,000566,BUY,4.86486,12500,60810.75,18.243225,signal
2025-02-13,000530,SELL,5.94940464,10600,63063.689184,81.9827959392,hold_days
2025-02-13,000639,SELL,3.2567399999999997,18800,61226.71199999999,79.59472559999999,hold_days
2025-02-13,000070,BUY,6.005999999999999,11200,67267.2,20.180159999999997,signal
2025-02-13,000609,BUY,2.39239,25300,60527.467,18.158240099999997,signal
2025-02-14,000571,SELL,3.70629,18400,68195.736,88.6544568,hold_days
2025-02-14,000017,SELL,5.94405,10300,61223.715,79.5908295,hold_days
2025-02-14,000534,SELL,14.392485607499998,4400,63326.93667299999,82.32501767489998,stop_loss
2025-02-14,000534,BUY,14.704689999999998,5000,73523.44999999998,22.057034999999992,signal
2025-02-14,000620,BUY,1.9419399999999998,34200,66414.348,19.924304399999997,signal
2025-02-14,000036,BUY,4.12412,14400,59387.327999999994,17.816198399999998,signal
2025-02-17,000559,SELL,5.91408,11100,65646.288,85.3401744,hold_days
2025-02-17,000536,SELL,5.08491,11600,58984.956,76.6804428,hold_days
2025-02-17,000426,BUY,12.882869999999997,5100,65702.63699999999,19.710791099999994,signal
2025-02-17,000632,BUY,3.5035,17000,59559.5,17.867849999999997,signal
2025-02-18,000592,SELL,2.7644972354999995,25800,71324.02867589999,92.72123727866997,stop_loss
2025-02-18,000036,SELL,3.913996085999999,14400,56361.54363839999,73.27000672991998,stop_loss
2025-02-18,000571,BUY,3.8037999999999994,17400,66186.12,19.855835999999996,signal
2025-02-18,000659,BUY,2.8528499999999997,20900,59624.564999999995,17.8873695,signal
2025-02-19,000506,SELL,5.092994907,18000,91673.90832599999,119.17608082379998,take_profit
2025-02-19,000566,SELL,4.73526,12500,59190.75,76.947975,hold_days
2025-02-19,000534,SELL,13.955486044499997,5000,69777.43022249998,90.71065928924997,stop_loss
2025-02-19,000620,SELL,1.8429981569999998,34200,63030.5369694,81.93969806022,stop_loss
2025-02-19,000566,BUY,4.744739999999999,17300,82084.002,24.625200599999996,signal
2025-02-19,000592,BUY,2.72272,27100,73785.712,22.1357136,signal
2025-02-19,000620,BUY,1.85185,35900,66481.415,19.944424499999997,signal
2025-02-19,000048,BUY,14.204189999999999,4200,59657.598,17.8972794,signal
2025-02-20,000070,SELL,6.0939,11200,68251.68,88.72718399999998,hold_days
2025-02-20,000609,SELL,2.6289973709999996,25300,66513.6334863,86.46772353218999,take_profit
2025-02-20,000659,SELL,2.7074972925,20900,56586.693413249996,73.56270143722499,stop_loss
2025-02-20,000609,BUY,2.7627599999999997,26400,72936.86399999999,21.881059199999996,signal
2025-02-20,000533,BUY,6.746739999999999,9700,65443.37799999999,19.633013399999996,signal
2025-02-20,000659,BUY,2.75275,21500,59184.12499999999,17.755237499999996,signal
2025-02-24,000426,SELL,12.74724,5100,65010.924,84.51420119999999,hold_days
2025-02-24,000632,SELL,3.40659,17000,57912.03,75.28563899999999,hold_days
2025-02-24,000609,SELL,2.6219973779999997,26400,69220.73077919999,89.98695001295998,stop_loss
2025-02-24,000533,SELL,7.413992585999999,9700,71915.72808419999,93.49044650945999,take_profit
2025-02-24,000536,BUY,5.2052,15300,79639.56,23.891868,signal
2025-02-24,000534,BUY,15.39538,4600,70818.74799999999,21.245624399999997,signal
2025-02-24,000070,BUY,6.28628,10200,64120.056,19.236016799999998,signal
2025-02-24,000663,BUY,5.83583,9900,57774.717,17.3324151,signal
2025-02-25,000571,SELL,3.609996389999999,17400,62813.93718599999,81.65811834179998,stop_loss
2025-02-25,000536,SELL,5.71999428,15300,87515.912484,113.7706862292,take_profit
2025-02-25,000547,BUY,7.9079,8500,67217.15,20.165144999999995,signal
2025-02-25,000536,BUY,5.36536,11300,60628.568,18.1885704,signal
2025-02-26,000566,SELL,5.213994786,17300,90202.10979779999,117.26274273713997,take_profit
2025-02-26,000592,SELL,2.6773200000000004,27100,72555.372,94.3219836,hold_days
2025-02-26,000620,SELL,1.8181800000000001,35900,65272.662000000004,84.8544606,hold_days
2025-02-26,000048,SELL,13.63635,4200,57272.67,74.454471,hold_days
2025-02-26,000536,SELL,5.895994104000001,11300,66624.73337520001,86.61215338776002,take_profit
2025-02-26,000533,BUY,6.846839999999999,13100,89693.60399999999,26.908081199999994,signal
2025-02-26,000566,BUY,4.814809999999999,16800,80888.80799999998,24.26664239999999,signal
2025-02-26,000620,BUY,1.8218199999999998,39900,72690.61799999999,21.807185399999995,signal
2025-02-26,000609,BUY,2.69269,24300,65432.367,19.629710099999997,signal
2025-02-26,000632,BUY,3.4834799999999997,16900,58870.812,17.6612436,signal
2025-02-27,000659,SELL,2.71728,21500,58421.520000000004,75.947976,hold_days
2025-02-27,000566,SELL,5.290994709,16800,88888.7111112,115.55532444455999,take_profit
2025-02-27,000566,BUY,5.26526,12800,67395.328,20.218598399999998,signal
2025-02-27,000506,BUY,6.506499999999999,9300,60510.44999999999,18.153134999999995,signal
2025-02-28,000547,SELL,7.504992494999999,8500,63792.43620749999,82.93016706974998,stop_loss
2025-02-28,000533,SELL,6.497993501999999,13100,85123.71487619999,110.66082933905997,stop_loss
2025-02-28,000506,SELL,6.174993824999999,9300,57427.44257249999,74.65567534424999,stop_loss
2025-02-28,000510,BUY,3.7537499999999997,20100,75450.375,22.635112499999998,signal
2025-02-28,000533,BUY,6.7067,10100,67737.67,20.321301,signal
2025-02-28,000659,BUY,2.74274,22300,61163.102,18.3489306,signal
2025-03-03,000534,SELL,14.935049999999999,4600,68701.23,89.31159899999999,hold_days
2025-03-03,000070,SELL,6.41358,10200,65418.515999999996,85.04407079999999,hold_days
2025-03-03,000663,SELL,5.594399999999999,9900,55384.55999999999,71.99992799999998,hold_days
2025-03-03,000566,SELL,4.996995002999999,12800,63961.536038399994,83.14999684991999,stop_loss
2025-03-03,000533,SELL,6.364993634999999,10100,64286.435713499995,83.57236642755,stop_loss
2025-03-03,000566,BUY,5.145139999999999,16800,86438.35199999998,25.931505599999994,signal
2025-03-03,000534,BUY,14.964949999999998,5200,77817.73999999999,23.345321999999996,signal
2025-03-03,000533,BUY,6.44644,10900,70266.196,21.079858799999997,signal
2025-03-03,000571,BUY,3.8238199999999996,16600,63475.41199999999,19.042623599999995,signal
2025-03-03,000633,BUY,4.72472,12000,56696.63999999999,17.008991999999996,signal
2025-03-04,000609,SELL,2.5554974444999994,24300,62098.58790134999,80.72816427175498,stop_loss
2025-03-04,000592,BUY,2.74274,21000,57597.54,17.279262,signal
2025-03-05,000620,SELL,1.78821,39900,71349.579,92.75445269999999,hold_days
2025-03-05,000632,SELL,3.45654,16900,58415.526,75.9401838,hold_days
2025-03-05,000566,SELL,4.882995116999998,16800,82034.31796559997,106.64461335527996,stop_loss
2025-03-05,000036,BUY,4.294289999999999,17000,73002.93,21.900878999999996,signal
2025-03-05,000536,BUY,5.59559,11700,65468.403,19.6405209,signal
2025-03-05,000663,BUY,5.875869999999999,10000,58758.69999999999,17.627609999999997,signal
2025-03-06,000659,SELL,3.013996986,22300,67212.1327878,87.37577262414,take_profit
2025-03-06,000536,SELL,6.148993851,11700,71943.2280567,93.52619647370999,take_profit
2025-03-06,000566,BUY,5.11511,13100,67007.94099999999,20.102382299999995,signal
2025-03-06,000659,BUY,2.9429399999999997,20500,60330.27,18.099080999999998,signal
2025-03-07,000510,SELL,3.7162800000000002,20100,74697.228,97.1063964,hold_days
2025-03-07,000534,SELL,16.444983554999997,5200,85513.91448599998,111.16808883179996,take_profit
2025-03-07,000534,BUY,15.965949999999998,4400,70250.18,21.075053999999994,signal
2025-03-07,000506,BUY,4.974969999999999,12700,63182.118999999984,18.954635699999994,signal
2025-03-10,000533,SELL,6.313680000000001,10900,68819.11200000001,89.4648456,hold_days
2025-03-10,000571,SELL,3.94605,16600,65504.43,85.155759,hold_days
2025-03-10,000633,SELL,4.88511,12000,58621.32,76.20771599999999,hold_days
2025-03-10,000592,SELL,3.013996986,21000,63293.936706,82.28211771779999,take_profit
2025-03-10,000426,BUY,13.933919999999999,5900,82210.128,24.663038399999998,signal
2025-03-10,000609,BUY,2.6726699999999997,27800,74300.226,22.290067799999996,signal
2025-03-10,000533,BUY,6.32632,10600,67058.992,20.117697599999996,signal
2025-03-10,000571,BUY,3.95395,15200,60100.04,18.030012,signal
2025-03-11,000506,SELL,5.466994532999999,12700,69430.8305691,90.26007973982999,take_profit
2025-03-11,000426,SELL,13.223986775999998,5900,78021.5219784,101.42797857191998,stop_loss
2025-03-11,000048,BUY,15.255239999999999,4500,68648.58,20.594573999999998,signal
2025-03-11,000536,BUY,5.885879999999999,10500,61801.73999999999,18.540521999999996,signal
2025-03-12,000036,SELL,4.23576,17000,72007.92,93.61029599999999,hold_days
2025-03-12,000663,SELL,5.804189999999999,10000,58041.899999999994,75.45446999999999,hold_days
2025-03-12,000533,SELL,6.951993048000001,10600,73691.12630880001,95.79846420144001,take_profit
2025-03-12,000657,BUY,10.950939999999997,6900,75561.48599999998,22.66844579999999,signal
2025-03-12,000603,BUY,14.654639999999999,4600,67411.344,20.223403199999996,signal
2025-03-12,000510,BUY,4.104099999999999,15100,61971.90999999998,18.591572999999993,signal
2025-03-13,000566,SELL,5.14485,13100,67397.535,87.6167955,hold_days
2025-03-13,000659,SELL,2.8971,20500,59390.55,77.207715,hold_days
2025-03-13,000609,SELL,2.5364974634999995,27800,70514.62948529999,91.66901833088998,stop_loss
2025-03-13,000657,SELL,10.392989606999997,6900,71711.62828829998,93.22511677478997,stop_loss
2025-03-13,000566,BUY,5.15515,16000,82482.4,24.744719999999997,signal
2025-03-13,000506,BUY,5.605599999999999,13200,73993.91999999998,22.198175999999993,signal
2025-03-13,000533,BUY,7.067059999999999,9400,66430.36399999999,19.929109199999996,signal
2025-03-13,000426,BUY,13.773759999999998,4300,59227.16799999999,17.768150399999996,signal
2025-03-14,000534,SELL,16.6833,4400,73406.51999999999,95.42847599999997,hold_days
2025-03-14,000506,SELL,5.319994679999999,13200,70223.92977599999,91.29110870879998,stop_loss
2025-03-14,000533,SELL,6.706993292999998,9400,63045.73695419999,81.95945804045998,stop_loss
2025-03-14,000017,BUY,6.596589999999999,11300,74541.46699999999,22.362440099999993,signal
2025-03-14,000659,BUY,2.9729699999999997,22700,67486.419,20.245925699999997,signal
2025-03-14,000632,BUY,3.5535499999999995,17100,60765.704999999994,18.229711499999997,signal
2025-03-17,000571,SELL,3.94605,15200,59979.96,77.973948,hold_days
2025-03-17,000533,BUY,6.956949999999999,8700,60525.46499999999,18.157639499999995,signal
2025-03-18,000048,SELL,15.04494,4500,67702.23,88.01289899999999,hold_days
2025-03-18,000536,SELL,6.05394,10500,63566.369999999995,82.636281,hold_days
2025-03-18,000536,BUY,6.066059999999999,11100,67333.26599999999,20.199979799999994,signal
2025-03-18,000523,BUY,3.8738699999999997,15700,60819.759,18.2459277,signal
2025-03-19,000603,SELL,16.103983896000003,4600,74078.32592160002,96.30182369808001,take_profit
2025-03-19,000510,SELL,4.1958,15100,63356.58,82.363554,hold_days
2025-03-19,000536,SELL,5.7569942429999985,11100,63902.63609729998,83.07342692648997,stop_loss
2025-03-19,000523,SELL,3.6764963234999994,15700,57720.99227894999,75.03728996263499,stop_loss
2025-03-19,000534,BUY,16.246229999999997,4900,79606.52699999999,23.881958099999995,signal
2025-03-19,000530,BUY,5.971250885599999,12200,72849.26080431999,21.854778241295993,signal
2025-03-19,000603,BUY,15.595579999999998,4200,65501.435999999994,19.650430799999995,signal
2025-03-19,000559,BUY,6.766759999999999,8700,58870.81199999999,17.661243599999995,signal
2025-03-20,000566,SELL,5.0149799999999995,16000,80239.68,104.31158399999998,hold_days
2025-03-20,000426,SELL,14.05593,4300,60440.499,78.5726487,hold_days
2025-03-20,000536,BUY,5.795789999999999,11600,67231.16399999999,20.169349199999996,signal
2025-03-20,000506,BUY,5.41541,11100,60111.05099999999,18.033315299999995,signal
2025-03-21,000017,SELL,6.260493739499998,11300,70743.57925634999,91.96665303325497,stop_loss
2025-03-21,000659,SELL,3.04695,22700,69165.765,89.9154945,hold_days
2025-03-21,000632,SELL,3.58641,17100,61327.611,79.7258943,hold_days
2025-03-21,000536,SELL,5.500494499499999,11600,63805.73619419999,82.94745705245998,stop_loss
2025-03-21,000592,BUY,3.2432399999999997,24900,80756.67599999999,24.227002799999994,signal
2025-03-21,000659,BUY,3.0530499999999994,23900,72967.89499999999,21.890368499999994,signal
2025-03-21,000571,BUY,4.434429999999999,14800,65629.56399999998,19.688869199999992,signal
2025-03-21,000523,BUY,3.4033999999999995,17300,58878.81999999999,17.663645999999996,signal
2025-03-24,000533,SELL,7.2927,8700,63446.49,82.480437,hold_days
2025-03-24,000534,SELL,15.418484581499998,4900,75550.57444935,98.21574678415499,stop_loss
2025-03-24,000530,SELL,6.5618075981858395,12200,80054.05269786724,104.07026850722741,take_profit
2025-03-24,000559,SELL,6.421993577999999,8700,55871.34412859999,72.63274736717997,stop_loss
2025-03-24,000506,SELL,5.139494860499999,11100,57048.39295154999,74.16291083701499,stop_loss
2025-03-24,000592,SELL,3.0779969219999996,24900,76642.1233578,99.63476036514,stop_loss
2025-03-24,000659,SELL,2.897497102499999,23900,69250.18074974998,90.02523497467497,stop_loss
2025-03-24,000571,SELL,4.872995126999999,14800,72120.3278796,93.75642624347999,take_profit
2025-03-24,000571,BUY,5.08508,19600,99667.568,29.900270399999997,signal
2025-03-24,000659,BUY,3.0330299999999997,32300,97966.86899999999,29.390060699999996,signal
2025-03-24,000559,BUY,6.686679999999999,13200,88264.17599999999,26.479252799999994,signal
2025-03-24,000506,BUY,5.38538,14700,79165.086,23.749525799999997,signal
2025-03-24,000657,BUY,9.98998,7100,70928.858,21.278657399999997,signal
2025-03-25,000571,SELL,4.825995173999999,19600,94589.50541039999,122.96635703351998,stop_loss
2025-03-25,000659,SELL,2.8784971214999993,32300,92975.45702444998,120.86809413178497,stop_loss
2025-03-25,000426,BUY,13.4134,6200,83163.08,24.948923999999998,signal
2025-03-25,000534,BUY,15.305289999999998,4800,73465.39199999999,22.039617599999996,signal
2025-03-25,000536,BUY,4.99499,13500,67432.36499999999,20.229709499999995,signal
2025-03-25,000510,BUY,4.014009999999999,15100,60611.550999999985,18.183465299999995,signal
2025-03-25,000639,BUY,2.95295,18500,54629.575,16.388872499999998,signal
2025-03-26,000603,SELL,15.76422,4200,66209.724,86.07264119999999,hold_days
2025-03-26,000559,SELL,6.345993653999999,13200,83767.11623279999,108.89725110263998,stop_loss
2025-03-26,000506,SELL,5.110994888999999,14700,75131.62486829999,97.67111232878997,stop_loss
2025-03-26,000592,BUY,2.95295,24300,71756.685,21.527005499999998,signal
2025-03-26,000048,BUY,14.754739999999998,4300,63445.38199999999,19.033614599999996,signal
2025-03-26,000566,BUY,4.604599999999999,12600,58017.959999999985,17.405387999999995,signal
2025-03-27,000048,SELL,16.213983786,4300,69720.1302798,90.63616936374,take_profit
2025-03-27,000633,BUY,5.9059,10000,59059.0,17.717699999999997,signal
2025-03-28,000523,SELL,3.48651,17300,60316.623,78.4116099,hold_days
2025-03-28,000633,SELL,5.604994394999999,10000,56049.94394999999,72.86492713499999,stop_loss
2025-03-28,000048,BUY,16.416399999999996,3900,64023.959999999985,19.207187999999995,signal
2025-03-28,000571,BUY,4.624619999999999,12700,58732.67399999999,17.619802199999995,signal
2025-03-31,000657,SELL,9.70029,7100,68872.05900000001,89.5336767,hold_days
2025-03-31,000536,SELL,4.740495259499999,13500,63996.68600324999,83.19569180422498,stop_loss
2025-03-31,000639,SELL,2.8024971974999997,18500,51846.198153749996,67.400057599875,stop_loss
2025-03-31,000571,SELL,4.3889956109999995,12700,55740.24425969999,72.46231753760998,stop_loss
2025-03-31,000523,BUY,3.4534499999999997,22200,76666.59,22.999976999999998,signal
2025-03-31,000571,BUY,4.42442,15600,69020.95199999999,20.706285599999994,signal
2025-03-31,000017,BUY,5.945939999999999,10400,61837.77599999999,18.551332799999997,signal
2025-03-31,000506,BUY,5.5055,10100,55605.549999999996,16.681665,signal
2025-04-01,000426,SELL,13.44654,6200,83368.54800000001,108.37911240000001,hold_days
2025-04-01,000534,SELL,15.5844,4800,74805.12,97.24665599999999,hold_days
2025-04-01,000510,SELL,4.00599,15100,60490.44899999999,78.6375837,hold_days
2025-04-01,000017,SELL,6.533993466,10400,67953.5320464,88.33959166032,take_profit
2025-04-01,000559,BUY,6.676669999999999,11800,78784.70599999999,23.635411799999996,signal
2025-04-01,000633,BUY,4.884879999999999,14600,71319.24799999999,21.395774399999997,signal
2025-04-01,000659,BUY,3.02302,21200,64088.024,19.226407199999997,signal
2025-04-01,000534,BUY,15.615599999999997,3700,57777.71999999999,17.333315999999993,signal
2025-04-02,000592,SELL,3.2449967550000003,24300,78853.42114650001,102.50944749045001,take_profit
2025-04-02,000566,SELL,4.61538,12600,58153.788,75.59992439999999,hold_days
2025-04-02,000559,SELL,6.336493663499999,11800,74770.62522929999,97.20181279808997,stop_loss
2025-04-02,000426,BUY,13.59358,5300,72045.974,21.6137922,signal
2025-04-02,000559,BUY,6.37637,10300,65676.61099999999,19.702983299999996,signal
2025-04-02,000603,BUY,15.33532,3800,58274.216,17.4822648,signal
2025-04-03,000571,SELL,4.198995801,15600,65504.33449559999,85.15563484427999,stop_loss
2025-04-03,000559,SELL,7.006992993,10300,72172.0278279,93.82363617627,take_profit
2025-04-03,000559,BUY,7.067059999999999,9500,67137.06999999999,20.141120999999995,signal
2025-04-03,000592,BUY,3.0330299999999997,19900,60357.29699999999,18.107189099999996,signal
2025-04-07,000048,SELL,15.579984419999995,3900,60761.939237999984,78.99052100939997,stop_loss
2025-04-07,000523,SELL,3.2774967224999996,22200,72760.42723949999,94.58855541134997,stop_loss
2025-04-07,000633,SELL,4.6359953639999985,14600,67685.53231439997,87.99119200871996,stop_loss
2025-04-07,000659,SELL,2.868997131,21200,60822.7391772,79.06956093036,stop_loss
2025-04-07,000534,SELL,14.819985179999996,3700,54833.94516599998,71.28412871579998,stop_loss
2025-04-07,000559,SELL,6.706993292999998,9500,63716.436283499985,82.83136716854997,stop_loss
2025-04-07,000592,SELL,2.8784971214999993,19900,57282.092717849984,74.46672053320498,stop_loss
2025-04-07,000592,BUY,2.9129099999999997,33700,98165.067,29.449520099999997,signal
2025-04-07,000659,BUY,3.0130099999999995,29300,88281.19299999998,26.484357899999992,signal
2025-04-07,000048,BUY,16.85684,4700,79227.14799999999,23.768144399999994,signal
2025-04-07,000559,BUY,6.776769999999999,10500,71156.08499999999,21.346825499999994,signal
2025-04-07,000571,BUY,3.89389,16500,64249.185,19.274755499999998,signal
2025-04-08,000506,SELL,5.224994774999999,10100,52772.447227499986,68.60418139574998,stop_loss
2025-04-08,000426,SELL,12.900987099,5300,68375.2316247,88.88780111211,stop_loss
2025-04-08,000603,SELL,14.553985445999999,3800,55305.144694799994,71.89668810324,stop_loss
2025-04-08,000592,SELL,2.7644972354999995,33700,93163.55683634998,121.11262388725497,stop_loss
2025-04-08,000659,SELL,2.8594971404999994,29300,83783.26621664998,108.91824608164497,stop_loss
2025-04-08,000048,SELL,15.997984001999997,4700,75190.52480939998,97.74768225221997,stop_loss
2025-04-08,000559,SELL,6.431493568499999,10500,67530.68246925,87.78988721002499,stop_loss
2025-04-08,000571,SELL,3.6954963044999998,16500,60975.689024249994,79.26839573152499,stop_loss
2025-04-08,000659,BUY,2.8027999999999995,35600,99779.67999999998,29.93390399999999,signal
2025-04-08,000523,BUY,3.1031,32200,99919.81999999999,29.975945999999997,signal
2025-04-08,000036,BUY,3.3433399999999995,28000,93613.51999999999,28.084055999999993,signal
2025-04-08,000620,BUY,1.48148,57000,84444.36,25.333308,signal
2025-04-08,000609,BUY,2.15215,35300,75970.89499999999,22.791268499999994,signal
2025-04-09,000659,SELL,2.6599973399999994,35600,94695.90530399999,123.10467689519997,stop_loss
2025-04-09,000036,SELL,3.1729968269999995,28000,88843.91115599999,115.49708450279998,stop_loss
2025-04-09,000609,SELL,2.0424979574999993,35300,72100.17789974998,93.73023126967497,stop_loss
2025-04-09,000048,BUY,16.07606,5800,93241.14799999999,27.972344399999994,signal
2025-04-09,000078,BUY,2.21221,38200,84506.42199999999,25.351926599999995,signal
2025-04-09,000534,BUY,13.303289999999997,5700,75828.75299999998,22.748625899999993,signal
2025-04-09,000532,BUY,12.74273,5300,67536.469,20.2609407,signal
2025-04-09,000609,BUY,2.1021,29400,61801.740000000005,18.540522,signal
2025-04-10,000620,SELL,1.627998372,57000,92795.907204,120.6346793652,take_profit
2025-04-10,000536,BUY,4.23423,15300,64783.719000000005,19.4351157,signal
2025-04-10,000592,BUY,3.02302,19300,58344.286,17.503285799999997,signal
2025-04-10,000657,BUY,9.039029999999999,5800,52426.37399999999,15.727912199999995,signal
2025-04-10,000506,BUY,5.375369999999999,8800,47303.255999999994,14.190976799999996,signal
2025-04-11,000523,SELL,3.4099965900000004,32200,109801.89019800001,142.7424572574,take_profit
2025-04-11,000534,SELL,14.618985380999998,5700,83328.2166717,108.32668167320999,take_profit
2025-04-11,000534,BUY,13.873859999999999,4400,61044.984,18.3134952,signal
2025-04-11,000572,BUY,3.5235199999999995,15800,55671.615999999995,16.701484799999996,signal
2025-04-14,000532,SELL,14.002985997000001,5300,74215.8257841,96.48057351933,take_profit
2025-04-14,000572,SELL,3.8719961279999997,15800,61177.5388224,79.53080046912,take_profit
2025-04-14,000426,BUY,11.82181,5300,62655.59299999999,18.796677899999995,signal
2025-04-14,000551,BUY,9.13913,6200,56662.606,16.9987818,signal
2025-04-15,000506,SELL,5.906994093,8800,51981.5480184,67.57601242391999,take_profit
2025-04-15,000659,BUY,3.2832799999999995,17300,56800.74399999999,17.040223199999996,signal
2025-04-16,000048,SELL,15.256984742999999,5800,88490.51150939999,115.03766496221998,stop_loss
2025-04-16,000078,SELL,2.2977,38200,87772.14,114.103782,hold_days
2025-04-16,000609,SELL,2.30999769,29400,67913.932086,88.2881117118,take_profit
2025-04-16,000533,BUY,5.69569,13200,75183.108,22.554932399999995,signal
2025-04-16,000530,BUY,5.0969246327999995,13300,67789.09761623999,20.336729284871996,signal
2025-04-16,000603,BUY,14.484469999999998,4200,60834.77399999999,18.250432199999995,signal
2025-04-17,000536,SELL,4.225770000000001,15300,64654.28100000001,84.0505653,hold_days
2025-04-17,000592,SELL,2.97702,19300,57456.486,74.6934318,hold_days
2025-04-17,000657,SELL,8.961030000000001,5800,51973.974,67.5661662,hold_days
2025-04-17,000533,SELL,5.4054945944999995,13200,71352.52864739999,92.75828724161998,stop_loss
2025-04-17,000506,BUY,6.456449999999999,12300,79414.33499999999,23.824300499999996,signal
2025-04-17,000571,BUY,4.12412,17400,71759.688,21.527906399999996,signal
2025-04-17,000633,BUY,4.99499,12900,64435.37099999999,19.330611299999997,signal
2025-04-17,000523,BUY,3.3933899999999997,17100,58026.969,17.4080907,signal
2025-04-18,000534,SELL,14.47551,4400,63692.244,82.7999172,hold_days
2025-04-18,000603,SELL,13.746486253499997,4200,57735.242264699984,75.05581494410997,stop_loss
2025-04-18,000506,SELL,6.1274938725,12300,75368.17463175,97.97862702127499,stop_loss
2025-04-18,000603,BUY,14.06405,5100,71726.655,21.5179965,signal
2025-04-18,000533,BUY,5.4054,12000,64864.8,19.45944,signal
2025-04-18,000417,BUY,6.106099999999999,9500,58007.94999999999,17.402384999999995,signal
2025-04-21,000426,SELL,11.79819,5300,62530.407,81.2895291,hold_days
2025-04-21,000551,SELL,8.971020000000001,6200,55620.32400000001,72.3064212,hold_days
2025-04-21,000417,SELL,6.709993289999999,9500,63744.93625499999,82.86841713149998,take_profit
2025-04-21,000559,BUY,5.65565,12500,70695.625,21.2086875,signal
2025-04-21,000417,BUY,6.226219999999999,10200,63507.44399999999,19.052233199999996,signal
2025-04-21,000426,BUY,11.82181,4800,56744.687999999995,17.023406399999995,signal
2025-04-22,000659,SELL,3.2967,17300,57032.909999999996,74.142783,hold_days
2025-04-22,000506,BUY,6.856849999999999,8300,56911.85499999999,17.073556499999995,signal
2025-04-23,000530,SELL,5.2354760832,13300,69631.83190656,90.52138147852799,hold_days
2025-04-23,000559,SELL,6.214993785,12500,77687.4223125,100.99364900625,take_profit
2025-04-23,000609,BUY,2.72272,24300,66162.09599999999,19.848628799999997,signal
2025-04-23,000017,BUY,6.7067,8900,59689.63,17.906888999999996,signal
2025-04-24,000571,SELL,4.12587,17400,71790.13799999999,93.32717939999999,hold_days
2025-04-24,000633,SELL,5.07492,12900,65466.46799999999,85.10640839999999,hold_days
2025-04-24,000523,SELL,3.45654,17100,59106.834,76.8388842,hold_days
2025-04-24,000609,SELL,2.583997416,24300,62791.1372088,81.62847837144,stop_loss
2025-04-24,000017,SELL,6.364993634999999,8900,56648.44335149999,73.64297635694999,stop_loss
2025-04-24,000659,BUY,3.4033999999999995,25000,85084.99999999999,25.525499999999994,signal
2025-04-24,000663,BUY,5.66566,13500,76486.41,22.945923,signal
2025-04-24,000566,BUY,5.15515,13400,69079.01,20.723702999999997,signal
2025-04-24,000633,BUY,5.08508,12200,62037.975999999995,18.611392799999997,signal
2025-04-24,000523,BUY,3.4634599999999995,16100,55761.70599999999,16.728511799999996,signal
2025-04-25,000603,SELL,14.32566,5100,73060.866,94.97912579999999,hold_days
2025-04-25,000533,SELL,5.58441,12000,67012.92,87.116796,hold_days
2025-04-25,000632,BUY,4.714709999999999,13600,64120.05599999999,19.236016799999994,signal
2025-04-25,000609,BUY,2.5125099999999994,23100,58038.980999999985,17.411694299999994,signal
2025-04-28,000417,SELL,5.9089940909999985,10200,60271.73972819999,78.35326164665997,stop_loss
2025-04-28,000426,SELL,12.40758,4800,59556.384,77.42329919999999,hold_days
2025-04-28,000659,SELL,3.229996769999999,25000,80749.91924999998,104.97489502499997,stop_loss
2025-04-28,000663,SELL,5.376994623,13500,72589.4274105,94.36625563364998,stop_loss
2025-04-28,000566,SELL,4.892495107499999,13400,65559.43444049999,85.22726477264997,stop_loss
2025-04-28,000523,SELL,3.2869967129999993,16100,52920.64707929999,68.79684120308998,stop_loss
2025-04-28,000609,SELL,2.3844976154999995,23100,55081.89491804999,71.60646339346499,stop_loss
2025-04-28,000659,BUY,3.4234199999999997,28300,96882.786,29.064835799999994,signal
2025-04-28,000592,BUY,2.9229199999999995,29800,87103.01599999999,26.130904799999993,signal
2025-04-28,000571,BUY,4.07407,19200,78222.144,23.466643199999996,signal
2025-04-28,000417,BUY,6.056049999999999,11600,70250.18,21.075053999999994,signal
2025-04-28,000620,BUY,1.7917899999999998,35500,63608.54499999999,19.082563499999996,signal
2025-04-29,000506,SELL,7.17282,8300,59534.405999999995,77.39472779999998,hold_days
2025-04-29,000659,SELL,3.2489967509999995,28300,91946.60805329999,119.53059046928999,stop_loss
2025-04-29,000417,SELL,5.747494252499998,11600,66670.93332899998,86.67221332769996,stop_loss
2025-04-29,000620,SELL,1.7004982994999998,35500,60367.68963224999,78.47799652192498,stop_loss
2025-04-29,000659,BUY,3.2632599999999994,26000,84844.75999999998,25.45342799999999,signal
2025-04-29,000551,BUY,9.4094,8100,76216.14,22.864842,signal
2025-04-29,000417,BUY,5.645639999999999,12200,68876.80799999999,20.663042399999995,signal
2025-04-29,000533,BUY,5.475469999999999,11300,61872.81099999999,18.561843299999996,signal
2025-04-29,000593,BUY,5.375369999999999,10400,55903.84799999999,16.771154399999997,signal
2025-04-30,000632,SELL,4.474495525499999,13600,60853.139146799986,79.10908089083998,stop_loss
2025-04-30,000017,BUY,6.426419999999999,8700,55909.85399999999,16.772956199999996,signal
2025-04-30,000506,BUY,6.776769999999999,7400,50148.09799999999,15.044429399999997,signal
2025-05-06,000633,SELL,5.214779999999999,12200,63620.31599999999,82.70641079999999,hold_days
2025-05-06,000566,BUY,4.834829999999999,10700,51732.68099999999,15.519804299999995,signal
2025-05-07,000592,SELL,3.2119967879999995,29800,95717.50428239998,124.43275556711997,take_profit
2025-05-07,000571,SELL,4.476995523,19200,85958.31404160001,111.74580825408,take_profit
2025-05-07,000533,SELL,6.016993982999999,11300,67992.0320079,88.38964161026999,take_profit
2025-05-07,000426,BUY,13.343329999999998,5300,70719.64899999999,21.215894699999996,signal
2025-05-07,000078,BUY,2.3223199999999995,27900,64792.72799999999,19.437818399999994,signal
2025-05-07,000633,BUY,5.41541,10700,57944.886999999995,17.383466099999996,signal
2025-05-08,000551,SELL,10.33998966,8100,83753.91624600001,108.8800911198,take_profit
2025-05-08,000566,SELL,5.312994687,10700,56849.0431509,73.90375609617,take_profit
2025-05-08,000566,BUY,5.08508,13000,66106.04,19.831811999999996,signal
2025-05-08,000571,BUY,4.524519999999999,13200,59723.66399999999,17.917099199999996,signal
2025-05-09,000659,SELL,3.4465500000000002,26000,89610.3,116.49339,hold_days
2025-05-09,000417,SELL,5.78421,12200,70567.362,91.73757059999998,hold_days
2025-05-09,000593,SELL,5.564430000000001,10400,57870.07200000001,75.23109360000001,hold_days
2025-05-09,000561,BUY,8.078069999999999,9300,75126.05099999999,22.537815299999995,signal
2025-05-09,000559,BUY,7.48748,9100,68136.068,20.440820399999996,signal
2025-05-09,000547,BUY,7.527519999999999,8100,60972.91199999999,18.291873599999995,signal
2025-05-12,000017,SELL,6.4935,8700,56493.45,73.44148499999999,hold_days
2025-05-12,000506,SELL,6.993,7400,51748.200000000004,67.27266,hold_days
2025-05-12,000559,SELL,8.227991772000001,9100,74874.72512520001,97.33714266276002,take_profit
2025-05-12,000017,BUY,6.506499999999999,11300,73523.44999999998,22.057034999999992,signal
2025-05-12,000506,BUY,7.007,9400,65865.8,19.75974,signal
2025-05-12,000659,BUY,3.3733699999999995,17600,59371.31199999999,17.811393599999995,signal
2025-05-14,000426,SELL,13.27671,5300,70366.563,91.47653189999998,hold_days
2025-05-14,000078,SELL,2.32767,27900,64941.992999999995,84.42459089999998,hold_days
2025-05-14,000633,SELL,5.50449,10700,58898.043,76.5674559,hold_days
2025-05-14,000609,BUY,2.5925899999999995,28200,73111.03799999999,21.933311399999994,signal
2025-05-14,000639,BUY,2.8828799999999997,22800,65729.66399999999,19.718899199999996,signal
2025-05-14,000048,BUY,17.15714,3400,58334.27599999999,17.500282799999997,signal
2025-05-15,000566,SELL,4.95504,13000,64415.520000000004,83.740176,hold_days
2025-05-15,000571,SELL,4.65534,13200,61450.488,79.88563439999999,hold_days
2025-05-15,000659,SELL,3.201496798499999,17600,56346.343653599986,73.25024674967997,stop_loss
2025-05-15,000609,SELL,2.848997151,28200,80341.71965819999,104.44423555565999,take_profit
2025-05-15,000609,BUY,2.8428399999999994,28000,79599.51999999999,23.879855999999993,signal
2025-05-15,000620,BUY,1.7117099999999998,41800,71549.47799999999,21.464843399999996,signal
2025-05-15,000592,BUY,3.0630599999999997,21000,64324.259999999995,19.297277999999995,signal
2025-05-15,000632,BUY,3.9038999999999993,14800,57777.71999999999,17.333315999999993,signal
2025-05-16,000561,SELL,7.82217,9300,72746.181,94.57003529999999,hold_days
2025-05-16,000547,SELL,7.24275,8100,58666.275,76.26615749999999,hold_days
2025-05-16,000639,SELL,3.1679968319999996,22800,72230.32776959999,93.89942610047997,take_profit
2025-05-16,000566,BUY,5.435429999999999,13300,72291.219,21.687365699999997,signal
2025-05-16,000639,BUY,3.2732699999999997,19900,65138.073,19.541421899999996,signal
2025-05-16,000571,BUY,4.79479,12200,58496.438,17.5489314,signal
2025-05-19,000017,SELL,6.40359,11300,72360.56700000001,94.0687371,hold_days
2025-05-19,000506,SELL,7.46253,9400,70147.782,91.1921166,hold_days
2025-05-19,000048,SELL,16.282983717,3400,55362.144637800004,71.97078802914,stop_loss
2025-05-19,000639,SELL,3.1064968934999997,19900,61819.28818064999,80.36507463484499,stop_loss
2025-05-19,000506,BUY,7.4774699999999985,10500,78513.43499999998,23.554030499999993,signal
2025-05-19,000048,BUY,17.06705,4100,69974.905,20.992471499999997,signal
2025-05-19,000417,BUY,5.675669999999999,11300,64135.07099999999,19.240521299999994,signal
2025-05-19,000017,BUY,6.416409999999999,8900,57106.04899999999,17.131814699999996,signal
2025-05-20,000632,SELL,3.704996294999999,14800,54833.94516599998,71.28412871579998,stop_loss
2025-05-20,000571,SELL,4.5504954495000005,12200,55516.044483900005,72.17085782907,stop_loss
2025-05-20,000048,SELL,18.754981245,4100,76895.4231045,99.96405003585001,take_profit
2025-05-20,000633,BUY,6.07607,11600,70482.412,21.144723599999995,signal
2025-05-20,000657,BUY,11.011,5700,62762.7,18.828809999999997,signal
2025-05-20,000632,BUY,3.89389,14700,57240.183,17.1720549,signal
2025-05-21,000609,SELL,3.123996875999999,28000,87471.91252799997,113.71348628639996,take_profit
2025-05-21,000566,SELL,5.9729940269999995,13300,79440.82055909999,103.27306672682998,take_profit
2025-05-21,000632,SELL,3.6954963044999998,14700,54323.795676149995,70.62093437899499,stop_loss
2025-05-21,000566,BUY,5.685679999999999,12900,73345.27199999998,22.003581599999993,signal
2025-05-21,000632,BUY,3.7337299999999995,17700,66087.021,19.826106299999996,signal
2025-05-21,000571,BUY,4.58458,13000,59599.54,17.879862,signal
2025-05-22,000620,SELL,1.73826,41800,72659.268,94.45704839999999,hold_days
2025-05-22,000592,SELL,3.04695,21000,63985.95,83.18173499999999,hold_days
2025-05-22,000017,SELL,7.050992949,8900,62753.8372461,81.57998841993,take_profit
2025-05-22,000632,SELL,3.5434964565,17700,62719.887280049996,81.53585346406499,stop_loss
2025-05-22,000620,BUY,1.7417399999999998,45900,79945.866,23.983759799999998,signal
2025-05-22,000017,BUY,6.65665,10800,71891.81999999999,21.567545999999997,signal
2025-05-22,000048,BUY,16.146129999999996,4000,64584.51999999998,19.375355999999993,signal
2025-05-22,000523,BUY,3.4234199999999997,17000,58198.13999999999,17.459441999999996,signal
2025-05-23,000633,SELL,6.6769933230000005,11600,77453.1225468,100.68905931084001,take_profit
2025-05-23,000523,SELL,3.2489967509999995,17000,55232.94476699999,71.80282819709998,stop_loss
2025-05-23,000561,BUY,9.049039999999998,7200,65153.08799999999,19.545926399999995,signal
2025-05-23,000633,BUY,6.506499999999999,9100,59209.149999999994,17.762744999999995,signal
2025-05-26,000506,SELL,7.38261,10500,77517.405,100.77262649999999,hold_days
2025-05-26,000417,SELL,5.41458,11300,61184.754,79.5401802,hold_days
2025-05-26,000657,SELL,10.449989549999998,5700,59564.94043499999,77.43442256549999,stop_loss
2025-05-26,000566,SELL,5.395994603999998,12900,69608.33039159999,90.49082950907997,stop_loss
2025-05-26,000620,SELL,1.6529983469999998,45900,75872.62412729999,98.63441136548998,stop_loss
2025-05-26,000561,SELL,9.943990055999999,7200,71596.72840319999,93.07574692415999,take_profit
2025-05-26,000566,BUY,5.885879999999999,16100,94762.66799999999,28.428800399999993,signal
2025-05-26,000506,BUY,7.397389999999999,11500,85069.98499999999,25.520995499999994,signal
2025-05-26,000609,BUY,2.95295,26000,76776.7,23.033009999999997,signal
2025-05-26,000639,BUY,3.0330299999999997,22800,69153.08399999999,20.745925199999995,signal
2025-05-26,000632,BUY,3.5135099999999992,17700,62189.126999999986,18.656738099999995,signal
2025-05-27,000566,SELL,5.585994413999999,16100,89934.51006539998,116.91486308501997,stop_loss
2025-05-27,000659,BUY,3.2732699999999997,19800,64810.74599999999,19.443223799999995,signal
2025-05-27,000530,BUY,5.355248298399999,10900,58372.20645255999,17.511661935767997,signal
2025-05-28,000571,SELL,4.4955,13000,58441.5,75.97395,hold_days
2025-05-28,000048,SELL,15.323484676499994,4000,61293.93870599998,79.68212031779997,stop_loss
2025-05-28,000639,SELL,3.3329966669999997,22800,75992.3240076,98.79002120987998,take_profit
2025-05-28,000078,BUY,2.5725699999999994,28000,72031.95999999998,21.60958799999999,signal
2025-05-28,000639,BUY,3.3733699999999995,19200,64768.70399999999,19.430611199999994,signal
2025-05-28,000546,BUY,4.44444,13100,58222.164000000004,17.4666492,signal
2025-05-29,000017,SELL,6.8931000000000004,10800,74445.48000000001,96.77912400000001,hold_days
2025-05-29,000609,SELL,3.2449967550000003,26000,84369.91563,109.680890319,take_profit
2025-05-29,000609,BUY,3.2732699999999997,20900,68411.343,20.523402899999997,signal
2025-05-29,000657,BUY,10.800789999999997,5700,61564.50299999998,18.46935089999999,signal
2025-05-30,000633,SELL,6.5934,9100,59999.94,77.999922,hold_days
2025-05-30,000633,BUY,6.6065999999999985,9300,61441.37999999998,18.432413999999994,signal
2025-06-03,000506,SELL,7.4925,11500,86163.75,112.012875,hold_days
2025-06-03,000632,SELL,3.57642,17700,63302.634000000005,82.2934242,hold_days
2025-06-03,000633,SELL,6.269993729999999,9300,58310.941688999985,75.80422419569997,stop_loss
2025-06-03,000533,BUY,6.356349999999999,11900,75640.56499999999,22.692169499999995,signal
2025-06-03,000566,BUY,6.246239999999999,10900,68084.01599999999,20.425204799999996,signal
2025-06-03,000632,BUY,3.5835799999999995,17200,61637.575999999994,18.491272799999997,signal
2025-06-04,000659,SELL,3.1568400000000003,19800,62505.43200000001,81.2570616,hold_days
2025-06-04,000530,SELL,5.354464176,10900,58363.659518399996,75.87275737392,hold_days
2025-06-04,000546,SELL,4.883995116000001,13100,63980.336019600014,83.17443682548002,take_profit
2025-06-04,000657,SELL,11.868988130999998,5700,67653.2323467,87.94920205070999,take_profit
2025-06-04,000533,SELL,6.984993015,11900,83121.4168785,108.05784194204999,take_profit
2025-06-04,000566,SELL,6.863993136,10900,74817.5251824,97.26278273711999,take_profit
2025-06-04,000632,SELL,3.937996062,17200,67733.5322664,88.05359194632,take_profit
2025-06-04,000633,BUY,6.296289999999999,15800,99481.38199999998,29.844414599999993,signal
2025-06-04,000017,BUY,6.996989999999999,13300,93059.96699999999,27.917990099999994,signal
2025-06-04,000632,BUY,3.6536499999999994,23000,84033.94999999998,25.210184999999992,signal
2025-06-04,000533,BUY,6.636629999999999,11400,75657.582,22.697274599999997,signal
2025-06-04,000657,BUY,11.49148,5900,67799.73199999999,20.339919599999995,signal
2025-06-05,000078,SELL,2.62737,28000,73566.36,95.636268,hold_days
2025-06-05,000639,SELL,3.58641,19200,68859.072,89.5167936,hold_days
2025-06-05,000533,SELL,7.292992707,11400,83140.1168598,108.08215191773999,take_profit
2025-06-05,000426,BUY,14.104089999999998,5900,83214.13099999998,24.964239299999992,signal
2025-06-05,000572,BUY,4.16416,18100,75371.296,22.6113888,signal
2025-06-05,000070,BUY,6.8168099999999985,9900,67486.41899999998,20.245925699999994,signal
2025-06-05,000603,BUY,13.92391,4400,61265.204,18.379561199999998,signal
2025-06-05,000523,BUY,3.5835799999999995,15300,54828.77399999999,16.448632199999995,signal
2025-06-06,000609,SELL,3.18681,20900,66604.329,86.58562769999999,hold_days
2025-06-06,000609,BUY,3.1931899999999995,17600,56200.14399999999,16.860043199999996,signal
2025-06-09,000426,SELL,15.498984500999999,5900,91444.0085559,118.87721112266999,take_profit
2025-06-09,000603,SELL,15.300984699,4400,67324.3326756,87.52163247828,take_profit
2025-06-09,000603,BUY,14.844829999999998,4400,65317.25199999999,19.595175599999997,signal
2025-06-09,000546,BUY,4.854849999999999,12300,59714.654999999984,17.914396499999995,signal
2025-06-10,000633,SELL,5.975494024499999,15800,94412.80558709998,122.73664726322997,stop_loss
2025-06-10,000523,SELL,3.4009965989999995,15300,52035.24796469999,67.64582235410998,stop_loss
2025-06-10,000426,BUY,16.1161,4200,67687.62,20.306285999999997,signal
2025-06-10,000639,BUY,3.47347,17800,61827.765999999996,18.548329799999998,signal
2025-06-11,000017,SELL,6.91308,13300,91943.96399999999,119.52715319999999,hold_days
2025-06-11,000632,SELL,3.83616,23000,88231.68000000001,114.701184,hold_days
2025-06-11,000657,SELL,11.77821,5900,69491.439,90.33887069999999,hold_days
2025-06-11,000609,SELL,3.5089964909999996,17600,61758.338241599995,80.28583971407998,take_profit
2025-06-11,000561,BUY,8.858849999999999,9800,86816.72999999998,26.045018999999993,signal
2025-06-11,000663,BUY,6.596589999999999,11800,77839.76199999999,23.351928599999994,signal
2025-06-11,000411,BUY,10.72071,6500,69684.615,20.9053845,signal
2025-06-11,000593,BUY,5.945939999999999,10600,63026.96399999999,18.908089199999996,signal
2025-06-12,000572,SELL,4.065930000000001,18100,73593.33300000001,95.67133290000001,hold_days
2025-06-12,000070,SELL,7.1128800000000005,9900,70417.512,91.5427656,hold_days
2025-06-12,000609,BUY,3.6035999999999997,19800,71351.28,21.405383999999998,signal
2025-06-12,000532,BUY,15.285269999999997,4200,64198.13399999999,19.259440199999997,signal
2025-06-13,000609,SELL,3.41999658,19800,67715.932284,88.03071196919998,stop_loss
2025-06-13,000609,BUY,3.5135099999999992,18400,64648.58399999999,19.394575199999995,signal
2025-06-16,000603,SELL,15.264719999999999,4400,67164.768,87.3141984,hold_days
2025-06-16,000546,SELL,4.68531,12300,57629.313,74.9181069,hold_days
2025-06-16,000639,SELL,3.2964967035,17800,58677.6413223,76.28093371899,stop_loss
2025-06-16,000532,SELL,14.506485493499996,4200,60927.23907269998,79.20541079450997,stop_loss
2025-06-16,000657,BUY,11.90189,6900,82123.041,24.6369123,signal
2025-06-16,000603,BUY,15.295279999999998,4800,73417.344,22.025203199999996,signal
2025-06-16,000639,BUY,3.35335,19900,66731.665,20.019499499999995,signal
2025-06-16,000078,BUY,2.5125099999999994,24000,60300.23999999998,18.090071999999992,signal
2025-06-17,000426,SELL,15.90408,4200,66797.136,86.8362768,hold_days
2025-06-17,000561,SELL,9.734990264999999,9800,95402.90459699999,124.02377597609997,take_profit
2025-06-17,000561,BUY,9.008999999999999,7800,70270.19999999998,21.081059999999994,signal
2025-06-17,000017,BUY,7.117109999999999,8900,63342.278999999995,19.002683699999995,signal
2025-06-18,000663,SELL,7.248992750999999,11800,85538.1144618,111.19954880034,take_profit
2025-06-18,000411,SELL,10.41957,6500,67727.205,88.0453665,hold_days
2025-06-18,000593,SELL,5.9840100000000005,10600,63430.50600000001,82.4596578,hold_days
2025-06-18,000609,SELL,3.3344966654999992,18400,61354.738645199985,79.76116023875997,stop_loss
2025-06-18,000017,SELL,6.754493245499999,8900,60114.989884949995,78.149486850435,stop_loss
2025-06-18,000609,BUY,3.4033999999999995,26700,90870.77999999998,27.261233999999995,signal
2025-06-18,000017,BUY,7.047039999999999,11600,81745.66399999999,24.523699199999996,signal
2025-06-18,000663,BUY,7.107099999999999,10300,73203.12999999999,21.960938999999996,signal
2025-06-18,000510,BUY,5.225219999999999,12700,66360.294,19.908088199999998,signal
2025-06-18,000533,BUY,7.097089999999999,8400,59615.55599999999,17.884666799999994,signal
2025-06-19,000639,SELL,3.1824968174999997,19900,63331.68666825,82.331192668725,stop_loss
2025-06-19,000078,SELL,2.3844976154999995,24000,57227.94277199999,74.39632560359998,stop_loss
2025-06-19,000609,SELL,3.229996769999999,26700,86240.91375899997,112.11318788669996,stop_loss
2025-06-19,000017,SELL,6.687993311999999,11600,77580.72241919998,100.85493914495997,stop_loss
2025-06-19,000663,SELL,6.744993254999999,10300,69473.43052649999,90.31545968444998,stop_loss
2025-06-19,000533,SELL,6.735493264499999,8400,56578.14342179999,73.55158644833999,stop_loss
2025-06-19,000017,BUY,6.746739999999999,14000,94454.35999999999,28.336307999999992,signal
2025-06-19,000609,BUY,3.3433399999999995,25500,85255.16999999998,25.57655099999999,signal
2025-06-19,000533,BUY,6.936929999999999,11000,76306.23,22.891868999999996,signal
2025-06-19,000632,BUY,3.7137099999999994,18600,69075.006,20.722501799999996,signal
2025-06-19,000639,BUY,3.2132099999999997,19300,62014.952999999994,18.604485899999997,signal
2025-06-20,000561,SELL,8.549991449999998,7800,66689.93331,86.69691330299999,stop_loss
2025-06-20,000510,SELL,4.958995040999999,12700,62979.237020699984,81.87300812690998,stop_loss
2025-06-20,000017,SELL,6.402993596999998,14000,89641.91035799998,116.53448346539997,stop_loss
2025-06-20,000609,SELL,3.1729968269999995,25500,80911.41908849998,105.18484481504997,stop_loss
2025-06-20,000533,SELL,6.5834934165,11000,72418.4275815,94.14395585595,stop_loss
2025-06-20,000561,BUY,8.868859999999998,10500,93123.02999999998,27.936908999999993,signal
2025-06-20,000017,BUY,6.426419999999999,13000,83543.45999999999,25.063037999999995,signal
2025-06-20,000506,BUY,9.099089999999999,8300,75522.44699999999,22.656734099999994,signal
2025-06-20,000609,BUY,3.2032,21200,67907.84,20.372351999999996,signal
2025-06-20,000663,BUY,6.686679999999999,9100,60848.78799999999,18.254636399999995,signal
2025-06-23,000657,SELL,11.47851,6900,79201.719,102.9622347,hold_days
2025-06-23,000603,SELL,14.845139999999999,4800,71256.67199999999,92.63367359999998,hold_days
2025-06-23,000639,SELL,3.0494969504999996,19300,58855.29114464999,76.51187848804499,stop_loss
2025-06-23,000533,BUY,6.49649,11700,76008.93299999999,22.802679899999994,signal
2025-06-23,000530,BUY,5.46453908,12500,68306.73849999999,20.492021549999997,signal
2025-06-23,000426,BUY,15.095079999999998,4000,60380.31999999999,18.114095999999996,signal
2025-06-23,000407,BUY,3.5935899999999994,15400,55341.28599999999,16.602385799999997,signal
2025-06-24,000561,SELL,9.745990253999999,10500,102332.89766699998,133.03276696709997,take_profit
2025-06-24,000407,SELL,3.4104965894999992,15400,52521.64747829999,68.27814172178998,stop_loss
2025-06-24,000561,BUY,9.53953,6800,64868.804,19.460641199999998,signal
2025-06-24,000593,BUY,6.016009999999999,9800,58956.89799999999,17.687069399999995,signal
2025-06-25,000561,SELL,10.482989517,6800,71284.3287156,92.66962733028,take_profit
2025-06-25,000572,BUY,4.4044,13600,59899.84,17.969951999999996,signal
2025-06-26,000632,SELL,4.080995918999999,18600,75906.52409339999,98.67848132141998,take_profit
2025-06-26,000572,SELL,4.179995819999999,13600,56847.94315199999,73.90232609759998,stop_loss
2025-06-26,000546,BUY,4.9049,13700,67197.12999999999,20.159138999999996,signal
2025-06-26,000036,BUY,3.6936899999999997,16400,60576.515999999996,18.172954799999996,signal
2025-06-27,000017,SELL,6.35364,13000,82597.32,107.37651600000001,hold_days
2025-06-27,000506,SELL,8.73126,8300,72469.458,94.21029539999999,hold_days
2025-06-27,000609,SELL,3.2767199999999996,21200,69466.46399999999,90.30640319999999,hold_days
2025-06-27,000663,SELL,6.75324,9100,61454.484,79.8908292,hold_days
2025-06-27,000632,BUY,4.25425,19500,82957.875,24.8873625,signal
2025-06-27,000639,BUY,3.2032,23400,74954.87999999999,22.486463999999994,signal
2025-06-27,000609,BUY,3.2832799999999995,20500,67307.23999999999,20.192171999999996,signal
2025-06-27,000547,BUY,7.967959999999999,7600,60556.49599999999,18.166948799999997,signal
2025-06-30,000533,SELL,6.94305,11700,81233.685,105.60379049999999,hold_days
2025-06-30,000530,SELL,5.8304165472,12500,72880.20684,94.744268892,hold_days
2025-06-30,000426,SELL,15.74424,4000,62976.96,81.870048,hold_days
2025-06-30,000632,SELL,4.0374959624999995,19500,78731.17126875,102.350522649375,stop_loss
2025-06-30,000070,BUY,7.977969999999999,10500,83768.685,25.130605499999998,signal
2025-06-30,000506,BUY,9.56956,7900,75599.52399999999,22.679857199999994,signal
2025-06-30,000533,BUY,6.956949999999999,9800,68178.10999999999,20.453432999999993,signal
2025-06-30,000572,BUY,4.44444,13800,61333.272000000004,18.3999816,signal
2025-07-01,000593,SELL,6.03396,9800,59132.808000000005,76.8726504,hold_days
2025-07-01,000663,BUY,6.926919999999999,8800,60956.89599999999,18.287068799999997,signal
2025-07-03,000546,SELL,5.03496,13700,68978.952,89.6726376,hold_days
2025-07-03,000036,SELL,3.66633,16400,60127.812,78.1661556,hold_days
2025-07-03,000546,BUY,5.045039999999999,13400,67603.536,20.281060799999995,signal
2025-07-03,000510,BUY,5.08508,12000,61020.95999999999,18.306287999999995,signal
2025-07-04,000639,SELL,3.26673,23400,76441.482,99.3739266,hold_days
2025-07-04,000609,SELL,3.1159968839999994,20500,63877.936121999985,83.04131695859998,stop_loss
2025-07-04,000547,SELL,8.121870000000001,7600,61726.21200000001,80.2440756,hold_days
2025-07-04,000534,BUY,15.24523,4900,74701.627,22.410488099999995,signal
2025-07-04,000426,BUY,16.696679999999997,4000,66786.71999999999,20.036015999999993,signal
2025-07-04,000536,BUY,4.46446,13700,61163.102,18.3489306,signal
2025-07-07,000070,SELL,8.091899999999999,10500,84964.94999999998,110.45443499999998,hold_days
2025-07-07,000506,SELL,9.41058,7900,74343.582,96.64665659999999,hold_days
2025-07-07,000533,SELL,6.90309,9800,67650.28199999999,87.94536659999999,hold_days
2025-07-07,000572,SELL,4.50549,13800,62175.762,80.8284906,hold_days
2025-07-07,000534,SELL,14.468485531499999,4900,70895.57910434999,92.16425283565499,stop_loss
2025-07-07,000559,BUY,7.937929999999999,11400,90492.40199999999,27.147720599999992,signal
2025-07-07,000506,BUY,9.429419999999999,8600,81093.01199999999,24.327903599999996,signal
2025-07-07,000603,BUY,14.904889999999998,4900,73033.961,21.910188299999998,signal
2025-07-07,000657,BUY,12.06205,5500,66341.275,19.902382499999998,signal
2025-07-07,000078,BUY,2.66266,22500,59909.85,17.972955,signal
2025-07-08,000663,SELL,7.042949999999999,8800,61977.95999999999,80.57134799999999,hold_days
2025-07-08,000506,SELL,10.361989637999999,8600,89113.11088679999,115.84704415283997,take_profit
2025-07-08,000506,BUY,10.050039999999997,6800,68340.27199999998,20.502081599999993,signal
2025-07-08,000572,BUY,4.624619999999999,13400,61969.90799999999,18.590972399999995,signal
2025-07-10,000546,SELL,5.024970000000001,13400,67334.59800000001,87.53497740000002,hold_days
2025-07-10,000510,SELL,5.03496,12000,60419.52,78.54537599999999,hold_days
2025-07-10,000592,BUY,3.1031,22100,68578.51,20.573552999999997,signal
2025-07-10,000070,BUY,7.757749999999999,7900,61286.22499999999,18.385867499999996,signal
2025-07-11,000426,SELL,17.12286,4000,68491.44,89.038872,hold_days
2025-07-11,000536,SELL,4.41558,13700,60493.446,78.6414798,hold_days
2025-07-11,000620,BUY,1.7217199999999997,39800,68524.45599999999,20.557336799999995,signal
2025-07-11,000048,BUY,15.945929999999999,3800,60594.53399999999,18.178360199999997,signal
2025-07-14,000559,SELL,7.842149999999999,11400,89400.51,116.22066299999999,hold_days
2025-07-14,000603,SELL,16.378983621,4900,80257.0197429,104.33412566576999,take_profit
2025-07-14,000657,SELL,12.587399999999999,5500,69230.7,89.99990999999999,hold_days
2025-07-14,000078,SELL,2.65734,22500,59790.15,77.727195,hold_days
2025-07-14,000561,BUY,9.859849999999998,8600,84794.70999999998,25.43841299999999,signal
2025-07-14,000657,BUY,12.612599999999999,6100,76936.85999999999,23.081057999999995,signal
2025-07-14,000603,BUY,16.396379999999997,4200,68864.79599999999,20.659438799999993,signal
2025-07-14,000534,BUY,14.324309999999999,4300,61594.532999999996,18.478359899999997,signal
2025-07-15,000506,SELL,11.043988955999998,6800,75099.12490079999,97.62886237103997,take_profit
2025-07-15,000572,SELL,4.3889956109999995,13400,58812.54118739999,76.45630354361998,stop_loss
2025-07-15,000620,SELL,1.6339983659999995,39800,65033.13496679998,84.54307545683997,stop_loss
2025-07-15,000561,SELL,9.357490642499998,8600,80474.41952549998,104.61674538314998,stop_loss
2025-07-15,000426,BUY,17.93792,4600,82514.43199999999,24.754329599999995,signal
2025-07-15,000546,BUY,5.11511,14800,75703.628,22.711088399999998,signal
2025-07-15,000620,BUY,1.6616599999999997,41100,68294.22599999998,20.488267799999992,signal
2025-07-15,000566,BUY,6.16616,9900,61044.984,18.3134952,signal
2025-07-16,000603,SELL,15.560984438999997,4200,65356.13464379999,84.96297503693998,stop_loss
2025-07-16,000546,SELL,4.8544951455,14800,71846.5281534,93.40048659941999,stop_loss
2025-07-16,000633,BUY,5.99599,11500,68953.885,20.686165499999998,signal
2025-07-16,000561,BUY,9.439429999999998,6500,61356.294999999984,18.406888499999994,signal
2025-07-17,000592,SELL,3.0069899999999996,22100,66454.47899999999,86.39082269999999,hold_days
2025-07-17,000070,SELL,7.582409999999999,7900,59901.039,77.8713507,hold_days
2025-07-17,000571,BUY,4.764759999999999,14400,68612.54399999998,20.583763199999993,signal
2025-07-17,000505,BUY,6.856849999999999,9000,61711.64999999999,18.513494999999995,signal
2025-07-18,000048,SELL,15.55443,3800,59106.834,76.8388842,hold_days
2025-07-18,000657,SELL,13.85998614,6100,84545.915454,109.9096900902,take_profit
2025-07-18,000572,BUY,4.75475,14700,69894.825,20.968447499999996,signal
2025-07-18,000609,BUY,3.3333299999999997,18900,62999.93699999999,18.899981099999994,signal
2025-07-21,000534,SELL,14.81517,4300,63705.231,82.8168003,hold_days
2025-07-21,000566,SELL,6.7759932240000005,9900,67082.33291760001,87.20703279288001,take_profit
2025-07-21,000546,BUY,5.945939999999999,11700,69567.49799999999,20.870249399999995,signal
2025-07-21,000530,BUY,6.49649,9600,62366.304,18.709891199999998,signal
2025-07-22,000426,SELL,18.46152,4600,84922.992,110.3998896,hold_days
2025-07-22,000620,SELL,1.64835,41100,67747.185,88.07134049999999,hold_days
2025-07-22,000609,SELL,3.1634968364999994,18900,59790.09020984999,77.72711727280497,stop_loss
2025-07-22,000546,SELL,5.642994356999999,11700,66023.03397689998,85.82994416996998,stop_loss
2025-07-22,000639,BUY,3.3333299999999997,25300,84333.249,25.299974699999996,signal
2025-07-22,000603,BUY,16.486469999999997,4600,75837.76199999999,22.751328599999994,signal
2025-07-22,000566,BUY,6.8168099999999985,10000,68168.09999999999,20.450429999999997,signal
2025-07-22,000632,BUY,4.104099999999999,15000,61561.499999999985,18.468449999999994,signal
2025-07-23,000633,SELL,6.133859999999999,11500,70539.39,91.701207,hold_days
2025-07-23,000561,SELL,9.90009,6500,64350.58500000001,83.6557605,hold_days
2025-07-23,000572,SELL,4.512495487499999,14700,66333.68366624998,86.23378876612497,stop_loss
2025-07-23,000048,BUY,16.216199999999997,4600,74594.51999999999,22.378355999999997,signal
2025-07-23,000561,BUY,9.91991,6800,67455.38799999999,20.236616399999996,signal
2025-07-23,000572,BUY,4.75475,12900,61336.274999999994,18.400882499999998,signal
2025-07-24,000571,SELL,4.73526,14400,68187.744,88.64406720000001,hold_days
2025-07-24,000505,SELL,6.81318,9000,61318.62,79.714206,hold_days
2025-07-24,000572,SELL,4.512495487499999,12900,58211.19178874999,75.67454932537498,stop_loss
2025-07-24,000659,BUY,2.7327299999999997,27000,73783.70999999999,22.135112999999997,signal
2025-07-24,000533,BUY,7.057049999999999,9400,66336.26999999999,19.900880999999995,signal
2025-07-24,000546,BUY,5.345339999999999,11200,59867.80799999999,17.960342399999995,signal
2025-07-28,000530,SELL,6.61338,9600,63488.448000000004,82.5349824,hold_days
2025-07-28,000603,SELL,15.646484353499996,4600,71973.82802609999,93.56597643392998,stop_loss
2025-07-28,000530,BUY,6.626619999999999,10100,66928.862,20.078658599999997,signal
2025-07-28,000571,BUY,4.744739999999999,12800,60732.67199999999,18.219801599999997,signal
2025-07-29,000639,SELL,3.2867100000000002,25300,83153.763,108.0998919,hold_days
2025-07-29,000566,SELL,6.74325,10000,67432.5,87.66225,hold_days
2025-07-29,000632,SELL,4.14585,15000,62187.75000000001,80.844075,hold_days
2025-07-29,000593,BUY,6.526519999999999,11600,75707.63199999998,22.712289599999995,signal
2025-07-29,000551,BUY,11.321309999999999,6000,67927.85999999999,20.378357999999995,signal
2025-07-29,000566,BUY,6.756749999999999,9100,61486.424999999996,18.445927499999996,signal
2025-07-30,000048,SELL,15.594389999999999,4600,71734.19399999999,93.25445219999997,hold_days
2025-07-30,000561,SELL,10.21977,6800,69494.436,90.34276679999999,hold_days
2025-07-30,000530,SELL,6.288993710999999,10100,63518.83648109999,82.57448742542998,stop_loss
2025-07-30,000561,BUY,10.240229999999999,7400,75777.70199999999,22.733310599999996,signal
2025-07-30,000505,BUY,6.82682,10000,68268.2,20.480459999999997,signal
2025-07-30,000603,BUY,15.835819999999998,3800,60176.115999999995,18.052834799999996,signal
2025-07-31,000659,SELL,2.74725,27000,74175.75,96.42847499999999,hold_days
2025-07-31,000533,SELL,6.71328,9400,63104.832,82.0362816,hold_days
2025-07-31,000546,SELL,5.20479,11200,58293.648,75.7817424,hold_days
2025-07-31,000566,SELL,6.412493587499999,9100,58353.691646249994,75.85979914012499,stop_loss
2025-07-31,000603,SELL,15.028984970999998,3800,57110.142889799994,74.24318575673999,stop_loss
2025-07-31,000426,BUY,17.627609999999997,4900,86375.28899999999,25.912586699999995,signal
2025-07-31,000547,BUY,8.17817,9500,77692.61499999999,23.307784499999997,signal
2025-07-31,000620,BUY,1.6816799999999998,41600,69957.88799999999,20.987366399999996,signal
2025-07-31,000546,BUY,5.215209999999999,12100,63104.04099999999,18.931212299999995,signal
2025-07-31,000566,BUY,6.53653,8600,56214.158,16.8642474,signal
2025-08-01,000571,SELL,4.502995496999999,12800,57638.342361599985,74.92984507007998,stop_loss
2025-08-01,000561,SELL,9.7184902815,7400,71916.8280831,93.49187650803,stop_loss
2025-08-01,000506,BUY,9.999989999999999,6400,63999.935999999994,19.199980799999995,signal
2025-08-01,000603,BUY,14.97496,3800,56904.848,17.071454399999997,signal
2025-08-05,000593,SELL,6.53346,11600,75788.136,98.52457679999999,hold_days
2025-08-05,000551,SELL,11.10888,6000,66653.28,86.64926399999999,hold_days
2025-08-05,000609,BUY,3.3433399999999995,19800,66198.132,19.859439599999998,signal
2025-08-05,000561,BUY,10.430419999999998,5700,59453.393999999986,17.836018199999994,signal
2025-08-06,000505,SELL,6.6933,10000,66933.0,87.0129,hold_days
2025-08-06,000571,BUY,4.764759999999999,12600,60035.97599999999,18.010792799999994,signal
2025-08-07,000426,SELL,18.93105,4900,92762.14499999999,120.59078849999999,hold_days
2025-08-07,000547,SELL,8.521469999999999,9500,80953.965,105.24015449999999,hold_days
2025-08-07,000620,SELL,1.6283699999999999,41600,67740.192,88.06224959999999,hold_days
2025-08-07,000546,SELL,5.1948,12100,62857.08,81.714204,hold_days
2025-08-07,000566,SELL,6.37362,8600,54813.132,71.25707159999999,hold_days
2025-08-07,000547,BUY,8.538529999999998,10500,89654.56499999997,26.896369499999988,signal
2025-08-07,000551,BUY,11.651639999999999,6900,80396.31599999999,24.118894799999996,signal
2025-08-07,000566,BUY,6.386379999999999,11400,72804.73199999999,21.841419599999995,signal
2025-08-07,000633,BUY,6.296289999999999,10400,65481.41599999999,19.644424799999996,signal
2025-08-07,000533,BUY,7.507499999999999,7900,59309.24999999999,17.792774999999995,signal
2025-08-08,000506,SELL,10.859129999999999,6400,69498.43199999999,90.34796159999998,hold_days
2025-08-08,000603,SELL,15.954030000000001,3800,60625.314000000006,78.81290820000001,hold_days
2025-08-08,000659,BUY,3.0430399999999995,21800,66338.27199999998,19.901481599999993,signal
2025-08-08,000506,BUY,10.880869999999998,5400,58756.69799999999,17.627009399999995,signal
2025-08-11,000506,SELL,10.326489673499998,5400,55763.04423689999,72.49195750796999,stop_loss
2025-08-11,000572,BUY,4.65465,12700,59114.055,17.7342165,signal
2025-08-12,000609,SELL,3.1729968269999995,19800,62825.33717459999,81.67293832697999,stop_loss
2025-08-12,000561,SELL,10.31967,5700,58822.119,76.46875469999999,hold_days
2025-08-12,000547,SELL,9.382990616999999,10500,98521.40147849999,128.07782192205,take_profit
2025-08-12,000070,BUY,9.38938,8000,75115.04,22.534511999999996,signal
2025-08-12,000547,BUY,8.88888,7600,67555.488,20.2666464,signal
2025-08-12,000536,BUY,5.025019999999999,12200,61305.243999999984,18.391573199999993,signal
2025-08-13,000571,SELL,4.67532,12600,58909.032,76.5817416,hold_days
2025-08-13,000036,BUY,3.9639599999999997,15400,61044.984,18.3134952,signal
2025-08-14,000551,SELL,12.15783,6900,83889.027,109.05573509999999,hold_days
2025-08-14,000566,SELL,6.17382,11400,70381.548,91.49601239999998,hold_days
2025-08-14,000633,SELL,6.5934,10400,68571.36,89.14276799999999,hold_days
2025-08-14,000533,SELL,7.5924,7900,59979.96,77.973948,hold_days
2025-08-14,000070,SELL,10.317989681999999,8000,82543.917456,107.30709269279998,take_profit
2025-08-14,000639,BUY,3.3133099999999995,27500,91116.025,27.334807499999997,signal
2025-08-14,000411,BUY,11.511499999999998,7100,81731.64999999998,24.519494999999992,signal
2025-08-14,000017,BUY,6.53653,11300,73862.789,22.1588367,signal
2025-08-14,000592,BUY,3.0330299999999997,22000,66726.65999999999,20.017997999999995,signal
2025-08-14,000603,BUY,16.02601,3700,59296.237,17.788871099999998,signal
2025-08-15,000659,SELL,2.9470500000000004,21800,64245.69000000001,83.51939700000001,hold_days
2025-08-15,000534,BUY,16.36635,3700,60555.495,18.1666485,signal
2025-08-18,000572,SELL,4.50549,12700,57219.723,74.3856399,hold_days
2025-08-18,000510,BUY,5.305299999999999,11300,59949.88999999999,17.984966999999997,signal
2025-08-19,000547,SELL,8.66133,7600,65826.108,85.57394039999998,hold_days
2025-08-19,000536,SELL,4.8951,12200,59720.22,77.636286,hold_days
2025-08-19,000609,BUY,3.29329,20200,66524.458,19.957337399999997,signal
2025-08-19,000633,BUY,6.906899999999999,8700,60090.02999999999,18.027008999999996,signal
2025-08-20,000036,SELL,4.355995644,15400,67082.3329176,87.20703279287999,take_profit
2025-08-20,000510,SELL,5.82999417,11300,65878.934121,85.64261435729999,take_profit
2025-08-20,000559,BUY,7.8978899999999985,8500,67132.06499999999,20.139619499999995,signal
2025-08-20,000530,BUY,6.766759999999999,8900,60224.16399999999,18.067249199999996,signal
2025-08-21,000639,SELL,3.3366599999999997,27500,91758.15,119.28559499999999,hold_days
2025-08-21,000411,SELL,11.46852,7100,81426.492,105.85443959999999,hold_days
2025-08-21,000017,SELL,6.84315,11300,77327.595,100.5258735,hold_days
2025-08-21,000592,SELL,3.3329966669999997,22000,73325.92667399999,95.32370467619998,take_profit
2025-08-21,000603,SELL,16.11387,3700,59621.318999999996,77.5077147,hold_days
2025-08-21,000609,SELL,3.618996381,20200,73103.72689620001,95.03484496506,take_profit
2025-08-21,000536,BUY,6.086079999999999,16400,99811.71199999998,29.943513599999992,signal
2025-08-21,000639,BUY,3.3433399999999995,26900,89935.84599999999,26.980753799999995,signal
2025-08-21,000609,BUY,3.6436399999999995,22300,81253.17199999999,24.375951599999997,signal
2025-08-21,000036,BUY,4.39439,16600,72946.874,21.884062199999995,signal
2025-08-21,000620,BUY,1.6616599999999997,39600,65801.73599999999,19.740520799999995,signal
2025-08-22,000534,SELL,17.07291,3700,63169.767,82.1206971,hold_days
2025-08-22,000536,SELL,5.775994223999999,16400,94726.30527359998,123.14419685567997,stop_loss
2025-08-22,000632,BUY,4.144139999999999,18100,75008.934,22.502680199999997,signal
2025-08-22,000510,BUY,5.605599999999999,12000,67267.19999999998,20.180159999999994,signal
2025-08-22,000551,BUY,12.27226,4900,60134.07399999999,18.040222199999995,signal
2025-08-25,000609,SELL,4.003995996,22300,89289.11071079999,116.07584392403997,take_profit
2025-08-25,000609,BUY,4.014009999999999,15800,63421.357999999986,19.026407399999993,signal
2025-08-26,000633,SELL,6.93306,8700,60317.622,78.4129086,hold_days
2025-08-26,000592,BUY,3.43343,18400,63175.112,18.9525336,signal
2025-08-27,000559,SELL,7.94205,8500,67507.425,87.7596525,hold_days
2025-08-27,000530,SELL,6.6933,8900,59570.369999999995,77.441481,hold_days
2025-08-27,000510,SELL,5.319994679999999,12000,63839.93615999998,82.99191700799997,stop_loss
2025-08-27,000609,SELL,4.410995588999999,15800,69693.73030619998,90.60184939805998,take_profit
2025-08-27,000592,SELL,3.7729962270000006,18400,69423.13057680002,90.25006974984002,take_profit
2025-08-27,000572,BUY,4.774769999999999,18800,89765.67599999999,26.929702799999994,signal
2025-08-27,000593,BUY,6.86686,11800,81028.948,24.3086844,signal
2025-08-27,000407,BUY,3.7337299999999995,19500,72807.73499999999,21.842320499999992,signal
2025-08-27,000048,BUY,16.64663,3900,64921.856999999996,19.476557099999997,signal
2025-08-27,000534,BUY,17.087069999999997,3400,58096.03799999999,17.428811399999997,signal
2025-08-28,000639,SELL,3.1729968269999995,26900,85353.61464629999,110.95969904018997,stop_loss
2025-08-28,000036,SELL,4.170495829499999,16600,69230.23076969999,89.99930000060999,stop_loss
2025-08-28,000620,SELL,1.5769984229999996,39600,62449.137550799984,81.18387881603998,stop_loss
2025-08-28,000632,SELL,3.932996066999999,18100,71187.22881269998,92.54339745650996,stop_loss
2025-08-28,000551,SELL,11.646988352999998,4900,57070.24292969999,74.19131580860999,stop_loss
2025-08-28,000572,SELL,4.531495468499999,18800,85192.11480779998,110.74974925013997,stop_loss
2025-08-28,000593,SELL,6.516993483,11800,76900.5230994,99.97068002921999,stop_loss
2025-08-28,000407,SELL,3.5434964565,19500,69098.18090174999,89.82763517227498,stop_loss
2025-08-28,000048,SELL,15.798484201499997,3900,61614.08838584999,80.09831490160498,stop_loss
2025-08-28,000534,SELL,16.216483783499996,3400,55136.04486389999,71.67685832306998,stop_loss
2025-08-28,000592,BUY,3.8838799999999996,25700,99815.71599999999,29.944714799999993,signal
2025-08-28,000048,BUY,16.17616,6100,98674.576,29.602372799999998,signal
2025-08-28,000533,BUY,7.417409999999999,13400,99393.294,29.817988199999995,signal
2025-08-28,000407,BUY,3.5935899999999994,25800,92714.62199999999,27.814386599999995,signal
2025-08-28,000532,BUY,15.90589,5200,82710.628,24.813188399999998,signal
2025-08-29,000592,SELL,3.6859963139999996,25700,94730.10526979998,123.14913685073998,stop_loss
2025-08-29,000571,BUY,4.644639999999999,18200,84532.44799999997,25.35973439999999,signal
2025-08-29,000633,BUY,6.6065999999999985,11500,75975.89999999998,22.79276999999999,signal
2025-08-29,000534,BUY,16.666649999999997,4100,68333.26499999998,20.499979499999995,signal
2025-08-29,000523,BUY,3.29329,18700,61584.522999999994,18.475356899999998,signal
2025-08-29,000536,BUY,5.83583,9500,55440.384999999995,16.632115499999998,signal
2025-09-01,000417,BUY,6.146139999999999,8100,49783.73399999999,14.935120199999995,signal
2025-09-02,000533,SELL,7.039492960499999,13400,94329.20567069999,122.62796737190997,stop_loss
2025-09-02,000407,SELL,3.948996051,25800,101884.09811579999,132.44932755053998,take_profit
2025-09-02,000609,BUY,4.28428,15100,64692.628,19.407788399999998,signal
2025-09-02,000036,BUY,4.49449,12900,57978.920999999995,17.393676299999996,signal
2025-09-03,000532,SELL,15.0954849045,5200,78496.5215034,102.04547795442,stop_loss
2025-09-03,000536,SELL,5.538494461499999,9500,52615.697384249994,68.40040659952498,stop_loss
2025-09-03,000036,SELL,4.2654957345,12900,55024.894975049996,71.53236346756499,stop_loss
2025-09-03,000036,BUY,4.344339999999999,16300,70812.74199999998,21.243822599999994,signal
2025-09-03,000017,BUY,6.86686,9300,63861.798,19.1585394,signal
2025-09-03,000572,BUY,4.87487,11800,57523.46599999999,17.257039799999998,signal
2025-09-04,000048,SELL,15.57441,6100,95003.901,123.5050713,hold_days
2025-09-04,000534,SELL,15.817484182499996,4100,64851.685148249984,84.30719069272497,stop_loss
2025-09-04,000036,SELL,4.122995876999999,16300,67204.83279509998,87.36628263362996,stop_loss
2025-09-04,000547,BUY,7.927919999999999,9300,73729.65599999999,22.118896799999995,signal
2025-09-04,000036,BUY,4.23423,15800,66900.834,20.0702502,signal
2025-09-04,000533,BUY,6.976969999999999,8600,60001.94199999999,18.000582599999994,signal
2025-09-05,000571,SELL,4.55544,18200,82909.008,107.7817104,hold_days
2025-09-05,000633,SELL,6.45354,11500,74215.71,96.480423,hold_days
2025-09-05,000523,SELL,3.3966,18700,63516.42,82.57134599999999,hold_days
2025-09-05,000523,BUY,3.4033999999999995,22400,76236.15999999999,22.870847999999995,signal
2025-09-05,000639,BUY,3.3433399999999995,20500,68538.46999999999,20.561540999999995,signal
2025-09-05,000534,BUY,16.016,3800,60860.799999999996,18.258239999999997,signal
2025-09-08,000417,SELL,6.12387,8100,49603.347,64.4843511,hold_days
2025-09-08,000603,BUY,19.49948,3100,60448.38799999999,18.134516399999995,signal
2025-09-09,000609,SELL,4.4955,15100,67882.05,88.246665,hold_days
2025-09-09,000510,BUY,5.33533,11500,61356.295,18.406888499999997,signal
2025-09-10,000017,SELL,7.2927,9300,67822.11,88.16874299999999,hold_days
2025-09-10,000572,SELL,4.7951999999999995,11800,56583.35999999999,73.55836799999999,hold_days
2025-09-10,000571,BUY,5.004999999999999,13500,67567.49999999999,20.270249999999994,signal
2025-09-10,000561,BUY,11.06105,5500,60835.775,18.250732499999998,signal
2025-09-11,000547,SELL,7.85214,9300,73024.902,94.9323726,hold_days
2025-09-11,000036,SELL,4.23576,15800,66925.008,87.00251039999999,hold_days
2025-09-11,000533,SELL,7.38261,8600,63490.445999999996,82.53757979999999,hold_days
2025-09-11,000620,BUY,1.7117099999999998,44000,75315.23999999999,22.594571999999996,signal
2025-09-11,000070,BUY,10.17016,6600,67123.056,20.136916799999998,signal
2025-09-11,000592,BUY,3.3032999999999992,18400,60780.71999999999,18.234215999999993,signal
2025-09-12,000523,SELL,3.4165799999999997,22400,76531.39199999999,99.49080959999999,hold_days
2025-09-12,000639,SELL,3.38661,20500,69425.505,90.2531565,hold_days
2025-09-12,000534,SELL,16.30368,3800,61953.984,80.5401792,hold_days
2025-09-12,000603,SELL,21.427978572,3100,66426.7335732,86.35475364516,take_profit
2025-09-12,000070,SELL,11.175988824000001,6600,73761.52623840001,95.88998410992001,take_profit
2025-09-12,000070,BUY,10.690679999999999,8300,88732.64399999999,26.619793199999993,signal
2025-09-12,000536,BUY,5.095089999999999,15800,80502.42199999999,24.150726599999995,signal
2025-09-12,000533,BUY,7.267259999999999,10000,72672.59999999999,21.801779999999994,signal
2025-09-12,000632,BUY,4.054049999999999,16100,65270.20499999999,19.581061499999993,signal
2025-09-12,000506,BUY,10.280269999999998,5700,58597.53899999999,17.579261699999996,signal
2025-09-15,000620,SELL,1.880998119,44000,82763.917236,107.59309240679998,take_profit
2025-09-15,000620,BUY,1.8017999999999998,34000,61261.2,18.378359999999997,signal
2025-09-16,000510,SELL,5.32467,11500,61233.705,79.6038165,hold_days
2025-09-16,000559,BUY,8.918909999999999,6800,60648.58799999999,18.194576399999995,signal
2025-09-17,000571,SELL,4.95504,13500,66893.04000000001,86.960952,hold_days
2025-09-17,000561,SELL,11.33865,5500,62362.575,81.07134749999999,hold_days
2025-09-17,000559,SELL,9.800990199,6800,66646.73335319999,86.64075335915999,take_profit
2025-09-17,000609,BUY,4.58458,16300,74728.654,22.418596199999996,signal
2025-09-17,000036,BUY,4.594589999999999,14600,67081.014,20.124304199999997,signal
2025-09-17,000078,BUY,2.72272,22300,60716.655999999995,18.214996799999998,signal
2025-09-18,000592,SELL,3.51648,18400,64703.232,84.1142016,hold_days
2025-09-18,000506,SELL,9.756490243499996,5700,55611.99438794998,72.29559270433496,stop_loss
2025-09-18,000559,BUY,10.900889999999999,6100,66495.42899999999,19.948628699999993,signal
2025-09-18,000657,BUY,18.558539999999997,3200,59387.327999999994,17.816198399999998,signal
2025-09-19,000070,SELL,11.747988252,8300,97508.3024916,126.76079323907999,take_profit
2025-09-19,000536,SELL,5.0149799999999995,15800,79236.684,103.00768919999999,hold_days
2025-09-19,000533,SELL,6.896993102999999,10000,68969.93102999999,89.66091033899998,stop_loss
2025-09-19,000632,SELL,3.8474961524999993,16100,61944.688055249986,80.52809447182497,stop_loss
2025-09-19,000609,SELL,4.350995649,16300,70921.2290787,92.19759780230999,stop_loss
2025-09-19,000036,SELL,4.360495639499999,14600,63663.236336699985,82.76220723770997,stop_loss
2025-09-19,000559,SELL,10.345489654499998,6100,63107.48689244999,82.03973296018498,stop_loss
2025-09-19,000609,BUY,4.32432,23100,99891.792,29.967537599999996,signal
2025-09-19,000070,BUY,11.031019999999998,8500,93763.66999999998,28.12910099999999,signal
2025-09-19,000017,BUY,6.666659999999999,12700,84666.582,25.399974599999997,signal
2025-09-19,000036,BUY,4.434429999999999,17300,76715.63899999998,23.014691699999993,signal
2025-09-19,000536,BUY,5.025019999999999,13700,68842.77399999998,20.65283219999999,signal
2025-09-22,000620,SELL,1.70999829,34000,58139.94186,75.581924418,stop_loss
2025-09-22,000078,SELL,2.583997416,22300,57623.142376799995,74.91008508984,stop_loss
2025-09-22,000657,SELL,17.612982386999995,3200,56361.543638399984,73.27000672991997,stop_loss
2025-09-22,000620,BUY,1.7717699999999998,44700,79198.11899999999,23.759435699999994,signal
2025-09-22,000659,BUY,2.9129099999999997,24500,71366.295,21.409888499999997,signal
2025-09-22,000657,BUY,18.1181,3500,63413.34999999999,19.024004999999995,signal
2025-09-22,000592,BUY,3.41341,16900,57686.629,17.3059887,signal
2025-09-22,000561,BUY,11.601589999999998,4400,51046.99599999999,15.314098799999996,signal
2025-09-23,000070,SELL,10.468989530999998,8500,88986.41101349998,115.68233431754997,stop_loss
2025-09-23,000036,SELL,4.872995126999999,17300,84302.81569709998,109.59366040622997,take_profit
2025-09-23,000536,SELL,4.768995230999999,13700,65335.23466469999,84.93580506410999,stop_loss
2025-09-23,000620,SELL,1.6814983184999996,44700,75162.97483694999,97.71186728803498,stop_loss
2025-09-23,000657,SELL,17.194982805,3500,60182.439817499995,78.23717176275,stop_loss
2025-09-23,000561,SELL,11.010488989499997,4400,48446.15155379999,62.97999701993998,stop_loss
2025-09-23,000603,BUY,22.462439999999997,3900,87603.51599999999,26.281054799999993,signal
2025-09-23,000426,BUY,27.607579999999995,2900,80061.98199999999,24.018594599999993,signal
2025-09-23,000036,BUY,4.744739999999999,15200,72120.048,21.636014399999997,signal
2025-09-23,000572,BUY,5.62562,11600,65257.191999999995,19.577157599999996,signal
2025-09-23,000070,BUY,11.201189999999999,5200,58246.187999999995,17.473856399999995,signal
2025-09-24,000070,SELL,10.630489369499998,5200,55278.54472139999,71.86210813781997,stop_loss
2025-09-24,000070,BUY,10.480469999999999,5500,57642.58499999999,17.292775499999998,signal
2025-09-24,000593,BUY,6.266259999999999,8400,52636.583999999995,15.790975199999997,signal
2025-09-25,000609,SELL,4.103995896,23100,94802.3051976,123.24299675687999,stop_loss
2025-09-25,000593,SELL,6.885993114,8400,57842.3421576,75.19504480488,take_profit
2025-09-25,000593,BUY,6.936929999999999,9000,62432.369999999995,18.729710999999998,signal
2025-09-25,000620,BUY,1.6516499999999996,34100,56321.264999999985,16.896379499999995,signal
2025-09-26,000017,SELL,6.5734200000000005,12700,83482.43400000001,108.5271642,hold_days
2025-09-26,000036,SELL,4.502995496999999,15200,68445.53155439997,88.97919102071997,stop_loss
2025-09-26,000572,SELL,5.338994661,11600,61932.3380676,80.51203948788,stop_loss
2025-09-26,000070,SELL,9.946490053499998,5500,54705.69529424999,71.11740388252498,stop_loss
2025-09-26,000070,BUY,10.16015,7600,77217.14,23.165142,signal
2025-09-26,000571,BUY,5.275269999999999,13200,69633.56399999998,20.890069199999992,signal
2025-09-26,000506,BUY,10.210199999999999,6100,62282.219999999994,18.684665999999996,signal
2025-09-26,000036,BUY,4.884879999999999,11600,56664.607999999986,16.999382399999995,signal
2025-09-29,000659,SELL,2.81718,24500,69020.91,89.727183,hold_days
2025-09-29,000592,SELL,3.45654,16900,58415.526,75.9401838,hold_days
2025-09-29,000603,SELL,24.683975315999998,3900,96267.50373239999,125.14775485211997,take_profit
2025-09-29,000426,SELL,30.337969662,2900,87980.1120198,114.37414562574,take_profit
2025-09-29,000571,SELL,5.006494993499999,13200,66085.73391419998,85.91145408845998,stop_loss
2025-09-29,000036,SELL,4.6359953639999985,11600,53777.54622239998,69.91081008911996,stop_loss
2025-09-29,000659,BUY,2.8228199999999997,33300,93999.90599999999,28.199971799999993,signal
2025-09-29,000547,BUY,7.557549999999999,11200,84644.55999999998,25.39336799999999,signal
2025-09-29,000572,BUY,5.605599999999999,13500,75675.59999999999,22.702679999999994,signal
2025-09-29,000571,BUY,5.185179999999999,13200,68444.37599999999,20.533312799999994,signal
2025-09-29,000609,BUY,4.2042,14700,61801.740000000005,18.540522,signal
2025-09-30,000572,SELL,6.159993839999999,13500,83159.91683999999,108.10789189199998,take_profit
2025-09-30,000572,BUY,5.83583,10900,63610.547,19.083164099999998,signal
2025-09-30,000532,BUY,14.784769999999998,3800,56182.126,16.8546378,signal
2025-10-09,000506,SELL,11.219988779999998,6100,68441.93155799998,88.97451102539998,take_profit
2025-10-09,000572,SELL,5.538494461499999,10900,60369.58963034999,78.48046651945498,stop_loss
2025-10-09,000510,BUY,5.685679999999999,11400,64816.751999999986,19.445025599999994,signal
2025-10-09,000592,BUY,3.5235199999999995,16500,58138.079999999994,17.441423999999998,signal
2025-10-10,000593,SELL,7.1928,9000,64735.200000000004,84.15576,hold_days
2025-10-10,000620,SELL,1.6283699999999999,34100,55527.416999999994,72.1856421,hold_days
2025-10-10,000571,SELL,5.697994302,13200,75213.5247864,97.77758222231999,take_profit
2025-10-10,000620,BUY,1.6316299999999997,44100,71954.88299999999,21.586464899999996,signal
2025-10-10,000571,BUY,5.69569,11300,64361.297,19.3083891,signal
2025-10-10,000633,BUY,6.726719999999999,8600,57849.791999999994,17.354937599999996,signal
2025-10-13,000070,SELL,9.6424903575,7600,73282.926717,95.26780473209999,stop_loss
2025-10-13,000532,SELL,14.031485968499997,3800,53319.646680299986,69.31554068438997,stop_loss
2025-10-13,000510,SELL,5.395994603999998,11400,61514.33848559998,79.96864003127997,stop_loss
2025-10-13,000571,SELL,5.4054945944999995,11300,61082.08891784999,79.40671559320499,stop_loss
2025-10-13,000572,BUY,5.48548,14100,77345.268,23.203580399999996,signal
2025-10-13,000571,BUY,5.255249999999999,13200,69369.29999999999,20.810789999999994,signal
2025-10-13,000532,BUY,14.364349999999998,4300,61766.704999999994,18.530011499999997,signal
2025-10-13,000036,BUY,4.25425,13300,56581.525,16.9744575,signal
2025-10-14,000659,SELL,2.82717,33300,94144.76100000001,122.38818930000001,hold_days
2025-10-14,000547,SELL,7.812180000000001,11200,87496.41600000001,113.74534080000001,hold_days
2025-10-14,000609,SELL,4.31568,14700,63440.49600000001,82.4726448,hold_days
2025-10-14,000572,SELL,6.027993972,14100,84994.71500519999,110.49312950675998,take_profit
2025-10-14,000571,SELL,5.7749942249999995,13200,76229.92377,99.098900901,take_profit
2025-10-14,000417,BUY,7.257249999999999,12600,91441.34999999999,27.432404999999996,signal
2025-10-14,000571,BUY,5.755749999999999,14300,82307.22499999999,24.692167499999996,signal
2025-10-14,000017,BUY,7.497489999999999,9800,73475.40199999999,22.042620599999996,signal
2025-10-14,000561,BUY,11.67166,5700,66528.462,19.958538599999997,signal
2025-10-14,000657,BUY,19.669649999999997,3000,59008.94999999999,17.702684999999995,signal
2025-10-15,000017,SELL,7.115492884499998,9800,69731.83026809998,90.65137934852997,stop_loss
2025-10-15,000561,SELL,11.076988922999998,5700,63138.83686109999,82.08048791942998,stop_loss
2025-10-15,000657,SELL,18.667481332499996,3000,56002.44399749999,72.80317719674999,stop_loss
2025-10-15,000572,BUY,6.04604,12000,72552.48,21.765743999999998,signal
2025-10-15,000048,BUY,16.786769999999997,3900,65468.40299999999,19.640520899999995,signal
2025-10-15,000657,BUY,18.77876,3100,58214.155999999995,17.464246799999998,signal
2025-10-16,000592,SELL,3.4965,16500,57692.25,74.99992499999999,hold_days
2025-10-16,000417,SELL,7.974992025,12600,100484.899515,130.6303693695,take_profit
2025-10-16,000572,SELL,6.643993356,12000,79727.920272,103.6462963536,take_profit
2025-10-16,000657,SELL,17.821982178,3100,55248.1447518,71.82258817734,stop_loss
2025-10-16,000603,BUY,27.547519999999995,3000,82642.55999999998,24.79276799999999,signal
2025-10-16,000533,BUY,7.587579999999999,9800,74358.28399999999,22.307485199999995,signal
2025-10-16,000657,BUY,18.13812,3600,65297.232,19.589169599999998,signal
2025-10-16,000572,BUY,6.686679999999999,9000,60180.11999999999,18.054035999999996,signal
2025-10-17,000620,SELL,1.67832,44100,74013.912,96.2180856,hold_days
2025-10-17,000633,SELL,6.763229999999999,8600,58163.77799999999,75.61291139999999,hold_days
2025-10-17,000532,SELL,13.632486367499999,4300,58619.69138024999,76.20559879432498,stop_loss
2025-10-17,000036,SELL,4.0374959624999995,13300,53698.69630124999,69.80830519162498,stop_loss
2025-10-17,000603,SELL,26.14397385599999,3000,78431.92156799998,101.96149803839997,stop_loss
2025-10-17,000533,SELL,7.200992798999999,9800,70569.7294302,91.74064825925998,stop_loss
2025-10-17,000657,SELL,17.213982786000003,3600,61970.33802960001,80.56143943848001,stop_loss
2025-10-17,000572,SELL,7.347992651999999,9000,66131.933868,85.97151402839998,take_profit
2025-10-17,000593,BUY,6.926919999999999,14400,99747.64799999999,29.924294399999994,signal
2025-10-17,000566,BUY,5.83583,16500,96291.19499999999,28.887358499999994,signal
2025-10-17,000547,BUY,7.627619999999999,11400,86954.86799999999,26.086460399999993,signal
2025-10-17,000609,BUY,4.15415,18800,78098.01999999999,23.429405999999993,signal
2025-10-17,000659,BUY,2.7927899999999997,25200,70378.30799999999,21.113492399999995,signal
2025-10-20,000609,SELL,4.564995435,18800,85821.914178,111.5684884314,take_profit
2025-10-20,000609,BUY,4.674669999999999,15400,71989.91799999999,21.596975399999994,signal
2025-10-20,000592,BUY,3.83383,16900,64791.727,19.4375181,signal
2025-10-20,000657,BUY,16.49648,3500,57737.67999999999,17.321303999999998,signal
2025-10-20,000663,BUY,6.726719999999999,7800,52468.416,15.740524799999998,signal
2025-10-21,000571,SELL,5.84415,14300,83571.345,108.6427485,hold_days
2025-10-21,000593,SELL,7.611992387999999,14400,109612.69038719998,142.49649750335996,take_profit
2025-10-21,000571,BUY,5.855849999999999,11300,66171.105,19.851331499999997,signal
2025-10-21,000620,BUY,1.8618599999999998,32200,59951.89199999999,17.985567599999996,signal
2025-10-22,000048,SELL,16.92306,3900,65999.934,85.79991419999999,hold_days
2025-10-22,000609,SELL,5.136994862999999,15400,79109.72089019998,102.84263715725997,take_profit
2025-10-22,000657,SELL,18.127981872,3500,63447.936552,82.4823175176,take_profit
2025-10-22,000620,SELL,2.0459979539999997,32200,65881.1341188,85.64547435443998,take_profit
2025-10-22,000609,BUY,5.15515,15700,80935.855,24.280756499999995,signal
2025-10-22,000417,BUY,7.387379999999999,9900,73135.06199999999,21.940518599999994,signal
2025-10-22,000632,BUY,4.16416,15800,65793.728,19.738118399999998,signal
2025-10-22,000048,BUY,16.95694,3500,59349.29,17.804786999999997,signal
2025-10-24,000566,SELL,5.7942,16500,95604.3,124.28559,hold_days
2025-10-24,000547,SELL,8.091899999999999,11400,92247.65999999999,119.92195799999998,hold_days
2025-10-24,000659,SELL,2.8971,25200,73006.92,94.90899599999999,hold_days
2025-10-24,000592,SELL,4.212995787,16900,71199.6288003,92.55951744038998,take_profit
2025-10-24,000609,SELL,5.664994335,15700,88940.41105950001,115.62253437735001,take_profit
2025-10-24,000609,BUY,5.685679999999999,16800,95519.42399999998,28.655827199999994,signal
2025-10-24,000532,BUY,14.34433,5900,84631.54699999999,25.389464099999994,signal
2025-10-24,000070,BUY,10.53052,7300,76872.79599999999,23.061838799999993,signal
2025-10-24,000593,BUY,8.17817,8500,69514.44499999999,20.854333499999996,signal
2025-10-24,000639,BUY,3.2432399999999997,19300,62594.53199999999,18.778359599999995,signal
2025-10-27,000663,SELL,7.10289,7800,55402.542,72.0233046,hold_days
2025-10-27,000632,SELL,4.575995424,15800,72300.7276992,93.99094600896,take_profit
2025-10-27,000559,BUY,10.990979999999999,6300,69243.17399999998,20.77295219999999,signal
2025-10-27,000632,BUY,4.3043,14500,62412.34999999999,18.723704999999995,signal
2025-10-28,000571,SELL,5.74425,11300,64910.025,84.3830325,hold_days
2025-10-28,000609,SELL,6.247993751999998,16800,104966.29503359998,136.45618354367997,take_profit
2025-10-28,000559,SELL,12.077987922,6300,76091.3239086,98.91872108118,take_profit
2025-10-28,000609,BUY,6.266259999999999,12800,80208.12799999998,24.062438399999994,signal
2025-10-28,000559,BUY,11.19118,6400,71623.552,21.487065599999998,signal
2025-10-28,000657,BUY,21.501479999999997,3000,64504.439999999995,19.351331999999996,signal
2025-10-29,000417,SELL,7.010992988999998,9900,69408.83059109998,90.23147976842996,stop_loss
2025-10-29,000048,SELL,16.74324,3500,58601.340000000004,76.181742,hold_days
2025-10-29,000070,SELL,9.993990005999999,7300,72956.12704379999,94.84296515693998,stop_loss
2025-10-29,000593,SELL,8.986991013,8500,76389.4236105,99.30625069365,take_profit
2025-10-29,000657,SELL,23.627976372,3000,70883.929116,92.1491078508,take_profit
2025-10-29,000620,BUY,3.2532499999999995,28800,93693.59999999999,28.108079999999994,signal
2025-10-29,000657,BUY,23.993969999999997,3500,83978.89499999999,25.193668499999994,signal
2025-10-29,000534,BUY,16.76675,4500,75450.37499999999,22.635112499999995,signal
2025-10-29,000663,BUY,7.287279999999999,9400,68500.43199999999,20.550129599999995,signal
2025-10-29,000536,BUY,5.015009999999999,12300,61684.62299999999,18.505386899999998,signal
2025-10-30,000632,SELL,4.084995914999999,14500,59232.44076749998,77.00217299774997,stop_loss
2025-10-30,000609,SELL,6.885993114,12800,88140.71185919999,114.58292541695998,take_profit
2025-10-30,000620,SELL,3.0874969124999994,28800,88919.91107999998,115.59588440399996,stop_loss
2025-10-30,000657,SELL,26.366973632999997,3500,92284.40771549998,119.96973003014998,take_profit
2025-10-30,000603,BUY,23.303279999999997,3700,86222.13599999998,25.866640799999992,signal
2025-10-30,000426,BUY,30.800769999999996,2500,77001.92499999999,23.100577499999993,signal
2025-10-30,000572,BUY,6.016009999999999,11900,71590.51899999999,21.477155699999994,signal
2025-10-30,000533,BUY,7.107099999999999,9100,64674.60999999999,19.402382999999997,signal
2025-10-31,000532,SELL,14.515469999999999,5900,85641.27299999999,111.33365489999997,hold_days
2025-10-31,000639,SELL,3.20679,19300,61891.047,80.45836109999999,hold_days
2025-10-31,000559,SELL,12.297987702,6400,78707.1212928,102.31925768063999,take_profit
2025-10-31,000609,BUY,7.257249999999999,11100,80555.47499999999,24.166642499999995,signal
2025-10-31,000571,BUY,5.355349999999999,13600,72832.75999999998,21.84982799999999,signal
2025-10-31,000530,BUY,6.636629999999999,9800,65038.973999999995,19.511692199999995,signal
2025-11-03,000426,SELL,29.231470768499996,2500,73078.67692125,95.00227999762498,stop_loss
2025-11-03,000572,SELL,6.610993388999999,11900,78670.82132909998,102.27206772782998,take_profit
2025-11-03,000506,BUY,11.961949999999998,6200,74164.08999999998,22.249226999999994,signal
2025-11-03,000572,BUY,6.896889999999999,9600,66210.14399999999,19.863043199999993,signal
2025-11-04,000534,SELL,18.424981575,4500,82912.4170875,107.78614221375,take_profit
2025-11-04,000603,SELL,22.115977883999996,3700,81829.11817079998,106.37785362203996,stop_loss
2025-11-04,000609,SELL,7.974992025,11100,88522.41147749999,115.07913492074998,take_profit
2025-11-04,000530,SELL,7.292992707,9800,71471.3285286,92.91272708718,take_profit
2025-11-04,000572,SELL,7.578992421,9600,72758.3272416,94.58582541407999,take_profit
2025-11-04,000609,BUY,7.99799,12400,99175.076,29.752522799999998,signal
2025-11-04,000632,BUY,4.7047,19100,89859.77,26.957931,signal
2025-11-04,000572,BUY,7.957949999999999,10100,80375.295,24.112588499999998,signal
2025-11-04,000426,BUY,29.459429999999998,2400,70702.632,21.2107896,signal
2025-11-04,000559,BUY,12.262249999999998,5300,64989.92499999999,19.496977499999996,signal
2025-11-05,000663,SELL,7.54245,9400,70899.03,92.16873899999999,hold_days
2025-11-05,000536,SELL,4.98501,12300,61315.623,79.7103099,hold_days
2025-11-05,000533,SELL,7.80999219,9100,71070.928929,92.3922076077,take_profit
2025-11-05,000571,SELL,5.884994114999999,13600,80035.91996399999,104.04669595319997,take_profit
2025-11-05,000572,SELL,8.744991255,10100,88324.4116755,114.82173517814999,take_profit
2025-11-05,000426,SELL,27.9584720415,2400,67100.33289959999,87.23043276947999,stop_loss
2025-11-05,000603,BUY,21.511489999999995,4600,98952.85399999998,29.68585619999999,signal
2025-11-05,000657,BUY,22.332309999999996,4100,91562.47099999999,27.468741299999994,signal
2025-11-05,000426,BUY,27.27725,3000,81831.75,24.549525,signal
2025-11-05,000663,BUY,7.557549999999999,10000,75575.49999999999,22.672649999999994,signal
2025-11-05,000547,BUY,8.768759999999999,7800,68396.328,20.518898399999998,signal
2025-11-06,000609,SELL,8.788991210999999,12400,108983.49101639999,141.67853832132,take_profit
2025-11-06,000632,SELL,4.464995535,19100,85281.4147185,110.86583913405,stop_loss
2025-11-06,000559,SELL,13.474986524999998,5300,71417.4285825,92.84265715724999,take_profit
2025-11-06,000657,SELL,24.540975458999995,4100,100617.99938189998,130.80339919646997,take_profit
2025-11-06,000609,BUY,8.81881,11100,97888.791,29.366637299999997,signal
2025-11-06,000533,BUY,8.46846,10400,88071.984,26.421595199999995,signal
2025-11-06,000571,BUY,5.855849999999999,13500,79053.97499999999,23.716192499999995,signal
2025-11-06,000510,BUY,6.2062,11500,71371.3,21.411389999999997,signal
2025-11-06,000536,BUY,5.15515,12500,64439.375,19.331812499999998,signal
2025-11-07,000533,SELL,9.305990694000002,10400,96782.30321760001,125.81699418288001,take_profit
2025-11-07,000559,BUY,13.903889999999999,4800,66738.67199999999,20.021601599999997,signal
2025-11-10,000506,SELL,12.627360000000001,6200,78289.63200000001,101.77652160000001,hold_days
2025-11-10,000603,SELL,23.638976360999994,4600,108739.29126059997,141.36107863877996,take_profit
2025-11-10,000426,SELL,29.974970025,3000,89924.910075,116.9023830975,take_profit
2025-11-10,000609,SELL,9.690990308999998,11100,107569.99242989998,139.84099015886997,take_profit
2025-11-10,000571,SELL,5.5574944424999995,13500,75026.17497374999,97.53402746587498,stop_loss
2025-11-10,000546,BUY,5.555549999999999,18000,99999.9,29.999969999999994,signal
2025-11-10,000561,BUY,11.57156,8300,96043.948,28.813184399999997,signal
2025-11-10,000506,BUY,12.65264,6900,87303.216,26.190964799999996,signal
2025-11-10,000426,BUY,29.929899999999996,2600,77817.73999999999,23.345321999999996,signal
2025-11-10,000505,BUY,7.03703,10000,70370.3,21.11109,signal
2025-11-11,000536,SELL,4.892495107499999,12500,61156.188843749995,79.50304549687499,stop_loss
2025-11-11,000609,BUY,10.210199999999999,6800,69429.35999999999,20.828807999999995,signal
2025-11-12,000663,SELL,7.64235,10000,76423.5,99.35055,hold_days
2025-11-12,000547,SELL,8.321991677999998,7800,64911.535088399985,84.38499561491997,stop_loss
2025-11-12,000078,BUY,2.66266,28900,76950.874,23.085262199999995,signal
2025-11-12,000639,BUY,3.4534499999999997,20000,69069.0,20.720699999999997,signal
2025-11-13,000510,SELL,6.819993180000001,11500,78429.92157,101.958898041,take_profit
2025-11-13,000426,SELL,32.88996710999999,2600,85513.91448599998,111.16808883179996,take_profit
2025-11-13,000411,BUY,12.052039999999998,6500,78338.26,23.501477999999995,signal
2025-11-13,000663,BUY,7.647639999999999,9200,70358.28799999999,21.107486399999996,signal
2025-11-14,000559,SELL,13.195486804499998,4800,63338.33666159999,82.33983766007998,stop_loss
2025-11-14,000426,BUY,32.64261,2100,68549.481,20.564844299999997,signal
2025-11-17,000546,SELL,6.104993895,18000,109889.89011,142.85685714299998,take_profit
2025-11-17,000561,SELL,11.55843,8300,95934.969,124.7154597,hold_days
2025-11-17,000506,SELL,12.44754,6900,85888.026,111.65443379999999,hold_days
2025-11-17,000505,SELL,7.2127799999999995,10000,72127.79999999999,93.76613999999998,hold_days
2025-11-17,000663,SELL,8.403991596000001,9200,77316.7226832,100.51173948816,take_profit
2025-11-17,000426,SELL,30.979469020499995,2100,65056.88494304999,84.57395042596498,stop_loss
2025-11-17,000534,BUY,21.861839999999997,4500,98378.27999999998,29.51348399999999,signal
2025-11-17,000536,BUY,5.355349999999999,18600,99609.50999999998,29.88285299999999,signal
2025-11-17,000506,BUY,12.47246,7500,93543.45,28.063034999999996,signal
2025-11-17,000426,BUY,31.461429999999996,2600,81799.718,24.539915399999995,signal
2025-11-17,000659,BUY,3.0530499999999994,25100,76631.55499999998,22.989466499999992,signal
2025-11-18,000609,SELL,11.219988779999998,6800,76295.92370399999,99.18470081519997,take_profit
2025-11-18,000506,SELL,11.836988163,7500,88777.4112225,115.41063458925,stop_loss
2025-11-18,000426,SELL,29.858470141499996,2600,77632.02236789999,100.92162907826999,stop_loss
2025-11-18,000547,BUY,11.011,8400,92492.4,27.747719999999997,signal
2025-11-18,000506,BUY,12.14213,6900,83780.697,25.134209099999996,signal
2025-11-18,000663,BUY,9.519509999999999,7900,75204.12899999999,22.561238699999993,signal
2025-11-18,000426,BUY,30.710679999999996,2200,67563.496,20.269048799999997,signal
2025-11-19,000078,SELL,2.65734,28900,76797.126,99.8362638,hold_days
2025-11-19,000639,SELL,3.43656,20000,68731.2,89.35055999999999,hold_days
2025-11-19,000534,SELL,20.747979251999997,4500,93365.90663399998,121.37567862419998,stop_loss
2025-11-19,000536,SELL,5.082494917499998,18600,94534.40546549996,122.89472710514995,stop_loss
2025-11-19,000659,SELL,2.897497102499999,25100,72727.17727274998,94.54533045457497,stop_loss
2025-11-19,000547,SELL,12.0999879,8400,101639.89836,132.131867868,take_profit
2025-11-19,000663,SELL,9.034490965499998,7900,71372.47862744998,92.78422221568496,stop_loss
2025-11-19,000609,BUY,11.82181,8400,99303.204,29.790961199999998,signal
2025-11-19,000657,BUY,22.89287,4300,98439.341,29.5318023,signal
2025-11-19,000534,BUY,21.291269999999997,4600,97939.84199999999,29.381952599999995,signal
2025-11-19,000505,BUY,7.327319999999999,12200,89393.30399999999,26.817991199999994,signal
2025-11-19,000603,BUY,23.41339,3400,79605.526,23.881657799999996,signal
2025-11-20,000411,SELL,11.437988561999997,6500,74346.92565299998,96.65100334889998,stop_loss
2025-11-20,000534,SELL,20.206479793499994,4600,92949.80705009997,120.83474916512996,stop_loss
2025-11-20,000534,BUY,20.360339999999997,4300,87549.46199999998,26.264838599999994,signal
2025-11-20,000417,BUY,7.097089999999999,11300,80197.11699999998,24.059135099999992,signal
2025-11-20,000536,BUY,5.215209999999999,13900,72491.41899999998,21.747425699999994,signal
2025-11-20,000510,BUY,7.0270199999999985,9300,65351.285999999986,19.605385799999993,signal
2025-11-21,000609,SELL,12.990987009000001,8400,109124.29087560001,141.86157813828,take_profit
2025-11-21,000657,SELL,21.726478273499996,4300,93423.85657604998,121.45101354886496,stop_loss
2025-11-21,000505,SELL,8.051991948000001,12200,98234.30176560002,127.70459229528001,take_profit
2025-11-21,000536,SELL,5.730994269,13900,79660.8203391,103.55906644083,take_profit
2025-11-21,000510,SELL,6.6689933309999985,9300,62021.63797829999,80.62812937178998,stop_loss
2025-11-21,000657,BUY,22.022,4500,99099.0,29.729699999999998,signal
2025-11-21,000510,BUY,6.856849999999999,13500,92567.47499999998,27.77024249999999,signal
2025-11-21,000536,BUY,5.9059,14100,83273.19,24.981956999999998,signal
2025-11-21,000639,BUY,3.3833799999999994,22300,75449.37399999998,22.634812199999992,signal
2025-11-21,000530,BUY,6.356349999999999,10600,67377.30999999998,20.213192999999993,signal
2025-11-24,000506,SELL,11.523488476499999,6900,79512.07048785,103.36569163420499,stop_loss
2025-11-24,000603,SELL,22.220477779499998,3400,75549.62445029999,98.21451178538999,stop_loss
2025-11-24,000417,SELL,6.735493264499999,11300,76111.07388884999,98.94439605550498,stop_loss
2025-11-24,000510,SELL,6.507493492499998,13500,87851.16214874998,114.20651079337497,stop_loss
2025-11-24,000536,SELL,5.604994394999999,14100,79030.42096949999,102.73954726034998,stop_loss
2025-11-24,000639,SELL,3.2109967889999993,22300,71605.22839469998,93.08679691310998,stop_loss
2025-11-24,000017,BUY,9.21921,10800,99567.46800000001,29.8702404,signal
2025-11-24,000078,BUY,2.48248,39500,98057.95999999999,29.417387999999995,signal
2025-11-24,000070,BUY,11.011,8000,88088.0,26.426399999999997,signal
2025-11-24,000523,BUY,3.2732699999999997,24300,79540.461,23.862138299999998,signal
2025-11-24,000639,BUY,3.22322,22200,71555.484,21.4666452,signal
2025-11-25,000426,SELL,30.95901,2200,68109.822,88.5427686,hold_days
2025-11-25,000017,SELL,8.7494912505,10800,94494.5055054,122.84285715701999,stop_loss
2025-11-25,000070,SELL,12.0999879,8000,96799.9032,125.83987416,take_profit
2025-11-25,000036,BUY,4.24424,21200,89977.88799999999,26.993366399999996,signal
2025-11-25,000536,BUY,5.45545,14900,81286.205,24.385861499999997,signal
2025-11-25,000426,BUY,31.020989999999994,2300,71348.27699999999,21.404483099999993,signal
2025-11-25,000559,BUY,11.701689999999997,5600,65529.463999999985,19.658839199999996,signal
2025-11-26,000078,SELL,2.727997272,39500,107755.892244,140.0826599172,take_profit
2025-11-26,000536,SELL,5.994994005000001,14900,89325.4106745,116.12303387685,take_profit
2025-11-26,000070,BUY,13.663649999999999,5700,77882.805,23.364841499999997,signal
2025-11-26,000048,BUY,13.97396,5100,71267.196,21.380158799999997,signal
2025-11-27,000534,SELL,19.322980676999997,4300,83088.81691109999,108.01546198442998,stop_loss
2025-11-27,000070,SELL,15.014984985,5700,85585.4144145,111.26103873885,take_profit
2025-11-27,000609,BUY,13.4134,6000,80480.4,24.144119999999997,signal
2025-11-27,000078,BUY,2.96296,24600,72888.81599999999,21.866644799999996,signal
2025-11-28,000657,SELL,21.30867,4500,95889.015,124.65571949999999,hold_days
2025-11-28,000530,SELL,6.103890000000001,10600,64701.234000000004,84.1116042,hold_days
2025-11-28,000426,SELL,34.088965910999995,2300,78404.62159529999,101.92600807388999,take_profit
2025-11-28,000609,SELL,12.729987269999999,6000,76379.92361999999,99.29390070599997,stop_loss
2025-11-28,000078,SELL,3.255996744,24600,80097.5199024,104.12677587312,take_profit
2025-11-28,000657,BUY,21.351329999999997,4600,98216.11799999999,29.464835399999995,signal
2025-11-28,000659,BUY,2.8528499999999997,33400,95285.18999999999,28.585556999999994,signal
2025-11-28,000505,BUY,7.48748,11400,85357.272,25.607181599999997,signal
2025-11-28,000534,BUY,19.849829999999997,3800,75429.35399999999,22.628806199999996,signal
2025-11-28,000603,BUY,25.44542,2700,68702.63399999999,20.610790199999997,signal
2025-12-01,000523,SELL,3.596996403,24300,87407.01259289999,113.62911637076998,take_profit
2025-12-01,000639,SELL,3.3966,22200,75404.51999999999,98.02587599999998,hold_days
2025-12-01,000036,SELL,4.663995335999999,21200,98876.70112319998,128.53971146015996,take_profit
2025-12-01,000659,SELL,3.1349968649999997,33400,104708.895291,136.12156387829998,take_profit
2025-12-01,000603,SELL,27.961972038000003,2700,75497.32450260001,98.14652185338001,take_profit
2025-12-01,000603,BUY,27.897869999999998,3500,97642.545,29.292763499999996,signal
2025-12-01,000426,BUY,37.21718,2600,96764.66799999999,29.029400399999993,signal
2025-12-01,000523,BUY,3.5335299999999994,24800,87631.54399999998,26.289463199999993,signal
2025-12-01,000639,BUY,3.4033999999999995,23100,78618.54,23.585561999999996,signal
2025-12-01,000411,BUY,12.052039999999998,5800,69901.832,20.9705496,signal
2025-12-02,000559,SELL,12.858987140999998,5600,72010.32798959999,93.61342638647999,take_profit
2025-12-02,000048,SELL,13.261986738,5100,67636.13236379999,87.92697207293998,stop_loss
2025-12-02,000036,BUY,4.9049,15900,77987.90999999999,23.396372999999993,signal
2025-12-02,000533,BUY,8.048039999999999,8700,70017.94799999999,21.005384399999993,signal
2025-12-03,000505,SELL,8.227991772000001,11400,93799.10620080002,121.93883806104002,take_profit
2025-12-03,000411,SELL,13.243986755999998,5800,76815.12318479999,99.85966014023998,take_profit
2025-12-03,000036,SELL,4.654995344999999,15900,74014.42598549998,96.21875378114997,stop_loss
2025-12-03,000571,BUY,5.775769999999999,15100,87214.12699999998,26.16423809999999,signal
2025-12-03,000659,BUY,3.1231199999999997,25200,78702.624,23.610787199999997,signal
2025-12-03,000036,BUY,4.82482,14700,70924.85399999999,21.277456199999996,signal
2025-12-04,000603,SELL,26.476473523499994,3500,92667.65733224998,120.46795453192496,stop_loss
2025-12-04,000426,SELL,35.32096467899999,2600,91834.50816539998,119.38486061501997,stop_loss
2025-12-04,000571,SELL,6.346993652999999,15100,95839.60416029999,124.59148540838999,take_profit
2025-12-04,000036,SELL,4.578995420999999,14700,67311.2326887,87.50460249530998,stop_loss
2025-12-04,000559,BUY,13.273259999999999,7400,98222.124,29.466637199999997,signal
2025-12-04,000036,BUY,4.65465,19000,88438.35,26.531505,signal
2025-12-04,000017,BUY,7.66766,10400,79743.66399999999,23.923099199999996,signal
2025-12-04,000048,BUY,12.692679999999998,5600,71079.00799999999,21.323702399999995,signal
2025-12-05,000657,SELL,23.462976537,4600,107929.69207019999,140.30859969125999,take_profit
2025-12-05,000534,SELL,20.4795,3800,77822.1,101.16873,hold_days
2025-12-05,000639,SELL,3.73999626,23100,86393.913606,112.3120876878,take_profit
2025-12-05,000559,SELL,12.596987402999998,7400,93217.70678219998,121.18301881685997,stop_loss
2025-12-05,000603,BUY,25.725699999999996,3800,97757.65999999999,29.327297999999995,signal
2025-12-05,000639,BUY,3.4434399999999994,26600,91595.50399999999,27.478651199999995,signal
2025-12-05,000559,BUY,12.42241,6600,81987.90599999999,24.596371799999993,signal
2025-12-05,000411,BUY,12.682669999999998,5800,73559.48599999999,22.067845799999994,signal
2025-12-08,000523,SELL,3.64635,24800,90429.48,117.55832399999998,hold_days
2025-12-08,000639,SELL,3.783996216,26600,100654.2993456,130.85058914927998,take_profit
2025-12-08,000639,BUY,4.004,21400,85685.59999999999,25.705679999999994,signal
2025-12-08,000657,BUY,23.393369999999997,3300,77198.12099999998,23.159436299999992,signal
2025-12-09,000533,SELL,8.05194,8700,70051.878,91.06744139999999,hold_days
2025-12-09,000048,SELL,13.947986051999997,5600,78108.72189119998,101.54133845855998,take_profit
2025-12-09,000603,SELL,28.269971729999998,3800,107425.892574,139.65366034619998,take_profit
2025-12-09,000639,SELL,3.7999961999999994,21400,81319.91867999999,105.71589428399997,stop_loss
2025-12-09,000620,BUY,3.0530499999999994,32700,99834.73499999999,29.950420499999993,signal
2025-12-09,000534,BUY,21.421399999999995,4300,92112.01999999997,27.63360599999999,signal
2025-12-09,000603,BUY,27.767739999999996,3000,83303.21999999999,24.990965999999993,signal
2025-12-09,000523,BUY,3.6035999999999997,21000,75675.59999999999,22.702679999999994,signal
2025-12-10,000659,SELL,3.26673,25200,82321.596,107.01807480000001,hold_days
2025-12-10,000017,SELL,8.425991574,10400,87630.3123696,113.91940608047999,take_profit
2025-12-10,000559,SELL,11.7894882105,6600,77810.6221893,101.15380884609,stop_loss
2025-12-10,000411,SELL,12.036487963499997,5800,69811.63018829998,90.75511924478998,stop_loss
2025-12-10,000620,SELL,2.897497102499999,32700,94748.15525174997,123.17260182727495,stop_loss
2025-12-10,000603,SELL,30.513969486,3000,91541.908458,119.0044809954,take_profit
2025-12-10,000559,BUY,11.931919999999998,8300,99034.93599999999,29.710480799999992,signal
2025-12-10,000417,BUY,7.967959999999999,12500,99599.49999999999,29.879849999999994,signal
2025-12-10,000017,BUY,8.048039999999999,12200,98186.08799999999,29.455826399999992,signal
2025-12-10,000620,BUY,2.9129099999999997,30400,88552.46399999999,26.565739199999996,signal
2025-12-10,000411,BUY,12.24223,6500,79574.495,23.872348499999998,signal
2025-12-11,000036,SELL,4.7951999999999995,19000,91108.79999999999,118.44143999999999,hold_days
2025-12-11,000534,SELL,23.539976459999995,4300,101221.89877799997,131.58846841139996,take_profit
2025-12-11,000523,SELL,3.41999658,21000,71819.92818,93.365906634,stop_loss
2025-12-11,000620,SELL,2.7644972354999995,30400,84040.71595919998,109.25293074695998,stop_loss
2025-12-11,000546,BUY,6.216209999999999,16000,99459.35999999999,29.837807999999992,signal
2025-12-11,000534,BUY,23.14312,4100,94886.792,28.466037599999996,signal
2025-12-11,000506,BUY,12.60259,6900,86957.871,26.087361299999998,signal
2025-12-11,000036,BUY,4.804799999999999,16300,78318.23999999999,23.495471999999996,signal
2025-12-11,000532,BUY,15.935919999999998,4400,70118.048,21.035414399999997,signal
2025-12-12,000417,SELL,7.561992437999999,12500,94524.90547499999,122.88237711749998,stop_loss
2025-12-12,000017,SELL,7.6379923619999985,12200,93183.50681639998,121.13855886131996,stop_loss
2025-12-12,000411,SELL,11.618488381499999,6500,75520.17447975,98.176226823675,stop_loss
2025-12-12,000532,SELL,15.123984875999998,4400,66545.53345439999,86.50919349071998,stop_loss
2025-12-12,000017,BUY,7.877869999999999,12200,96110.01399999998,28.83300419999999,signal
2025-12-12,000411,BUY,11.681669999999999,7400,86444.358,25.933307399999997,signal
2025-12-12,000561,BUY,11.451439999999998,6800,77869.79199999999,23.360937599999993,signal
2025-12-12,000417,BUY,7.66766,9200,70542.472,21.162741599999997,signal
2025-12-15,000657,SELL,24.78519,3300,81791.127,106.32846509999999,hold_days
2025-12-15,000559,SELL,11.323988675999999,8300,93989.1060108,122.18583781403999,stop_loss
2025-12-15,000534,SELL,25.431974568,4100,104271.0957288,135.55242444744,take_profit
2025-12-15,000506,SELL,13.848986151,6900,95558.0044419,124.22540577447,take_profit
2025-12-15,000534,BUY,23.91389,4100,98046.949,29.414084699999997,signal
2025-12-15,000659,BUY,3.3333299999999997,27400,91333.242,27.399972599999998,signal
2025-12-15,000609,BUY,9.16916,8900,81605.524,24.4816572,signal
2025-12-15,000407,BUY,4.714709999999999,15700,74020.94699999999,22.206284099999994,signal
2025-12-16,000017,SELL,7.476492523499999,12200,91213.2087867,118.57717142270998,stop_loss
2025-12-16,000534,SELL,22.695477304499995,4100,93051.45694844998,120.96689403298497,stop_loss
2025-12-16,000407,SELL,4.474495525499999,15700,70249.57975034999,91.32445367545499,stop_loss
2025-12-16,000620,BUY,2.9129099999999997,31600,92047.95599999999,27.614386799999995,signal
2025-12-16,000603,BUY,30.610579999999995,2700,82648.56599999999,24.794569799999994,signal
2025-12-16,000551,BUY,11.64163,6400,74506.432,22.3519296,signal
2025-12-17,000659,SELL,3.1634968364999994,27400,86679.81332009999,112.68375731612998,stop_loss
2025-12-17,000551,SELL,11.048488951499998,6400,70710.32928959999,91.92342807647998,stop_loss
2025-12-17,000407,BUY,4.46446,18500,82592.51,24.777752999999997,signal
2025-12-17,000532,BUY,15.175159999999998,4900,74358.28399999999,22.307485199999995,signal
2025-12-18,000546,SELL,6.830993168999999,16000,109295.89070399999,142.08465791519998,take_profit
2025-12-18,000036,SELL,5.0949,16300,83046.87,107.96093099999999,hold_days
2025-12-18,000411,SELL,12.836987163,7400,94993.7050062,123.49181650806,take_profit
2025-12-18,000609,SELL,10.075989924,8900,89676.3103236,116.57920342068,take_profit
2025-12-18,000546,BUY,6.956949999999999,14300,99484.38499999998,29.84531549999999,signal
2025-12-18,000609,BUY,9.879869999999999,9600,94846.752,28.454025599999994,signal
2025-12-18,000534,BUY,22.542519999999996,3700,83407.32399999998,25.02219719999999,signal
2025-12-18,000036,BUY,5.105099999999999,15000,76576.49999999999,22.972949999999994,signal
2025-12-19,000561,SELL,11.30868,6800,76899.024,99.96873120000001,hold_days
2025-12-19,000417,SELL,7.57242,9200,69666.264,90.56614319999998,hold_days
2025-12-19,000603,SELL,29.050970948999993,2700,78437.62156229997,101.96890803098997,stop_loss
2025-12-19,000546,SELL,6.602493397499999,14300,94415.65558424998,122.74035225952497,stop_loss
2025-12-19,000603,BUY,30.270239999999994,3300,99891.79199999999,29.967537599999993,signal
2025-12-19,000639,BUY,3.2832799999999995,27700,90946.85599999999,27.284056799999995,signal
2025-12-19,000017,BUY,8.9089,9200,81961.87999999999,24.588563999999995,signal
2025-12-19,000426,BUY,34.20417,2100,71828.757,21.548627099999997,signal
2025-12-22,000407,SELL,4.905995094000001,18500,90760.90923900002,117.98918201070002,take_profit
2025-12-22,000036,SELL,5.609994389999999,15000,84149.91584999999,109.39489060499999,take_profit
2025-12-22,000639,SELL,3.607996392,27700,99941.5000584,129.92395007591998,take_profit
2025-12-22,000017,SELL,8.454991544999999,9200,77785.92221399999,101.12169887819998,stop_loss
2025-12-22,000036,BUY,5.805799999999999,17200,99859.75999999998,29.957927999999992,signal
2025-12-22,000639,BUY,3.6035999999999997,25500,91891.79999999999,27.567539999999994,signal
2025-12-22,000417,BUY,8.51851,9700,82629.54699999999,24.788864099999994,signal
2025-12-22,000505,BUY,7.517509999999999,9900,74423.34899999999,22.327004699999993,signal
2025-12-23,000620,SELL,2.7644972354999995,31600,87358.11264179998,113.56554643433996,stop_loss
2025-12-23,000609,SELL,9.376490623499999,9600,90014.30998559999,117.01860298127998,stop_loss
2025-12-23,000505,SELL,8.260991739,9900,81783.8182161,106.31896368093,take_profit
2025-12-23,000620,BUY,2.8228199999999997,32900,92870.77799999999,27.861233399999996,signal
2025-12-23,000523,BUY,4.054049999999999,20600,83513.42999999998,25.054028999999993,signal
2025-12-23,000663,BUY,7.57757,9900,75017.943,22.505382899999997,signal
2025-12-24,000532,SELL,15.43455,4900,75629.295,98.3180835,hold_days
2025-12-24,000036,SELL,6.379993619999999,17200,109735.89026399997,142.65665734319995,take_profit
2025-12-24,000620,SELL,2.6789973209999993,32900,88139.01186089998,114.58071541916996,stop_loss
2025-12-24,000523,SELL,3.8474961524999993,20600,79258.42074149998,103.03594696394997,stop_loss
2025-12-25,000534,SELL,23.35662,3700,86419.49399999999,112.34534219999999,hold_days
2025-12-25,000603,SELL,28.72797127199999,3300,94802.30519759997,123.24299675687996,stop_loss
2025-12-26,000426,SELL,35.89407,2100,75377.54699999999,97.99081109999999,hold_days
2025-12-26,000417,SELL,8.0844919155,9700,78419.57158034999,101.94544305445498,stop_loss
2025-12-29,000639,SELL,3.41999658,25500,87209.91279,113.372886627,stop_loss
2025-12-30,000663,SELL,7.602390000000001,9900,75263.66100000001,97.84275930000001,hold_days
