date,code,shares,cost_price,market_price,market_value
2024-07-03,000524,12300,8.118109999999998,8.23,101229.0
2024-07-03,000029,8100,11.051039999999999,11.34,91854.0
2024-07-03,000555,8400,9.579569999999999,9.27,77868.0
2024-07-03,000505,13000,5.605599999999999,5.73,74490.0
2024-07-03,000639,26200,2.5024999999999995,2.5,65500.0
2024-07-04,000029,8100,11.051039999999999,10.92,88452.0
2024-07-04,000505,13000,5.605599999999999,5.48,71240.0
2024-07-04,000555,8900,9.26926,8.81,78409.0
2024-07-04,000633,18000,4.13413,3.97,71460.0
2024-07-04,000425,10500,6.36636,6.45,67725.0
2024-07-04,000070,14000,4.32432,4.13,57820.0
2024-07-04,000407,20900,2.6026,2.52,52668.0
2024-07-05,000029,8100,11.051039999999999,10.83,87723.0
2024-07-05,000425,10500,6.36636,6.46,67830.0
2024-07-05,000567,15500,5.315309999999999,5.35,82925.0
2024-07-05,000555,8400,8.81881,8.87,74508.0
2024-07-05,000014,7300,9.11911,9.25,67525.0
2024-07-05,000543,6800,8.798789999999999,8.65,58820.0
2024-07-05,000657,6000,8.958949999999998,9.02,54120.0
2024-07-08,000425,10500,6.36636,6.4,67200.0
2024-07-08,000555,8400,8.81881,8.64,72576.0
2024-07-08,000543,6800,8.798789999999999,8.86,60247.99999999999
2024-07-08,000029,7100,10.85084,10.59,75189.0
2024-07-08,000338,5300,12.95294,12.52,66356.0
2024-07-08,000567,11600,5.375369999999999,5.12,59392.0
2024-07-08,000620,33200,1.6916899999999997,1.62,53784.0
2024-07-08,000572,18000,2.8027999999999995,2.7,48600.0
2024-07-09,000338,5300,12.95294,13.13,69589.0
2024-07-09,000567,17400,5.12512,5.23,91002.00000000001
2024-07-09,000572,29900,2.69269,2.77,82823.0
2024-07-09,000036,24800,2.9229199999999995,2.93,72664.0
2024-07-09,000065,6900,9.339329999999999,9.53,65757.0
2024-07-09,000555,6700,8.678669999999999,9.0,60300.0
2024-07-10,000338,5300,12.95294,13.03,69059.0
2024-07-10,000567,17400,5.12512,5.14,89436.0
2024-07-10,000036,24800,2.9229199999999995,2.91,72168.0
2024-07-10,000065,6900,9.339329999999999,9.38,64722.00000000001
2024-07-10,000555,6700,8.678669999999999,8.53,57150.99999999999
2024-07-10,000039,7500,8.18818,8.13,60975.00000000001
2024-07-10,000572,19900,2.7727699999999995,2.84,56516.0
2024-07-10,000620,31600,1.57157,1.53,48348.0
2024-07-10,000636,3500,12.642629999999999,13.05,45675.0
2024-07-10,000561,6800,5.905900000000001,5.81,39508.0
2024-07-11,000567,17400,5.12512,5.33,92742.0
2024-07-11,000036,24800,2.9229199999999995,2.99,74152.0
2024-07-11,000065,6900,9.339329999999999,9.57,66033.0
2024-07-11,000039,7500,8.18818,8.3,62250.00000000001
2024-07-11,000620,31600,1.57157,1.56,49296.0
2024-07-11,000561,6800,5.905900000000001,6.0,40800.0
2024-07-11,000069,30300,1.9719699999999998,2.02,61206.0
2024-07-11,000338,4000,13.213199999999997,13.21,52840.0
2024-07-11,000002,7200,6.73673,6.81,49032.0
2024-07-11,000572,15100,2.8828799999999997,2.96,44696.0
2024-07-12,000039,7500,8.18818,8.12,60899.99999999999
2024-07-12,000620,31600,1.57157,1.57,49612.0
2024-07-12,000561,6800,5.905900000000001,5.94,40392.0
2024-07-12,000338,4000,13.213199999999997,13.2,52800.0
2024-07-12,000014,9100,8.59859,8.69,79079.0
2024-07-12,000632,25900,2.7327299999999997,2.76,71484.0
2024-07-12,000036,21200,2.99299,3.09,65508.0
2024-07-12,000593,12000,4.774769999999999,4.76,57120.0
2024-07-12,000029,4800,10.59058,10.64,51072.0
2024-07-15,000014,9100,8.59859,8.39,76349.0
2024-07-15,000036,21200,2.99299,3.03,64235.99999999999
2024-07-15,000029,4800,10.59058,10.38,49824.00000000001
2024-07-15,000505,15400,5.185179999999999,5.11,78694.0
2024-07-15,000058,13200,5.435429999999999,5.23,69036.0
2024-07-15,000545,37200,1.7417399999999998,1.69,62868.0
2024-07-15,000065,6200,9.39939,9.33,57846.0
2024-07-15,000559,12600,4.16416,4.19,52794.00000000001
2024-07-16,000036,21200,2.99299,3.0,63600.0
2024-07-16,000505,15400,5.185179999999999,5.1,78540.0
2024-07-16,000065,6200,9.39939,9.33,57846.0
2024-07-16,000559,12600,4.16416,4.21,53046.0
2024-07-16,000501,11100,6.536529999999999,6.57,72927.0
2024-07-16,000338,4800,13.603589999999999,12.9,61920.0
2024-07-16,000014,7000,8.358349999999998,8.43,59010.0
2024-07-16,000408,2400,21.84182,21.76,52224.00000000001
2024-07-16,000061,9600,4.98498,5.05,48480.0
2024-07-17,000505,15400,5.185179999999999,5.13,79002.0
2024-07-17,000065,6200,9.39939,9.35,57970.0
2024-07-17,000559,12600,4.16416,4.16,52416.0
2024-07-17,000501,11100,6.536529999999999,6.63,73593.0
2024-07-17,000014,7000,8.358349999999998,8.47,59290.00000000001
2024-07-17,000061,9600,4.98498,5.09,48864.0
2024-07-17,000555,7000,8.628619999999998,8.52,59640.0
2024-07-17,000546,13200,4.16416,4.05,53460.0
2024-07-17,000657,5500,8.858849999999999,8.62,47409.99999999999
2024-07-17,000408,2000,21.87185,20.92,41840.0
2024-07-18,000501,11100,6.536529999999999,6.75,74925.0
2024-07-18,000014,7000,8.358349999999998,8.42,58940.0
2024-07-18,000061,9600,4.98498,5.21,50016.0
2024-07-18,000063,2900,27.09707,27.17,78793.0
2024-07-18,000002,10000,7.12712,7.14,71400.0
2024-07-18,000408,3000,20.87085,21.24,63719.99999999999
2024-07-18,000060,13800,4.19419,4.21,58098.0
2024-07-18,000547,8800,5.855849999999999,5.88,51744.0
2024-07-19,000063,2900,27.09707,27.49,79721.0
2024-07-19,000408,3000,20.87085,20.98,62940.0
2024-07-19,000060,13800,4.19419,4.16,57408.0
2024-07-19,000547,8800,5.855849999999999,5.95,52360.0
2024-07-19,000600,14700,4.91491,4.95,72765.0
2024-07-19,000032,4900,13.243229999999999,13.6,66640.0
2024-07-19,000403,2800,20.40038,20.45,57260.0
2024-07-19,000555,6300,8.32832,8.57,53991.0
2024-07-19,000415,17900,2.6526499999999995,2.71,48509.0
2024-07-22,000063,2900,27.09707,27.25,79025.0
2024-07-22,000408,3000,20.87085,20.54,61620.0
2024-07-22,000060,13800,4.19419,4.11,56718.00000000001
2024-07-22,000547,8800,5.855849999999999,6.02,52975.99999999999
2024-07-22,000600,14700,4.91491,4.86,71442.0
2024-07-22,000032,4900,13.243229999999999,13.63,66787.0
2024-07-22,000403,2800,20.40038,20.31,56868.0
2024-07-22,000415,17900,2.6526499999999995,2.67,47793.0
2024-07-22,000070,11200,4.3043,4.44,49728.00000000001
2024-07-22,000555,5000,8.628619999999998,8.68,43400.0
2024-07-23,000600,14700,4.91491,4.77,70119.0
2024-07-23,000032,4900,13.243229999999999,13.22,64778.0
2024-07-23,000415,17900,2.6526499999999995,2.63,47077.0
2024-07-23,000555,5000,8.628619999999998,8.44,42200.0
2024-07-23,000408,3600,20.6206,19.57,70452.0
2024-07-23,000630,21700,3.09309,2.95,64015.00000000001
2024-07-23,000534,6400,9.38938,9.1,58240.0
2024-07-23,000633,14300,3.7837799999999993,3.68,52624.0
2024-07-23,000338,3900,12.48247,12.11,47229.0
2024-07-24,000078,38800,2.4624599999999996,2.56,99328.0
2024-07-24,000630,29200,2.9429399999999992,2.93,85556.0
2024-07-24,000338,6400,12.052039999999998,11.94,76416.0
2024-07-24,000155,7400,9.38938,9.29,68746.0
2024-07-24,000633,17000,3.6936899999999997,3.59,61030.0
2024-07-25,000155,7400,9.38938,9.5,70300.0
2024-07-25,000567,18500,4.774769999999999,4.86,89910.0
2024-07-25,000014,10200,7.8077999999999985,7.93,80886.0
2024-07-25,000100,20100,3.56356,3.63,72963.0
2024-07-25,000630,22600,2.8528499999999997,2.83,63958.0
2024-07-25,000636,4200,13.703689999999998,13.66,57372.0
2024-07-26,000155,7400,9.38938,9.58,70892.0
2024-07-26,000567,18500,4.774769999999999,4.96,91760.0
2024-07-26,000014,10200,7.8077999999999985,8.12,82823.99999999999
2024-07-26,000100,20100,3.56356,3.73,74973.0
2024-07-26,000630,22600,2.8528499999999997,2.88,65088.0
2024-07-26,000636,4200,13.703689999999998,14.09,59178.0
2024-07-26,000559,13300,3.9239199999999994,4.04,53732.0
2024-07-26,000039,6400,7.357349999999999,7.58,48512.0
2024-07-26,000408,2200,19.26925,19.86,43692.0
2024-07-26,000633,10500,3.6236199999999994,3.75,39375.0
2024-07-29,000567,18500,4.774769999999999,4.9,90650.0
2024-07-29,000014,10200,7.8077999999999985,8.03,81906.0
2024-07-29,000630,22600,2.8528499999999997,2.88,65088.0
2024-07-29,000636,4200,13.703689999999998,14.09,59178.0
2024-07-29,000039,6400,7.357349999999999,7.49,47936.0
2024-07-29,000633,10500,3.6236199999999994,3.76,39480.0
2024-07-29,000408,2900,20.200179999999996,19.82,57478.0
2024-07-29,000559,13000,4.06406,4.08,53040.0
2024-07-29,000514,15800,3.0029999999999997,3.0,47400.0
2024-07-29,000070,9700,4.39439,4.39,42583.0
2024-07-30,000039,6400,7.357349999999999,7.33,46912.0
2024-07-30,000559,13000,4.06406,4.08,53040.0
2024-07-30,000514,15800,3.0029999999999997,3.09,48822.0
2024-07-30,000070,9700,4.39439,4.43,42971.0
2024-07-30,000630,27300,2.8528499999999997,2.84,77532.0
2024-07-30,000543,7900,8.8088,8.51,67229.0
2024-07-30,000403,3300,18.678659999999997,18.43,60819.0
2024-07-30,000567,11600,4.91491,4.97,57652.0
2024-07-30,000657,6300,8.03803,8.09,50967.0
2024-07-31,000559,13000,4.06406,4.25,55250.0
2024-07-31,000070,9700,4.39439,4.5,43650.0
2024-07-31,000630,27300,2.8528499999999997,2.95,80535.0
2024-07-31,000657,6300,8.03803,8.43,53109.0
2024-07-31,000403,4000,18.44843,19.69,78760.0
2024-07-31,000428,24300,2.7927899999999997,2.84,69012.0
2024-07-31,000029,5800,10.420409999999999,10.65,61770.0
2024-07-31,000419,13800,3.9739699999999996,4.03,55614.0
2024-07-31,000058,9300,5.315309999999999,5.54,51522.0
2024-08-01,000428,24300,2.7927899999999997,2.85,69255.0
2024-08-01,000029,5800,10.420409999999999,10.54,61131.99999999999
2024-08-01,000419,13800,3.9739699999999996,4.02,55475.99999999999
2024-08-01,000403,4100,19.6196,18.88,77408.0
2024-08-01,000612,13700,5.315309999999999,5.27,72199.0
2024-08-01,000630,21900,2.99299,2.96,64824.0
2024-08-01,000422,5200,11.24123,11.21,58292.00000000001
2024-08-01,000617,10000,5.32532,5.37,53700.0
2024-08-02,000428,24300,2.7927899999999997,2.9,70470.0
2024-08-02,000029,5800,10.420409999999999,10.57,61306.0
2024-08-02,000419,13800,3.9739699999999996,4.0,55200.0
2024-08-02,000422,5200,11.24123,11.06,57512.0
2024-08-02,000617,10000,5.32532,5.28,52800.0
2024-08-02,000546,16600,4.15415,4.16,69056.0
2024-08-02,000036,20500,3.02302,3.0,61500.0
2024-08-02,000070,12500,4.46446,4.39,54874.99999999999
2024-08-02,000663,11700,4.28428,4.29,50193.0
2024-08-02,000035,9800,4.624619999999999,4.5,44100.0
2024-08-05,000617,10000,5.32532,5.25,52500.0
2024-08-05,000546,16600,4.15415,4.07,67562.0
2024-08-05,000036,20500,3.02302,2.96,60680.0
2024-08-05,000663,11700,4.28428,4.19,49023.00000000001
2024-08-05,000603,6800,11.00099,10.74,73032.0
2024-08-05,000551,8800,7.59759,7.63,67144.0
2024-08-05,000420,18700,3.2432399999999997,3.14,58718.0
2024-08-05,000629,23000,2.3823799999999995,2.34,53820.0
2024-08-05,000070,11400,4.32432,4.24,48336.0
2024-08-06,000546,16600,4.15415,4.11,68226.0
2024-08-06,000036,20500,3.02302,3.0,61500.0
2024-08-06,000663,11700,4.28428,4.3,50310.0
2024-08-06,000420,18700,3.2432399999999997,3.19,59653.0
2024-08-06,000629,23000,2.3823799999999995,2.35,54050.0
2024-08-06,000070,11400,4.32432,4.32,49248.0
2024-08-06,000561,9800,6.46646,6.59,64582.0
2024-08-06,000559,13800,4.15415,4.15,57270.00000000001
2024-08-06,000599,15100,3.4234199999999997,3.43,51793.0
2024-08-06,000058,8500,5.475469999999999,5.49,46665.0
2024-08-07,000420,18700,3.2432399999999997,3.18,59466.0
2024-08-07,000629,23000,2.3823799999999995,2.35,54050.0
2024-08-07,000070,11400,4.32432,4.37,49818.0
2024-08-07,000559,13800,4.15415,4.15,57270.00000000001
2024-08-07,000599,15100,3.4234199999999997,3.48,52548.0
2024-08-07,000058,8500,5.475469999999999,5.48,46580.0
2024-08-07,000659,34800,1.9119099999999998,1.88,65423.99999999999
2024-08-07,000609,31600,1.8918899999999996,2.0,63200.0
2024-08-07,000546,13100,4.104099999999999,4.09,53579.0
2024-08-07,000425,7700,6.28628,6.4,49280.0
2024-08-08,000559,13800,4.15415,4.15,57270.00000000001
2024-08-08,000599,15100,3.4234199999999997,3.46,52246.0
2024-08-08,000058,8500,5.475469999999999,5.5,46750.0
2024-08-08,000546,13100,4.104099999999999,4.1,53709.99999999999
2024-08-08,000425,7700,6.28628,6.41,49357.0
2024-08-08,000561,10700,6.776769999999998,6.48,69336.0
2024-08-08,000543,7900,8.17817,8.03,63436.99999999999
2024-08-08,000400,1900,30.530499999999993,30.39,57741.0
2024-08-08,000032,3900,13.4134,13.36,52104.0
2024-08-08,000007,10000,4.75475,4.64,46400.0
2024-08-09,000546,13100,4.104099999999999,4.04,52924.0
2024-08-09,000425,7700,6.28628,6.35,48895.0
2024-08-09,000543,7900,8.17817,8.04,63515.99999999999
2024-08-09,000400,1900,30.530499999999993,29.64,56316.0
2024-08-09,000032,3900,13.4134,13.16,51324.0
2024-08-09,000007,10000,4.75475,4.67,46700.0
2024-08-09,000561,10100,6.49649,6.42,64842.0
2024-08-09,000426,5000,11.691679999999998,11.61,58050.0
2024-08-09,000061,10000,5.29529,5.22,52200.0
2024-08-09,000659,25900,1.85185,1.83,47397.0
2024-08-12,000543,7900,8.17817,8.16,64464.0
2024-08-12,000426,5000,11.691679999999998,11.68,58400.0
2024-08-12,000061,10000,5.29529,5.24,52400.0
2024-08-12,000659,43700,1.8218199999999996,1.73,75601.0
2024-08-12,000007,15200,4.7047,4.62,70224.0
2024-08-12,000555,7600,8.39839,8.25,62700.0
2024-08-12,000428,19500,2.9729699999999997,2.88,56160.0
2024-08-12,000032,4000,13.07306,12.96,51840.0
2024-08-13,000426,5000,11.691679999999998,11.57,57850.0
2024-08-13,000061,10000,5.29529,5.22,52200.0
2024-08-13,000555,7600,8.39839,8.32,63232.0
2024-08-13,000032,4000,13.07306,13.0,52000.0
2024-08-13,000609,40700,1.81181,1.83,74481.0
2024-08-13,000029,6300,10.550539999999998,10.6,66780.0
2024-08-13,000603,5700,10.330319999999999,10.32,58824.0
2024-08-13,000007,11600,4.644639999999999,4.6,53359.99999999999
2024-08-13,000058,9000,5.36536,5.38,48420.0
2024-08-14,000555,7600,8.39839,8.28,62927.99999999999
2024-08-14,000032,4000,13.07306,12.82,51280.0
2024-08-14,000609,40700,1.81181,1.81,73667.0
2024-08-14,000029,6300,10.550539999999998,10.59,66717.0
2024-08-14,000603,5700,10.330319999999999,10.21,58197.00000000001
2024-08-14,000007,11600,4.644639999999999,4.55,52780.0
2024-08-14,000058,9000,5.36536,5.32,47880.0
2024-08-14,000014,6400,8.41841,8.29,53055.99999999999
2024-08-14,000592,34800,1.4114099999999998,1.39,48372.0
2024-08-14,000021,3300,13.07306,12.86,42438.0
2024-08-15,000609,40700,1.81181,1.82,74074.0
2024-08-15,000029,6300,10.550539999999998,10.82,68166.0
2024-08-15,000603,5700,10.330319999999999,10.44,59508.0
2024-08-15,000058,9000,5.36536,5.45,49050.0
2024-08-15,000014,6400,8.41841,8.43,53952.0
2024-08-15,000592,34800,1.4114099999999998,1.42,49416.0
2024-08-15,000021,3300,13.07306,13.01,42933.0
2024-08-15,000426,4900,11.34133,11.65,57085.0
2024-08-15,000007,11100,4.57457,4.63,51393.0
2024-08-15,000545,26400,1.7317299999999998,1.75,46200.0
2024-08-16,000014,6400,8.41841,8.27,52928.0
2024-08-16,000592,34800,1.4114099999999998,1.41,49068.0
2024-08-16,000021,3300,13.07306,13.02,42966.0
2024-08-16,000007,11100,4.57457,4.5,49950.0
2024-08-16,000545,26400,1.7317299999999998,1.71,45144.0
2024-08-16,000610,6400,11.251240000000001,11.13,71232.0
2024-08-16,000551,8100,7.937929999999999,7.83,63423.0
2024-08-16,000546,13900,4.19419,4.12,57268.0
2024-08-16,000403,2700,19.399379999999997,19.29,52083.0
2024-08-16,000567,8700,5.41541,5.31,46197.0
2024-08-19,000545,26400,1.7317299999999998,1.7,44880.0
2024-08-19,000610,6400,11.251240000000001,11.1,71040.0
2024-08-19,000551,8100,7.937929999999999,7.82,63342.0
2024-08-19,000546,13900,4.19419,4.17,57963.0
2024-08-19,000403,2700,19.399379999999997,18.95,51165.0
2024-08-19,000567,8700,5.41541,5.41,47067.0
2024-08-19,000029,5800,10.690679999999999,10.75,62350.0
2024-08-19,000007,12100,4.594589999999999,4.38,52998.0
2024-08-19,000582,6700,7.487479999999999,7.64,51188.0
2024-08-19,000020,4500,9.91991,9.81,44145.0
2024-08-20,000610,6400,11.251240000000001,11.01,70464.0
2024-08-20,000546,13900,4.19419,4.13,57407.0
2024-08-20,000029,5800,10.690679999999999,10.53,61073.99999999999
2024-08-20,000582,6700,7.487479999999999,7.52,50384.0
2024-08-20,000639,30300,2.3423399999999996,2.29,69387.0
2024-08-20,000007,14500,4.414409999999999,4.32,62640.00000000001
2024-08-20,000032,4500,12.65264,12.33,55485.0
2024-08-20,000561,8300,6.246239999999999,6.13,50879.0
2024-08-20,000659,24900,1.8718699999999997,1.9,47310.0
2024-08-21,000029,5800,10.690679999999999,10.58,61364.0
2024-08-21,000582,6700,7.487479999999999,7.46,49982.0
2024-08-21,000561,8300,6.246239999999999,6.09,50547.0
2024-08-21,000659,24900,1.8718699999999997,1.86,46314.0
2024-08-21,000639,32000,2.29229,2.28,72960.0
2024-08-21,000065,7700,8.528519999999999,8.56,65912.0
2024-08-21,000007,13700,4.32432,4.35,59594.99999999999
2024-08-21,000014,6600,7.99799,8.08,53328.0
2024-08-21,000035,11500,4.174169999999999,4.13,47495.0
2024-08-22,000659,24900,1.8718699999999997,1.88,46812.0
2024-08-22,000639,32000,2.29229,2.25,72000.0
2024-08-22,000007,13700,4.32432,4.27,58498.99999999999
2024-08-22,000014,6600,7.99799,7.96,52536.0
2024-08-22,000035,11500,4.174169999999999,4.09,47035.0
2024-08-22,000048,5400,12.282269999999997,12.12,65447.99999999999
2024-08-22,000603,5600,10.64063,10.18,57008.0
2024-08-22,000032,4300,12.452439999999998,12.17,52331.0
2024-08-22,000070,12100,3.98398,3.99,48279.0
2024-08-22,000029,4100,10.58057,10.49,43009.0
2024-08-23,000014,6600,7.99799,7.85,51810.0
2024-08-23,000048,5400,12.282269999999997,12.28,66312.0
2024-08-23,000032,4300,12.452439999999998,12.27,52761.0
2024-08-23,000070,12100,3.98398,4.0,48400.0
2024-08-23,000029,4100,10.58057,10.6,43460.0
2024-08-23,000007,15700,4.264259999999999,4.2,65940.0
2024-08-23,000065,7200,8.288279999999999,8.37,60263.99999999999
2024-08-23,000411,6200,8.74874,8.67,53754.0
2024-08-23,000505,10100,4.82482,4.75,47975.0
2024-08-23,000155,5100,8.628619999999998,8.59,43809.0
2024-08-26,000048,5400,12.282269999999997,12.35,66690.0
2024-08-26,000032,4300,12.452439999999998,12.39,53277.0
2024-08-26,000070,12100,3.98398,4.05,49005.0
2024-08-26,000029,4100,10.58057,10.63,43583.0
2024-08-26,000007,15700,4.264259999999999,4.32,67824.0
2024-08-26,000065,7200,8.288279999999999,8.5,61200.0
2024-08-26,000505,10100,4.82482,4.9,49490.0
2024-08-26,000155,5100,8.628619999999998,8.82,44982.0
2024-08-26,000035,12300,4.06406,4.17,51291.0
2024-08-26,000078,20500,2.1921899999999996,2.21,45305.0
2024-08-27,000065,7200,8.288279999999999,8.3,59760.00000000001
2024-08-27,000505,10100,4.82482,4.9,49490.0
2024-08-27,000155,5100,8.628619999999998,8.68,44268.0
2024-08-27,000035,12300,4.06406,4.09,50307.0
2024-08-27,000078,20500,2.1921899999999996,2.18,44690.0
2024-08-27,000582,10000,6.866860000000001,6.89,68900.0
2024-08-27,000048,4800,12.762749999999999,12.42,59616.0
2024-08-27,000620,41300,1.35135,1.32,54516.0
2024-08-27,000415,20500,2.45245,2.42,49610.0
2024-08-27,000600,10900,4.12412,4.09,44581.0
2024-08-28,000035,12300,4.06406,4.12,50676.0
2024-08-28,000078,20500,2.1921899999999996,2.19,44895.0
2024-08-28,000582,10000,6.866860000000001,6.87,68700.0
2024-08-28,000415,20500,2.45245,2.42,49610.0
2024-08-28,000600,10900,4.12412,4.14,45126.0
2024-08-28,000069,37000,1.82182,1.8,66600.0
2024-08-28,000620,46200,1.31131,1.33,61446.0
2024-08-28,000403,3000,17.93792,18.14,54420.0
2024-08-28,000002,7800,6.296289999999999,6.22,48516.0
2024-08-28,000048,3500,12.442429999999996,12.64,44240.0
2024-08-29,000582,10000,6.866860000000001,6.78,67800.0
2024-08-29,000415,20500,2.45245,2.45,50225.00000000001
2024-08-29,000600,10900,4.12412,4.17,45453.0
2024-08-29,000069,37000,1.82182,1.82,67340.0
2024-08-29,000002,7800,6.296289999999999,6.24,48672.0
2024-08-29,000048,3500,12.442429999999996,12.58,44030.0
2024-08-29,000620,46500,1.3213199999999998,1.37,63705.00000000001
2024-08-29,000567,11600,4.764759999999999,4.87,56492.0
2024-08-29,000021,4200,11.781769999999998,12.07,50694.0
2024-08-29,000609,23500,1.9018999999999997,1.9,44650.0
2024-08-30,000048,3500,12.442429999999996,12.59,44065.0
2024-08-30,000609,45800,1.9819799999999999,2.0,91600.0
2024-08-30,000547,13300,6.126119999999999,6.18,82194.0
2024-08-30,000534,7700,9.49949,9.53,73381.0
2024-08-30,000021,5300,12.382369999999998,13.32,70596.0
2024-08-30,000582,8800,6.776769999999999,6.78,59664.0
2024-09-02,000547,13300,6.126119999999999,6.03,80199.0
2024-09-02,000582,8800,6.776769999999999,6.8,59840.0
2024-09-02,000506,56900,1.4214199999999997,1.42,80798.0
2024-09-02,000428,24600,2.96296,2.94,72324.0
2024-09-02,000534,6800,9.529519999999998,9.09,61812.0
2024-09-02,000029,5300,11.041029999999997,10.88,57664.00000000001
2024-09-02,000559,12900,4.11411,4.11,53019.00000000001
2024-09-03,000547,13300,6.126119999999999,6.13,81529.0
2024-09-03,000582,8800,6.776769999999999,6.77,59575.99999999999
2024-09-03,000506,56900,1.4214199999999997,1.49,84781.0
2024-09-03,000428,24600,2.96296,2.97,73062.0
2024-09-03,000029,5300,11.041029999999997,11.03,58459.0
2024-09-03,000559,12900,4.11411,4.19,54051.00000000001
2024-09-03,000567,11800,4.594589999999999,4.56,53807.99999999999
2024-09-03,000061,9400,5.15515,5.27,49537.99999999999
2024-09-03,000426,3900,11.021009999999997,11.02,42978.0
2024-09-03,000408,1800,21.171149999999997,21.34,38412.0
2024-09-04,000428,24600,2.96296,2.97,73062.0
2024-09-04,000029,5300,11.041029999999997,10.87,57610.99999999999
2024-09-04,000559,12900,4.11411,4.26,54954.0
2024-09-04,000567,11800,4.594589999999999,4.53,53454.0
2024-09-04,000061,9400,5.15515,5.28,49632.0
2024-09-04,000408,1800,21.171149999999997,20.96,37728.0
2024-09-04,000506,40000,1.5615599999999998,1.56,62400.0
2024-09-04,000561,9100,6.146139999999999,6.15,55965.0
2024-09-04,000547,8200,6.13613,6.09,49938.0
2024-09-04,000069,23800,1.9119099999999996,1.9,45220.0
2024-09-05,000567,11800,4.594589999999999,4.61,54398.00000000001
2024-09-05,000061,9400,5.15515,5.3,49820.0
2024-09-05,000408,1800,21.171149999999997,20.92,37656.0
2024-09-05,000561,9100,6.146139999999999,6.28,57148.0
2024-09-05,000547,8200,6.13613,6.21,50922.0
2024-09-05,000069,23800,1.9119099999999996,1.93,45934.0
2024-09-05,000425,10700,6.126119999999999,6.12,65484.0
2024-09-05,000415,26800,2.2022,2.17,58156.0
2024-09-05,000029,4800,10.940929999999998,11.16,53568.0
2024-09-05,000630,17700,2.7127099999999995,2.73,48321.0
2024-09-06,000561,9100,6.146139999999999,6.09,55419.0
2024-09-06,000547,8200,6.13613,6.11,50102.0
2024-09-06,000069,23800,1.9119099999999996,1.9,45220.0
2024-09-06,000425,10700,6.126119999999999,6.03,64521.0
2024-09-06,000415,26800,2.2022,2.17,58156.0
2024-09-06,000029,4800,10.940929999999998,11.15,53520.0
2024-09-06,000630,17700,2.7127099999999995,2.74,48498.00000000001
2024-09-06,000567,12300,4.644639999999999,4.58,56334.0
2024-09-06,000411,5700,8.97897,8.88,50616.00000000001
2024-09-06,000543,6100,7.58758,7.49,45689.0
2024-09-09,000029,4800,10.940929999999998,11.3,54240.0
2024-09-09,000630,17700,2.7127099999999995,2.72,48144.0
2024-09-09,000411,5700,8.97897,8.86,50502.0
2024-09-09,000567,17300,4.554549999999999,4.56,78888.0
2024-09-09,000426,6900,10.190179999999998,9.9,68310.0
2024-09-09,000048,5300,11.97196,12.02,63706.0
2024-09-09,000534,6500,8.78878,8.76,56940.0
2024-09-09,000039,7400,7.017009999999999,6.82,50468.0
2024-09-10,000567,17300,4.554549999999999,4.53,78369.0
2024-09-10,000048,5300,11.97196,11.95,63334.99999999999
2024-09-10,000534,6500,8.78878,8.85,57525.0
2024-09-10,000415,34600,2.1321299999999996,2.11,73006.0
2024-09-10,000426,6600,9.949939999999998,9.68,63888.0
2024-09-10,000543,8000,7.397389999999999,7.24,57920.0
2024-09-10,000600,13900,3.8738699999999997,3.85,53515.0
2024-09-10,000609,24700,1.9619599999999995,1.94,47918.0
2024-09-11,000567,17300,4.554549999999999,4.52,78195.99999999999
2024-09-11,000048,5300,11.97196,11.98,63494.0
2024-09-11,000534,6500,8.78878,8.74,56810.0
2024-09-11,000600,13900,3.8738699999999997,3.8,52820.0
2024-09-11,000609,24700,1.9619599999999995,1.93,47671.0
2024-09-11,000415,29900,2.1021,2.1,62790.0
2024-09-11,000543,7800,7.24724,7.11,55458.0
2024-09-11,000426,5200,9.679669999999998,9.71,50492.00000000001
2024-09-11,000528,5000,9.13126958744,9.48778336,47438.9168
2024-09-11,000620,30600,1.35135,1.36,41616.0
2024-09-12,000600,13900,3.8738699999999997,3.85,53515.0
2024-09-12,000609,24700,1.9619599999999995,1.93,47671.0
2024-09-12,000415,29900,2.1021,2.1,62790.0
2024-09-12,000543,7800,7.24724,7.26,56628.0
2024-09-12,000426,5200,9.679669999999998,9.91,51532.0
2024-09-12,000620,30600,1.35135,1.35,41310.0
2024-09-12,000007,13200,4.66466,4.68,61775.99999999999
2024-09-12,000657,7500,7.347339999999999,7.28,54600.0
2024-09-12,000403,2800,17.85784,16.57,46396.0
2024-09-12,000582,6900,6.456449999999999,6.53,45057.0
2024-09-13,000415,29900,2.1021,2.1,62790.0
2024-09-13,000543,7800,7.24724,7.27,56706.0
2024-09-13,000620,30600,1.35135,1.34,41004.0
2024-09-13,000007,13200,4.66466,4.74,62568.0
2024-09-13,000657,7500,7.347339999999999,7.21,54075.0
2024-09-13,000582,6900,6.456449999999999,6.52,44988.0
2024-09-13,000403,3700,16.396379999999997,16.32,60384.0
2024-09-13,000338,5100,10.72071,10.65,54315.0
2024-09-13,000600,12800,3.8538499999999996,3.78,48384.0
2024-09-13,000048,3600,12.06205,11.9,42840.0
2024-09-18,000657,7500,7.347339999999999,7.35,55125.0
2024-09-18,000582,6900,6.456449999999999,6.59,45471.0
2024-09-18,000403,3700,16.396379999999997,16.41,60717.0
2024-09-18,000338,5100,10.72071,10.96,55896.00000000001
2024-09-18,000600,12800,3.8538499999999996,3.86,49408.0
2024-09-18,000566,11900,5.605599999999999,4.89,58190.99999999999
2024-09-18,000415,28100,2.1321299999999996,2.14,60134.0
2024-09-18,000035,13300,4.06406,4.0,53200.0
2024-09-18,000543,6700,7.247239999999999,7.25,48575.0
2024-09-18,000007,9200,4.75475,4.98,45816.00000000001
2024-09-19,000403,3700,16.396379999999997,16.23,60051.0
2024-09-19,000600,12800,3.8538499999999996,3.91,50048.0
2024-09-19,000566,11900,5.605599999999999,4.4,52360.00000000001
2024-09-19,000035,13300,4.06406,4.11,54663.00000000001
2024-09-19,000543,6700,7.247239999999999,7.26,48642.0
2024-09-19,000659,31200,2.1221200000000002,2.22,69264.0
2024-09-19,000426,6100,9.68968,10.14,61854.0
2024-09-19,000061,10100,5.305299999999999,5.45,55045.0
2024-09-19,000029,4100,11.681669999999999,11.73,48093.0
2024-09-19,000036,14200,3.073069999999999,3.19,45298.0
2024-09-20,000035,13300,4.06406,4.07,54131.00000000001
2024-09-20,000543,6700,7.247239999999999,7.23,48441.0
2024-09-20,000061,10100,5.305299999999999,5.45,55045.0
2024-09-20,000029,4100,11.681669999999999,11.97,49077.0
2024-09-20,000069,37400,1.9819799999999999,2.02,75548.0
2024-09-20,000036,21000,3.18318,3.17,66570.0
2024-09-20,000428,20500,2.93293,2.89,59245.0
2024-09-20,000403,3300,16.17616,15.66,51678.0
2024-09-20,000534,5300,9.08908,9.18,48654.0
2024-09-23,000061,10100,5.305299999999999,5.45,55045.0
2024-09-23,000069,37400,1.9819799999999999,2.02,75548.0
2024-09-23,000036,21000,3.18318,3.2,67200.0
2024-09-23,000428,20500,2.93293,2.89,59245.0
2024-09-23,000534,5300,9.08908,9.17,48601.0
2024-09-23,000403,4100,15.565549999999998,15.04,61664.0
2024-09-23,000636,4600,12.612599999999999,12.62,58052.0
2024-09-23,000555,6000,8.65865,8.66,51960.0
2024-09-23,000524,5600,8.31831,8.36,46816.0
2024-09-23,000029,3500,11.981969999999999,12.24,42840.0
2024-09-24,000036,21000,3.18318,3.24,68040.0
2024-09-24,000428,20500,2.93293,3.01,61704.99999999999
2024-09-24,000534,5300,9.08908,9.46,50138.00000000001
2024-09-24,000636,4600,12.612599999999999,13.12,60352.0
2024-09-24,000524,5600,8.31831,8.52,47712.0
2024-09-24,000403,4500,15.055039999999998,15.52,69840.0
2024-09-24,000528,6200,9.82573407816,10.39718552,64462.550224000006
2024-09-24,000543,7100,7.637629999999998,7.81,55451.0
2024-09-24,000338,4200,11.651639999999999,11.92,50064.0
2024-09-24,000408,2000,21.611589999999996,22.25,44500.0
2024-09-25,000403,6200,15.725710000000001,15.7,97340.0
2024-09-25,000523,33900,2.6026,2.65,89835.0
2024-09-25,000530,21000,3.7754997279999993,3.8015048,79831.6008
2024-09-25,000534,7400,9.53953,9.69,71706.0
2024-09-25,000061,11400,5.62562,5.58,63612.0
2024-09-26,000530,21000,3.7754997279999993,3.8908352,81707.5392
2024-09-26,000534,7400,9.53953,9.99,73926.0
2024-09-26,000061,11400,5.62562,5.75,65550.0
2024-09-26,000036,23600,3.2732699999999997,3.41,80476.0
2024-09-26,000609,35300,1.97197,2.0,70600.0
2024-09-26,000501,9000,6.976969999999999,7.41,66690.0
2024-09-26,000048,4400,12.612599999999999,13.43,59092.0
2024-09-26,000408,2200,22.50248,23.35,51370.0
2024-09-27,000061,11400,5.62562,5.79,66006.0
2024-09-27,000609,35300,1.97197,2.0,70600.0
2024-09-27,000534,8600,10.1101,10.33,88838.0
2024-09-27,000065,8400,9.25925,9.5,79800.0
2024-09-27,000048,5100,13.643630000000002,14.26,72726.0
2024-09-27,000559,13300,4.774769999999999,4.82,64106.00000000001
2024-09-27,000417,12700,4.524519999999999,4.53,57531.0
2024-09-30,000534,9300,10.68067,11.23,104439.0
2024-09-30,000420,28300,3.28328,3.42,96786.0
2024-09-30,000061,14000,5.9859800000000005,6.26,87640.0
2024-09-30,000035,15700,4.79479,5.03,78971.0
2024-09-30,000559,13700,4.924919999999999,5.22,71514.0
2024-10-08,000035,18000,5.525519999999999,5.15,92700.0
2024-10-10,000582,13300,7.497489999999999,7.58,100814.0
2024-10-10,000061,15400,6.136129999999999,6.18,95172.0
2024-10-11,000582,13300,7.497489999999999,7.46,99218.0
2024-10-11,000061,15400,6.136129999999999,6.1,93940.0
2024-10-14,000582,13300,7.497489999999999,7.58,100814.0
2024-10-14,000061,15400,6.136129999999999,6.2,95480.0
2024-10-14,000407,28900,2.9429399999999997,3.0,86700.0
2024-10-14,000411,7800,9.72972,9.76,76128.0
2024-10-15,000407,28900,2.9429399999999997,2.95,85255.0
2024-10-15,000411,7800,9.72972,9.6,74880.0
2024-10-15,000582,11600,7.607599999999999,7.4,85840.0
2024-10-15,000593,14900,5.345339999999999,5.23,77927.0
2024-10-16,000407,28900,2.9429399999999997,2.98,86122.0
2024-10-16,000411,7800,9.72972,9.63,75114.0
2024-10-16,000060,19100,4.604599999999999,4.64,88624.0
2024-10-16,000609,43300,1.8318299999999996,1.88,81404.0
2024-10-16,000593,13700,5.2052,5.51,75487.0
2024-10-16,000559,13100,4.884879999999999,4.91,64321.0
2024-10-17,000060,19100,4.604599999999999,4.56,87095.99999999999
2024-10-17,000559,13100,4.884879999999999,4.85,63534.99999999999
2024-10-17,000411,9000,9.939929999999999,9.64,86760.0
2024-10-17,000609,42200,1.9219199999999999,1.86,78492.0
2024-10-17,000070,15900,4.5745700000000005,4.52,71868.0
2024-10-18,000060,19100,4.604599999999999,4.63,88433.0
2024-10-18,000559,13100,4.884879999999999,4.98,65238.00000000001
2024-10-18,000070,15900,4.5745700000000005,4.58,72822.0
2024-10-18,000506,46600,1.7617599999999998,1.76,82016.0
2024-10-18,000407,25200,2.93293,2.98,75096.0
2024-10-21,000070,15900,4.5745700000000005,4.64,73776.0
2024-10-21,000407,25200,2.93293,2.95,74340.0
2024-10-21,000506,48900,1.85185,1.85,90465.0
2024-10-22,000407,25200,2.93293,3.0,75600.0
2024-10-22,000506,48900,1.85185,1.94,94866.0
2024-10-22,000070,19000,4.684679999999999,4.87,92530.0
2024-10-22,000582,10600,7.547539999999999,7.64,80984.0
2024-10-23,000582,10600,7.547539999999999,7.66,81196.0
2024-10-23,000506,48200,2.0420399999999996,2.04,98328.0
2024-10-24,000582,10600,7.547539999999999,7.61,80666.0
2024-10-24,000506,48200,2.0420399999999996,2.14,103148.0
2024-10-25,000506,44400,2.2522499999999996,2.25,99900.0
2024-10-25,000078,37700,2.5725699999999994,2.68,101036.0
2024-10-28,000506,44400,2.2522499999999996,2.36,104784.0
2024-10-28,000600,20700,4.7047,4.87,100809.0
2024-10-28,000523,28300,3.1031,3.26,92258.0
2024-10-28,000407,25300,3.1231199999999997,3.19,80707.0
2024-10-28,000633,14200,5.004999999999999,5.2,73840.0
2024-10-28,000070,11700,5.475469999999999,5.47,63999.0
2024-10-29,000407,25300,3.1231199999999997,3.11,78683.0
2024-10-29,000070,11700,5.475469999999999,5.74,67158.0
2024-10-29,000506,38200,2.48248,2.48,94736.0
2024-10-29,000403,4800,17.47746,16.85,80880.0
2024-10-29,000501,9600,8.018009999999999,7.85,75360.0
2024-10-29,000419,13100,5.285279999999999,5.07,66417.0
2024-10-29,000060,12700,4.894889999999999,4.75,60325.0
2024-10-30,000407,25300,3.1231199999999997,3.13,79189.0
2024-10-30,000506,38200,2.48248,2.6,99320.0
2024-10-30,000501,9600,8.018009999999999,7.97,76512.0
2024-10-30,000403,4900,16.806789999999996,16.75,82075.0
2024-10-30,000639,25200,2.99299,2.97,74844.0
2024-10-30,000629,24100,2.822819999999999,2.86,68926.0
2024-10-30,000060,12800,4.764759999999999,4.76,60928.0
2024-10-30,000582,7200,7.587579999999999,7.55,54360.0
2024-10-31,000501,9600,8.018009999999999,7.97,76512.0
2024-10-31,000403,4900,16.806789999999996,16.84,82516.0
2024-10-31,000629,24100,2.822819999999999,2.88,69408.0
2024-10-31,000060,12800,4.764759999999999,4.83,61824.0
2024-10-31,000582,7200,7.587579999999999,7.65,55080.0
2024-10-31,000506,27500,2.73273,2.73,75075.0
2024-10-31,000530,14800,4.5802773016,4.5757016,67720.38368
2024-10-31,000639,20000,3.0530499999999994,3.1,62000.0
2024-10-31,000523,17200,3.1931899999999995,3.28,56416.0
2024-10-31,000061,7400,6.6065999999999985,6.48,47952.0
2024-11-01,000403,4900,16.806789999999996,16.68,81732.0
2024-11-01,000582,7200,7.587579999999999,7.6,54720.0
2024-11-01,000523,17200,3.1931899999999995,3.15,54180.0
2024-11-01,000506,31700,2.87287,2.87,90979.0
2024-11-01,000534,7100,11.531519999999999,11.03,78313.0
2024-11-01,000078,26500,2.7827799999999994,2.7,71550.0
2024-11-01,000600,13800,4.79479,4.71,64998.0
2024-11-01,000543,8000,7.48748,7.41,59280.0
2024-11-04,000523,17200,3.1931899999999995,3.2,55040.0
2024-11-04,000506,31700,2.87287,3.01,95417.0
2024-11-04,000600,13800,4.79479,4.73,65274.00000000001
2024-11-04,000543,8000,7.48748,7.43,59440.0
2024-11-04,000534,7500,11.011,11.31,84825.0
2024-11-04,000403,4400,16.716699999999996,17.05,75020.0
2024-11-04,000582,8800,7.557549999999998,7.57,66616.0
2024-11-04,000407,19300,3.1231199999999997,3.16,60988.0
2024-11-04,000061,8500,6.37637,6.49,55165.0
2024-11-05,000600,13800,4.79479,4.81,66378.0
2024-11-05,000543,8000,7.48748,7.44,59520.0
2024-11-05,000582,8800,7.557549999999998,7.69,67672.0
2024-11-05,000407,19300,3.1231199999999997,3.2,61760.0
2024-11-05,000061,8500,6.37637,6.61,56185.0
2024-11-05,000506,25300,3.16316,3.16,79948.0
2024-11-05,000060,14500,4.96496,5.11,74095.0
2024-11-05,000403,3800,17.03702,17.83,67754.0
2024-11-06,000582,8800,7.557549999999998,7.67,67496.0
2024-11-06,000407,19300,3.1231199999999997,3.24,62532.00000000001
2024-11-06,000506,25300,3.16316,3.32,83996.0
2024-11-06,000060,14500,4.96496,5.09,73805.0
2024-11-06,000428,24300,3.43343,3.45,83835.0
2024-11-06,000533,18500,4.06406,4.08,75480.0
2024-11-06,000403,3700,17.847829999999995,17.54,64898.0
2024-11-06,000061,9200,6.61661,6.85,63020.0
2024-11-06,000600,11400,4.82482,4.79,54606.0
2024-11-07,000060,14500,4.96496,5.13,74385.0
2024-11-07,000533,18500,4.06406,4.22,78070.0
2024-11-07,000600,11400,4.82482,4.93,56202.0
2024-11-07,000506,26400,3.49349,3.49,92136.0
2024-11-07,000061,12200,6.806799999999999,7.12,86864.0
2024-11-07,000403,4300,17.40739,17.72,76196.0
2024-11-07,000400,2200,30.61057999999999,30.63,67386.0
2024-11-07,000419,11600,5.19519,5.42,62872.0
2024-11-08,000600,11400,4.82482,4.89,55745.99999999999
2024-11-08,000506,26400,3.49349,3.66,96624.0
2024-11-08,000403,4300,17.40739,17.18,73874.0
2024-11-08,000400,2200,30.61057999999999,31.15,68530.0
2024-11-08,000582,10700,7.927919999999999,7.8,83460.0
2024-11-08,000061,10700,7.13713,6.88,73616.0
2024-11-08,000419,12600,5.45545,5.36,67536.0
2024-11-08,000528,5100,12.124974621759998,11.7659764,60006.47964
2024-11-08,000039,6400,8.708699999999999,8.56,54784.0
2024-11-11,000403,4300,17.40739,17.53,75379.0
2024-11-11,000582,10700,7.927919999999999,7.96,85172.0
2024-11-11,000506,25300,3.8438399999999997,3.84,97152.0
2024-11-11,000564,31400,2.7927899999999997,2.74,86036.0
2024-11-11,000338,5900,13.36335,13.5,79650.0
2024-11-12,000582,10700,7.927919999999999,7.94,84958.0
2024-11-12,000338,5900,13.36335,13.32,78588.0
2024-11-12,000506,23900,4.03403,4.03,96317.0
2024-11-12,000543,11400,7.57757,7.47,85158.0
2024-11-12,000600,15800,4.93493,4.94,78052.0
2024-11-12,000403,3900,17.63762,17.61,68679.0
2024-11-12,000060,12500,5.075069999999999,4.99,62375.0
2024-11-13,000338,5900,13.36335,13.2,77880.0
2024-11-13,000543,11400,7.57757,7.49,85386.0
2024-11-13,000600,15800,4.93493,4.88,77104.0
2024-11-13,000403,3900,17.63762,17.49,68211.0
2024-11-13,000060,12500,5.075069999999999,4.98,62250.00000000001
2024-11-13,000582,9400,7.9079,7.74,72756.0
2024-11-14,000403,5700,17.39738,17.05,97185.0
2024-11-14,000582,12900,7.727719999999999,7.58,97782.0
2024-11-14,000543,12100,7.5074999999999985,7.36,89056.0
2024-11-15,000547,11800,8.46846,8.23,97114.0
2024-11-15,000078,34000,2.93293,2.86,97240.0
2024-11-15,000060,18600,4.82482,4.77,88721.99999999999
2024-11-15,000403,4700,17.02701,16.85,79195.0
2024-11-15,000543,9900,7.33733,7.25,71775.0
2024-11-18,000060,18600,4.82482,4.76,88536.0
2024-11-18,000403,4700,17.02701,16.62,78114.0
2024-11-18,000543,9900,7.33733,7.34,72666.0
2024-11-18,000048,5300,15.755739999999998,15.41,81673.0
2024-11-18,000400,2600,29.028999999999996,28.23,73398.0
2024-11-18,000505,10800,6.38638,6.28,67824.0
2024-11-18,000528,5700,10.886200124799998,10.86594952,61935.912264
2024-11-18,000630,17700,3.1531499999999997,3.17,56109.0
2024-11-19,000060,18600,4.82482,4.8,89280.0
2024-11-19,000543,9900,7.33733,7.38,73062.0
2024-11-19,000505,10800,6.38638,6.37,68796.0
2024-11-19,000528,5700,10.886200124799998,10.95970232,62470.303224
2024-11-19,000630,17700,3.1531499999999997,3.2,56640.0
2024-11-19,000400,2600,28.258229999999994,27.25,70850.0
2024-11-19,000061,10100,6.49649,6.58,66458.0
2024-11-19,000419,11400,5.225219999999999,5.26,59964.0
2024-11-19,000407,16600,3.23323,3.24,53784.0
2024-11-19,000403,2900,16.63662,16.8,48720.0
2024-11-20,000505,10800,6.38638,6.47,69876.0
2024-11-20,000528,5700,10.886200124799998,11.00657872,62737.498704000005
2024-11-20,000630,17700,3.1531499999999997,3.2,56640.0
2024-11-20,000061,10100,6.49649,6.72,67872.0
2024-11-20,000419,11400,5.225219999999999,5.31,60533.99999999999
2024-11-20,000407,16600,3.23323,3.3,54780.0
2024-11-20,000403,2900,16.63662,16.95,49155.0
2024-11-20,000078,23400,2.8528499999999997,2.92,68328.0
2024-11-20,000428,18200,3.29329,3.37,61334.0
2024-11-20,000582,7200,7.507499999999999,7.52,54144.0
2024-11-21,000419,11400,5.225219999999999,5.35,60989.99999999999
2024-11-21,000407,16600,3.23323,3.34,55444.0
2024-11-21,000403,2900,16.63662,16.76,48604.00000000001
2024-11-21,000078,23400,2.8528499999999997,2.9,67860.0
2024-11-21,000428,18200,3.29329,3.34,60788.0
2024-11-21,000582,7200,7.507499999999999,7.47,53784.0
2024-11-21,000630,23300,3.1931899999999995,3.19,74327.0
2024-11-21,000543,9000,7.427419999999998,7.59,68310.0
2024-11-21,000610,4800,12.5125,12.71,61008.00000000001
2024-11-21,000505,8300,6.476469999999999,6.53,54199.0
2024-11-22,000428,18200,3.29329,3.24,58968.00000000001
2024-11-22,000582,7200,7.507499999999999,7.31,52632.0
2024-11-22,000610,4800,12.5125,12.18,58464.0
2024-11-22,000505,8300,6.476469999999999,6.34,52622.0
2024-11-22,000543,11300,7.57757,7.4,83620.0
2024-11-22,000403,4600,16.806789999999996,16.12,74152.0
2024-11-22,000630,21800,3.1831799999999997,3.09,67362.0
2024-11-22,000400,2200,27.857829999999996,26.71,58762.0
2024-11-22,000524,5800,9.71971,9.42,54636.0
2024-11-25,000610,4800,12.5125,12.71,61008.00000000001
2024-11-25,000048,6700,14.854839999999998,15.07,100969.0
2024-11-25,000403,5600,16.13612,16.02,89712.0
2024-11-25,000061,11600,7.047039999999999,7.16,83056.0
2024-11-25,000524,7800,9.38938,9.66,75348.0
2024-11-25,000629,23000,2.89289,2.86,65780.0
2024-11-26,000048,6700,14.854839999999998,14.93,100031.0
2024-11-26,000403,5600,16.13612,15.98,89488.0
2024-11-26,000061,11600,7.047039999999999,7.11,82476.0
2024-11-26,000629,23000,2.89289,2.84,65320.0
2024-11-26,000407,21800,3.38338,3.32,72376.0
2024-11-26,000425,8700,7.617609999999999,7.58,65946.0
2024-11-27,000048,6700,14.854839999999998,15.54,104118.0
2024-11-27,000403,5600,16.13612,16.08,90047.99999999999
2024-11-27,000061,11600,7.047039999999999,7.3,84680.0
2024-11-27,000425,8700,7.617609999999999,7.86,68382.0
2024-11-27,000526,1700,41.691649999999996,42.25,71825.0
2024-11-27,000636,4500,14.664649999999998,15.12,68040.0
2024-11-27,000582,8100,7.317309999999999,7.39,59859.0
2024-11-27,000630,17500,3.0730699999999995,3.09,54075.0
2024-11-28,000526,1700,41.691649999999996,41.94,71298.0
2024-11-28,000636,4500,14.664649999999998,14.98,67410.0
2024-11-28,000582,8100,7.317309999999999,7.47,60507.0
2024-11-28,000630,17500,3.0730699999999995,3.06,53550.0
2024-11-28,000617,11600,7.177169999999999,7.12,82592.0
2024-11-28,000400,2800,25.945919999999994,25.04,70112.0
2024-11-28,000002,8000,8.438429999999999,8.48,67840.0
2024-11-28,000528,5700,10.567121845279997,10.41593608,59370.835655999996
2024-11-28,000403,3400,16.06605,15.97,54298.0
2024-11-29,000636,4500,14.664649999999998,15.2,68400.0
2024-11-29,000582,8100,7.317309999999999,7.47,60507.0
2024-11-29,000630,17500,3.0730699999999995,3.1,54250.0
2024-11-29,000617,11600,7.177169999999999,7.24,83984.0
2024-11-29,000002,8000,8.438429999999999,8.6,68800.0
2024-11-29,000528,5700,10.567121845279997,10.43468664,59477.71384800001
2024-11-29,000403,3400,16.06605,16.25,55250.0
2024-11-29,000633,11900,5.355349999999999,5.3,63070.0
2024-11-29,000400,2300,25.004979999999996,25.33,58258.99999999999
2024-11-29,000505,7600,6.8168099999999985,6.79,51604.0
2024-12-02,000617,11600,7.177169999999999,7.35,85260.0
2024-12-02,000002,8000,8.438429999999999,8.68,69440.0
2024-12-02,000403,3400,16.06605,16.37,55658.0
2024-12-02,000633,11900,5.355349999999999,5.47,65093.0
2024-12-02,000400,2300,25.004979999999996,26.05,59915.0
2024-12-02,000543,10200,7.447439999999999,7.37,75174.0
2024-12-02,000501,7900,8.618609999999999,8.66,68414.0
2024-12-02,000528,5900,10.473275292479999,10.43468664,61564.65117600001
2024-12-02,000523,16900,3.3032999999999992,3.37,56953.0
2024-12-02,000338,3900,12.692679999999998,12.93,50427.0
2024-12-03,000633,11900,5.355349999999999,5.44,64736.00000000001
2024-12-03,000543,10200,7.447439999999999,7.65,78030.0
2024-12-03,000501,7900,8.618609999999999,8.78,69362.0
2024-12-03,000523,16900,3.3032999999999992,3.37,56953.0
2024-12-03,000338,3900,12.692679999999998,12.84,50076.0
2024-12-03,000078,26400,2.9929900000000003,2.99,78936.0
2024-12-03,000069,22900,3.1031000000000004,3.09,70761.0
2024-12-03,000070,10500,6.04604,6.04,63420.0
2024-12-03,000020,3900,14.754739999999998,14.76,57564.0
2024-12-03,000035,9700,5.32532,5.45,52865.0
2024-12-04,000543,10200,7.447439999999999,7.66,78132.0
2024-12-04,000523,16900,3.3032999999999992,3.34,56446.0
2024-12-04,000338,3900,12.692679999999998,12.88,50232.0
2024-12-04,000078,26400,2.9929900000000003,2.94,77616.0
2024-12-04,000070,10500,6.04604,5.96,62580.0
2024-12-04,000020,3900,14.754739999999998,14.44,56316.0
2024-12-04,000035,9700,5.32532,5.46,52962.0
2024-12-04,000600,13900,4.804799999999999,4.73,65747.0
2024-12-04,000630,18400,3.2832799999999995,3.26,59983.99999999999
2024-12-04,000426,4000,13.443429999999996,13.11,52440.0
2024-12-05,000070,10500,6.04604,5.99,62895.0
2024-12-05,000035,9700,5.32532,5.34,51798.0
2024-12-05,000600,13900,4.804799999999999,4.72,65608.0
2024-12-05,000630,18400,3.2832799999999995,3.25,59800.0
2024-12-05,000426,4000,13.443429999999996,13.12,52480.0
2024-12-05,000543,10500,7.637629999999999,7.74,81270.0
2024-12-05,000403,4500,16.18617,16.38,73710.0
2024-12-05,000338,5100,12.832819999999998,12.79,65228.99999999999
2024-12-05,000002,6900,8.5085,8.52,58788.0
2024-12-05,000411,4900,10.67066,10.74,52626.0
2024-12-06,000600,13900,4.804799999999999,4.85,67415.0
2024-12-06,000630,18400,3.2832799999999995,3.29,60536.0
2024-12-06,000403,4500,16.18617,16.55,74475.0
2024-12-06,000338,5100,12.832819999999998,12.9,65790.0
2024-12-06,000002,6900,8.5085,8.68,59892.0
2024-12-06,000411,4900,10.67066,10.78,52822.0
2024-12-06,000543,9400,7.767759999999999,7.96,74824.0
2024-12-06,000426,5000,13.063049999999999,13.08,65400.0
2024-12-06,000407,17300,3.4234199999999997,3.62,62626.0
2024-12-06,000523,15700,3.3833799999999994,3.5,54950.0
2024-12-09,000403,4500,16.18617,16.29,73305.0
2024-12-09,000338,5100,12.832819999999998,12.87,65637.0
2024-12-09,000002,6900,8.5085,8.42,58098.0
2024-12-09,000426,5000,13.063049999999999,13.16,65800.0
2024-12-09,000523,15700,3.3833799999999994,3.43,53851.0
2024-12-09,000629,25700,3.1231199999999997,3.36,86352.0
2024-12-09,000543,9000,7.967959999999998,8.17,73530.0
2024-12-09,000078,21200,3.0630599999999997,3.03,64235.99999999999
2024-12-09,000069,18900,3.1031,3.0,56700.0
2024-12-09,000663,8400,6.28628,6.3,52920.0
2024-12-10,000523,15700,3.3833799999999994,3.44,54008.0
2024-12-10,000543,9000,7.967959999999998,7.91,71190.0
2024-12-10,000078,21200,3.0630599999999997,2.99,63388.00000000001
2024-12-10,000069,18900,3.1031,3.04,57456.0
2024-12-10,000663,8400,6.28628,6.26,52584.0
2024-12-10,000060,16300,5.095089999999999,4.93,80359.0
2024-12-10,000526,1600,45.31527,44.7,71520.0
2024-12-10,000100,14200,4.73473,4.77,67734.0
2024-12-10,000425,7400,8.13813,7.9,58460.0
2024-12-10,000002,6000,8.99899,8.58,51480.0
2024-12-11,000543,9000,7.967959999999998,7.86,70740.0
2024-12-11,000069,18900,3.1031,3.13,59157.0
2024-12-11,000663,8400,6.28628,6.58,55272.0
2024-12-11,000526,1600,45.31527,44.78,71648.0
2024-12-11,000551,8200,10.64063,10.73,87986.0
2024-12-11,000021,4000,19.49948,19.59,78360.0
2024-12-11,000408,2800,25.26524,25.63,71764.0
2024-12-11,000505,9200,6.926919999999999,7.05,64860.0
2024-12-11,000060,11600,4.93493,5.01,58116.0
2024-12-12,000526,1600,45.31527,46.24,73984.0
2024-12-12,000551,8200,10.64063,10.77,88314.0
2024-12-12,000021,4000,19.49948,19.68,78720.0
2024-12-12,000408,2800,25.26524,26.25,73500.0
2024-12-12,000505,9200,6.926919999999999,7.21,66332.0
2024-12-12,000060,11600,4.93493,5.01,58116.0
2024-12-12,000069,22300,3.1331299999999995,3.17,70691.0
2024-12-12,000426,4600,13.673659999999998,13.5,62100.0
2024-12-12,000630,16700,3.3933899999999997,3.38,56446.0
2024-12-12,000400,1800,26.97695,26.83,48294.0
2024-12-13,000551,8200,10.64063,10.52,86264.0
2024-12-13,000021,4000,19.49948,19.3,77200.0
2024-12-13,000408,2800,25.26524,25.18,70504.0
2024-12-13,000505,9200,6.926919999999999,7.01,64492.0
2024-12-13,000060,11600,4.93493,4.88,56608.0
2024-12-13,000400,1800,26.97695,26.42,47556.0
2024-12-13,000061,9100,7.847839999999998,7.66,69706.0
2024-12-13,000633,11100,5.805799999999999,5.63,62493.0
2024-12-13,000020,3900,14.9149,14.58,56862.0
2024-12-13,000078,16900,3.1131099999999994,2.99,50531.0
2024-12-16,000400,1800,26.97695,26.71,48078.0
2024-12-16,000629,31000,3.22322,3.21,99510.0
2024-12-16,000425,12000,7.997989999999999,7.77,93240.0
2024-12-16,000020,5900,14.614599999999998,14.46,85314.0
2024-12-16,000633,13800,5.635629999999999,5.64,77832.0
2024-12-16,000547,8700,8.028019999999998,7.95,69165.0
2024-12-17,000530,12600,7.8788718008,7.19606,90670.356
2024-12-17,000510,23200,4.28428,4.07,94424.0
2024-12-17,000400,3300,26.746719999999996,27.23,89859.0
2024-12-17,000629,25000,3.23323,3.13,78250.0
2024-12-17,000528,6900,10.492044603039997,10.69719448,73810.641912
2024-12-18,000530,12600,7.8788718008,6.7097056,84542.29056000001
2024-12-18,000400,3300,26.746719999999996,27.68,91344.0
2024-12-18,000528,6900,10.492044603039997,10.52843944,72646.23213599999
2024-12-18,000629,26300,3.14314,3.14,82582.0
2024-12-18,000633,13900,5.33533,5.28,73392.0
2024-12-18,000543,8300,8.06806,8.13,67479.0
2024-12-18,000547,7800,7.757749999999999,7.89,61542.0
2024-12-18,000032,3100,17.48747,17.61,54591.0
2024-12-19,000528,6900,10.492044603039997,10.46281248,72193.406112
2024-12-19,000629,26300,3.14314,3.14,82582.0
2024-12-19,000543,8300,8.06806,7.98,66234.0
2024-12-19,000547,7800,7.757749999999999,7.9,61620.0
2024-12-19,000032,4600,17.47746,18.35,84410.0
2024-12-19,000400,2600,27.447419999999994,27.96,72696.0
2024-12-19,000426,5100,12.712699999999998,12.7,64770.0
2024-12-19,000630,18900,3.1231199999999997,3.12,58968.0
2024-12-19,000636,3500,14.96495,15.24,53340.0
2024-12-20,000629,26300,3.14314,3.11,81793.0
2024-12-20,000547,7800,7.757749999999999,7.88,61464.0
2024-12-20,000400,2600,27.447419999999994,27.44,71344.0
2024-12-20,000426,5100,12.712699999999998,12.97,66147.0
2024-12-20,000630,18900,3.1231199999999997,3.08,58212.0
2024-12-20,000636,3500,14.96495,15.36,53760.0
2024-12-20,000612,11300,6.146139999999998,6.16,69608.0
2024-12-20,000078,22400,2.8027999999999995,2.81,62944.0
2024-12-20,000551,5500,10.14013,10.24,56320.0
2024-12-20,000603,4100,12.342329999999999,12.44,51004.0
2024-12-23,000400,2600,27.447419999999994,27.86,72436.0
2024-12-23,000630,18900,3.1231199999999997,3.09,58401.0
2024-12-23,000636,3500,14.96495,15.02,52570.0
2024-12-23,000612,11300,6.146139999999998,6.02,68026.0
2024-12-23,000551,5500,10.14013,9.88,54340.00000000001
2024-12-23,000603,4100,12.342329999999999,12.19,49979.0
2024-12-23,000036,16300,4.45445,4.3,70090.0
2024-12-23,000428,18200,3.5935899999999994,3.28,59696.0
2024-12-23,000002,7500,7.797789999999999,7.66,57450.0
2024-12-23,000571,15400,3.4534499999999997,3.26,50204.0
2024-12-24,000612,11300,6.146139999999998,6.1,68930.0
2024-12-24,000551,5500,10.14013,10.06,55330.0
2024-12-24,000603,4100,12.342329999999999,12.22,50102.0
2024-12-24,000002,7500,7.797789999999999,7.73,57975.0
2024-12-24,000061,12000,7.03703,7.1,85200.0
2024-12-24,000571,23300,3.2732699999999997,3.26,75958.0
2024-12-24,000561,8200,8.31831,8.34,68388.0
2024-12-24,000630,20000,3.0930899999999997,3.13,62600.0
2024-12-24,000407,16900,3.29329,3.31,55939.0
2024-12-25,000061,12000,7.03703,7.05,84600.0
2024-12-25,000630,20000,3.0930899999999997,3.11,62200.0
2024-12-25,000036,21600,4.274269999999999,4.11,88776.0
2024-12-25,000007,12200,6.796789999999999,6.63,80886.0
2024-12-25,000571,23100,3.23323,3.18,73458.0
2024-12-25,000338,5100,13.08307,13.3,67830.0
2024-12-25,000411,5700,10.600589999999999,10.38,59166.00000000001
2024-12-26,000061,12000,7.03703,7.04,84480.0
2024-12-26,000630,20000,3.0930899999999997,3.09,61800.0
2024-12-26,000007,12200,6.796789999999999,6.8,82960.0
2024-12-26,000571,23100,3.23323,3.26,75306.0
2024-12-26,000338,5100,13.08307,13.21,67371.0
2024-12-26,000411,5700,10.600589999999999,10.39,59223.0
2024-12-26,000506,15000,4.224219999999999,4.22,63299.99999999999
2024-12-26,000567,8100,7.017009999999999,7.04,57024.0
2024-12-26,000036,12400,4.15415,4.15,51460.00000000001
2024-12-26,000425,6100,7.527519999999999,7.52,45872.0
2024-12-27,000338,5100,13.08307,13.18,67218.0
2024-12-27,000567,8100,7.017009999999999,7.11,57591.0
2024-12-27,000036,12400,4.15415,4.16,51584.0
2024-12-27,000425,6100,7.527519999999999,7.5,45750.0
2024-12-27,000506,19100,4.434429999999999,4.01,76591.0
2024-12-27,000100,15100,5.03503,5.02,75802.0
2024-12-27,000571,20800,3.3032999999999992,3.59,74672.0
2024-12-27,000002,8200,7.517509999999999,7.55,61910.0
2024-12-27,000029,3700,15.025009999999998,15.38,56906.0
2024-12-30,000567,8100,7.017009999999999,7.09,57429.0
2024-12-30,000036,12400,4.15415,4.16,51584.0
2024-12-30,000425,6100,7.527519999999999,7.62,46482.0
2024-12-30,000100,15100,5.03503,5.05,76255.0
2024-12-30,000002,8200,7.517509999999999,7.36,60352.0
2024-12-30,000029,3700,15.025009999999998,15.32,56684.0
2024-12-30,000510,19300,3.733729999999999,3.67,70831.0
2024-12-30,000049,2700,24.00398,23.95,64665.0
2024-12-30,000633,12600,4.644639999999999,4.54,57204.0
2024-12-30,000020,4000,13.103089999999998,12.96,51840.0
2024-12-31,000029,3700,15.025009999999998,15.03,55611.0
2024-12-31,000546,20500,4.86486,4.93,101065.0
2024-12-31,000036,21600,4.16416,4.08,88128.0
2024-12-31,000155,7500,10.800789999999996,10.51,78825.0
2024-12-31,000426,6100,11.881869999999996,11.05,67405.0
2024-12-31,000567,9300,7.077069999999999,6.83,63519.0
2025-01-02,000546,20500,4.86486,4.98,102090.00000000001
2025-01-02,000567,13900,6.806799999999999,6.59,91601.0
2025-01-02,000426,7600,11.171159999999999,11.51,87476.0
2025-01-02,000636,5400,14.164150000000001,13.68,73872.0
2025-01-02,000069,25900,2.6726699999999997,2.62,67858.0
2025-01-02,000155,5900,10.56055,10.34,61006.0
2025-01-03,000155,5900,10.56055,10.5,61950.0
2025-01-03,000400,3800,25.3253,24.64,93632.0
2025-01-03,000617,13600,6.476469999999999,6.3,85680.0
2025-01-03,000002,11000,7.177169999999999,7.0,77000.0
2025-01-03,000422,6000,11.861849999999999,11.58,69480.0
2025-01-03,000629,22900,2.81281,2.73,62517.0
2025-01-06,000155,5900,10.56055,10.78,63601.99999999999
2025-01-06,000061,14700,6.53653,6.57,96579.0
2025-01-06,000617,13800,6.28628,6.39,88182.0
2025-01-06,000567,12400,6.266259999999998,6.32,78368.0
2025-01-06,000029,4900,14.25424,14.26,69874.0
2025-01-06,000657,7400,8.57857,8.72,64528.00000000001
2025-01-07,000061,14700,6.53653,6.56,96432.0
2025-01-07,000617,13800,6.28628,6.46,89148.0
2025-01-07,000567,12400,6.266259999999998,6.35,78740.0
2025-01-07,000029,4900,14.25424,14.49,71001.0
2025-01-07,000657,7400,8.57857,8.82,65268.0
2025-01-07,000629,22900,2.7627599999999997,2.78,63661.99999999999
2025-01-07,000422,4900,11.66165,11.67,57183.0
2025-01-07,000036,13600,3.7637599999999996,3.84,52224.0
2025-01-07,000035,10200,4.53453,4.56,46511.99999999999
2025-01-07,000065,4600,9.039029999999999,9.03,41538.0
2025-01-08,000061,14700,6.53653,6.49,95403.0
2025-01-08,000617,13800,6.28628,6.41,88458.0
2025-01-08,000029,4900,14.25424,14.52,71148.0
2025-01-08,000657,7400,8.57857,8.66,64084.0
2025-01-08,000629,22900,2.7627599999999997,2.73,62517.0
2025-01-08,000069,25000,2.5525499999999997,2.53,63249.99999999999
2025-01-08,000567,9000,6.336329999999999,6.24,56160.0
2025-01-08,000514,13000,3.9739699999999996,4.06,52779.99999999999
2025-01-08,000543,6700,6.906899999999999,6.89,46163.0
2025-01-08,000422,3600,11.67166,11.44,41184.0
2025-01-09,000629,22900,2.7627599999999997,2.72,62288.00000000001
2025-01-09,000069,25000,2.5525499999999997,2.55,63749.99999999999
2025-01-09,000567,14300,6.246239999999999,6.21,88803.0
2025-01-09,000415,23400,3.43343,3.46,80964.0
2025-01-09,000420,21600,3.3433399999999995,3.39,73224.0
2025-01-09,000065,7300,8.88888,8.85,64605.0
2025-01-09,000524,6500,8.98898,8.99,58435.0
2025-01-10,000415,23400,3.43343,3.37,78858.0
2025-01-10,000420,21600,3.3433399999999995,3.28,70848.0
2025-01-10,000065,7300,8.88888,8.72,63656.00000000001
2025-01-10,000567,12500,6.3363299999999985,6.03,75375.0
2025-01-10,000061,11100,6.43643,6.3,69930.0
2025-01-10,000422,5600,11.381369999999999,11.1,62160.0
2025-01-10,000543,8600,6.696689999999999,6.54,56244.0
2025-01-10,000029,3600,14.45444,13.92,50112.0
2025-01-13,000029,7200,13.73372,13.94,100368.0
2025-01-13,000069,37100,2.41241,2.47,91637.0
2025-01-13,000061,12700,6.306299999999999,6.4,81280.0
2025-01-13,000049,3400,21.131109999999996,21.36,72624.0
2025-01-13,000065,7500,8.64864,8.77,65775.0
2025-01-14,000029,7200,13.73372,14.27,102744.0
2025-01-14,000061,12700,6.306299999999999,6.56,83312.0
2025-01-14,000065,7500,8.64864,9.05,67875.0
2025-01-14,000567,12500,6.026019999999999,6.24,78000.0
2025-01-14,000543,10500,6.476469999999998,6.77,71085.0
2025-01-14,000532,5000,12.24223,12.68,63400.0
2025-01-14,000425,7800,7.097089999999999,7.4,57720.0
2025-01-14,000523,18100,2.75275,2.86,51766.0
2025-01-15,000029,7200,13.73372,14.2,102240.0
2025-01-15,000065,7500,8.64864,9.01,67575.0
2025-01-15,000567,12500,6.026019999999999,6.23,77875.0
2025-01-15,000532,5000,12.24223,12.66,63300.0
2025-01-15,000425,7800,7.097089999999999,7.28,56784.0
2025-01-15,000639,18700,3.49349,3.49,65263.00000000001
2025-01-15,000582,7100,8.298289999999998,8.22,58362.00000000001
2025-01-15,000543,7800,6.766759999999999,6.82,53196.0
2025-01-15,000415,13500,3.5335299999999994,3.54,47790.0
2025-01-15,000545,19500,2.2022,2.2,42900.0
2025-01-16,000639,18700,3.49349,3.53,66011.0
2025-01-16,000582,7100,8.298289999999998,8.34,59214.0
2025-01-16,000543,7800,6.766759999999999,6.71,52338.0
2025-01-16,000415,13500,3.5335299999999994,3.55,47925.0
2025-01-16,000545,19500,2.2022,2.21,43095.0
2025-01-16,000029,5300,14.264249999999999,14.2,75260.0
2025-01-16,000555,6400,10.640629999999998,10.51,67264.0
2025-01-16,000039,8300,7.417409999999999,7.43,61669.0
2025-01-16,000572,13800,4.014009999999999,4.06,56027.99999999999
2025-01-16,000567,8000,6.246239999999999,6.34,50720.0
2025-01-17,000639,18700,3.49349,3.49,65263.00000000001
2025-01-17,000582,7100,8.298289999999998,8.37,59426.99999999999
2025-01-17,000543,7800,6.766759999999999,6.65,51870.0
2025-01-17,000415,13500,3.5335299999999994,3.57,48195.0
2025-01-17,000545,19500,2.2022,2.21,43095.0
2025-01-17,000029,5300,14.264249999999999,14.31,75843.0
2025-01-17,000555,6400,10.640629999999998,10.79,69056.0
2025-01-17,000039,8300,7.417409999999999,7.47,62001.0
2025-01-17,000572,13800,4.014009999999999,4.0,55200.0
2025-01-17,000567,8000,6.246239999999999,6.37,50960.0
2025-01-20,000029,5300,14.264249999999999,14.35,76055.0
2025-01-20,000039,8300,7.417409999999999,7.5,62250.0
2025-01-20,000572,13800,4.014009999999999,4.02,55475.99999999999
2025-01-20,000567,8000,6.246239999999999,6.42,51360.0
2025-01-20,000408,2600,29.659629999999993,29.9,77740.0
2025-01-20,000603,5200,13.36335,13.43,69836.0
2025-01-20,000065,6600,9.53953,9.56,63096.0
2025-01-20,000428,18200,3.1331299999999995,3.14,57148.0
2025-01-20,000007,7200,7.12712,7.19,51768.0
2025-01-21,000603,5200,13.36335,13.44,69888.0
2025-01-21,000065,6600,9.53953,9.32,61512.0
2025-01-21,000428,18200,3.1331299999999995,3.08,56056.0
2025-01-21,000007,7200,7.12712,7.13,51336.0
2025-01-21,000609,29100,2.69269,2.68,77988.0
2025-01-21,000612,10400,6.756749999999999,6.67,69368.0
2025-01-21,000100,12800,4.954949999999999,5.05,64640.0
2025-01-21,000582,6800,8.288279999999999,8.21,55828.00000000001
2025-01-21,000617,7800,6.53653,6.44,50232.0
2025-01-22,000603,5200,13.36335,13.5,70200.0
2025-01-22,000007,7200,7.12712,6.97,50184.0
2025-01-22,000609,29100,2.69269,2.74,79734.0
2025-01-22,000100,12800,4.954949999999999,4.99,63872.0
2025-01-22,000036,18800,3.9939899999999993,3.95,74260.0
2025-01-22,000029,4700,14.234219999999997,13.96,65612.0
2025-01-22,000426,5000,12.162149999999999,12.25,61250.0
2025-01-22,000403,3300,16.37636,16.48,54384.0
2025-01-22,000069,19700,2.5125099999999994,2.48,48856.0
2025-01-23,000100,12800,4.954949999999999,4.85,62079.99999999999
2025-01-23,000036,18800,3.9939899999999993,4.11,77268.0
2025-01-23,000029,4700,14.234219999999997,14.03,65941.0
2025-01-23,000426,5000,12.162149999999999,12.2,61000.0
2025-01-23,000403,3300,16.37636,16.36,53988.0
2025-01-23,000069,19700,2.5125099999999994,2.5,49250.0
2025-01-23,000035,14400,4.49449,4.47,64368.0
2025-01-23,000532,4500,12.712699999999998,12.5,56250.0
2025-01-23,000032,3200,16.3163,16.11,51552.0
2025-01-23,000612,7100,6.61661,6.69,47499.0
2025-01-24,000036,18800,3.9939899999999993,4.0,75200.0
2025-01-24,000029,4700,14.234219999999997,14.17,66599.0
2025-01-24,000426,5000,12.162149999999999,12.49,62450.0
2025-01-24,000403,3300,16.37636,16.22,53525.99999999999
2025-01-24,000069,19700,2.5125099999999994,2.47,48659.00000000001
2025-01-24,000035,14400,4.49449,4.52,65087.99999999999
2025-01-24,000032,3200,16.3163,16.59,53088.0
2025-01-24,000612,7100,6.61661,6.86,48706.0
2025-01-24,000061,8800,6.2062,6.31,55528.0
2025-01-24,000532,3800,12.962949999999998,13.23,50274.0
2025-01-27,000035,14400,4.49449,4.52,65087.99999999999
2025-01-27,000032,3200,16.3163,16.16,51712.0
2025-01-27,000612,7100,6.61661,6.71,47641.0
2025-01-27,000029,6000,14.20419,14.17,85020.0
2025-01-27,000526,1800,41.801759999999994,42.14,75852.0
2025-01-27,000636,4800,14.544529999999998,14.27,68496.0
2025-01-27,000021,3200,19.359339999999996,18.69,59808.00000000001
2025-01-27,000070,10200,5.525519999999999,5.62,57324.0
2025-02-05,000029,6000,14.20419,14.14,84840.0
2025-02-05,000636,4800,14.544529999999998,14.31,68688.0
2025-02-05,000021,3200,19.359339999999996,18.99,60767.99999999999
2025-02-05,000070,10200,5.525519999999999,5.66,57732.0
2025-02-05,000567,12400,6.056049999999999,6.0,74400.0
2025-02-05,000545,32800,2.0720699999999996,2.09,68552.0
2025-02-05,000582,7200,8.438429999999999,8.25,59400.0
2025-02-05,000612,8100,6.756749999999999,6.73,54513.0
2025-02-05,000061,7500,6.576569999999999,6.67,50025.0
2025-02-06,000636,4800,14.544529999999998,14.97,71856.0
2025-02-06,000021,3200,19.359339999999996,19.77,63264.0
2025-02-06,000070,10200,5.525519999999999,5.73,58446.00000000001
2025-02-06,000567,12400,6.056049999999999,6.05,75020.0
2025-02-06,000545,32800,2.0720699999999996,2.11,69208.0
2025-02-06,000612,8100,6.756749999999999,6.81,55161.0
2025-02-06,000061,7500,6.576569999999999,6.64,49800.0
2025-02-06,000501,7600,7.727719999999999,7.85,59660.0
2025-02-06,000039,6700,7.877869999999999,7.8,52260.0
2025-02-06,000426,3600,12.93292,12.83,46188.0
2025-02-07,000612,8100,6.756749999999999,6.86,55566.0
2025-02-07,000061,7500,6.576569999999999,6.73,50475.0
2025-02-07,000501,7600,7.727719999999999,7.92,60192.0
2025-02-07,000039,6700,7.877869999999999,7.88,52796.0
2025-02-07,000426,3600,12.93292,12.71,45756.0
2025-02-07,000559,12900,5.95595,6.03,77787.0
2025-02-07,000049,2900,23.413390000000003,23.24,67396.0
2025-02-07,000155,5600,11.051039999999999,11.04,61823.99999999999
2025-02-07,000564,21400,2.6426399999999997,2.68,57352.0
2025-02-07,000032,2800,17.78777,18.14,50792.0
2025-02-10,000039,6700,7.877869999999999,7.88,52796.0
2025-02-10,000426,3600,12.93292,12.85,46260.0
2025-02-10,000559,12900,5.95595,5.99,77271.0
2025-02-10,000049,2900,23.413390000000003,23.11,67019.0
2025-02-10,000155,5600,11.051039999999999,11.07,61992.0
2025-02-10,000547,10200,7.2071999999999985,7.38,75276.0
2025-02-10,000630,20800,3.193189999999999,3.2,66560.0
2025-02-10,000636,3900,15.165149999999999,15.14,59046.0
2025-02-10,000514,13100,4.13413,4.21,55151.0
2025-02-10,000546,10000,4.84484,4.89,48900.0
2025-02-11,000559,12900,5.95595,5.97,77013.0
2025-02-11,000049,2900,23.413390000000003,23.18,67222.0
2025-02-11,000155,5600,11.051039999999999,10.83,60648.0
2025-02-11,000547,10200,7.2071999999999985,7.3,74460.0
2025-02-11,000630,20800,3.193189999999999,3.2,66560.0
2025-02-11,000636,3900,15.165149999999999,15.17,59163.0
2025-02-11,000514,13100,4.13413,4.15,54365.00000000001
2025-02-11,000546,10000,4.84484,4.82,48200.0
2025-02-11,000506,11800,4.53453,4.63,54634.0
2025-02-11,000555,4000,11.981969999999999,11.76,47040.0
2025-02-12,000547,10200,7.2071999999999985,7.31,74562.0
2025-02-12,000630,20800,3.193189999999999,3.15,65520.0
2025-02-12,000636,3900,15.165149999999999,15.41,60099.0
2025-02-12,000514,13100,4.13413,4.26,55806.0
2025-02-12,000546,10000,4.84484,4.87,48700.0
2025-02-12,000555,4000,11.981969999999999,11.89,47560.0
2025-02-12,000506,15000,4.63463,4.51,67650.0
2025-02-12,000070,10700,5.855849999999999,6.02,64413.99999999999
2025-02-12,000020,4200,13.3133,13.35,56070.0
2025-02-12,000408,1700,29.229199999999995,30.08,51136.0
2025-02-13,000070,10700,5.855849999999999,5.98,63986.00000000001
2025-02-13,000020,4200,13.3133,13.23,55566.0
2025-02-13,000338,6500,14.07406,13.93,90545.0
2025-02-13,000636,5400,15.35534,15.04,81216.0
2025-02-13,000400,2900,25.155129999999996,24.88,72152.0
2025-02-13,000665,15500,4.36436,4.38,67890.0
2025-02-13,000555,5100,11.921909999999999,11.86,60486.0
2025-02-14,000070,10700,5.855849999999999,6.04,64628.0
2025-02-14,000020,4200,13.3133,13.21,55482.0
2025-02-14,000338,6500,14.07406,14.05,91325.0
2025-02-14,000636,5400,15.35534,15.1,81540.0
2025-02-14,000400,2900,25.155129999999996,25.77,74733.0
2025-02-14,000665,15500,4.36436,4.41,68355.0
2025-02-14,000555,5100,11.921909999999999,12.41,63291.0
2025-02-14,000065,5500,9.97997,9.93,54615.0
2025-02-14,000571,13300,3.7137099999999994,3.68,48944.0
2025-02-14,000069,17100,2.6026,2.54,43434.0
2025-02-17,000338,6500,14.07406,14.02,91130.0
2025-02-17,000636,5400,15.35534,15.06,81324.0
2025-02-17,000400,2900,25.155129999999996,25.33,73457.0
2025-02-17,000571,13300,3.7137099999999994,3.8,50540.0
2025-02-17,000065,7600,9.879869999999999,9.62,73112.0
2025-02-17,000426,5200,12.882869999999997,12.61,65572.0
2025-02-17,000425,7700,7.887879999999999,7.98,61446.0
2025-02-17,000600,10800,5.075069999999999,5.15,55620.00000000001
2025-02-17,000061,7500,6.626619999999999,6.7,50250.0
2025-02-18,000425,7700,7.887879999999999,8.03,61830.99999999999
2025-02-18,000600,10800,5.075069999999999,5.04,54432.0
2025-02-18,000061,7500,6.626619999999999,6.5,48750.0
2025-02-18,000571,23300,3.803799999999999,3.7,86210.0
2025-02-18,000403,4800,16.596579999999996,16.19,77712.0
2025-02-18,000543,10300,6.93693,7.13,73439.0
2025-02-18,000545,28700,2.2522499999999996,2.17,62279.0
2025-02-18,000630,18700,3.1031,3.06,57222.0
2025-02-19,000543,10300,6.93693,7.17,73851.0
2025-02-19,000630,18700,3.1031,3.04,56848.0
2025-02-19,000659,32800,2.7827799999999994,2.74,89872.0
2025-02-19,000049,3500,23.073049999999995,23.48,82180.0
2025-02-19,000078,30600,2.42242,2.41,73746.0
2025-02-19,000510,18300,3.653649999999999,3.68,67344.0
2025-02-19,000029,3800,15.495479999999999,15.78,59964.0
2025-02-20,000543,10300,6.93693,7.23,74469.0
2025-02-20,000630,18700,3.1031,3.05,57035.0
2025-02-20,000049,3500,23.073049999999995,24.02,84070.0
2025-02-20,000078,30600,2.42242,2.44,74664.0
2025-02-20,000510,18300,3.653649999999999,3.71,67893.0
2025-02-20,000029,3800,15.495479999999999,15.45,58710.0
2025-02-20,000425,7500,8.33833,8.22,61650.00000000001
2025-02-20,000629,19500,2.9028999999999994,2.96,57720.0
2025-02-20,000035,11000,4.644639999999999,4.55,50050.0
2025-02-20,000546,9100,5.05505,4.98,45318.00000000001
2025-02-21,000078,30600,2.42242,2.4,73440.0
2025-02-21,000510,18300,3.653649999999999,3.61,66063.0
2025-02-21,000029,3800,15.495479999999999,15.45,58710.0
2025-02-21,000629,19500,2.9028999999999994,2.91,56745.0
2025-02-21,000035,11000,4.644639999999999,4.72,51920.0
2025-02-21,000546,9100,5.05505,4.98,45318.00000000001
2025-02-21,000543,9400,7.297289999999999,7.08,66552.0
2025-02-21,000422,5300,11.631619999999998,11.55,61215.00000000001
2025-02-21,000070,9000,6.216209999999999,6.25,56250.0
2025-02-21,000049,2000,24.164139999999996,24.58,49160.0
2025-02-24,000629,19500,2.9028999999999994,2.88,56160.0
2025-02-24,000035,11000,4.644639999999999,4.74,52140.0
2025-02-24,000422,5300,11.631619999999998,11.67,61851.0
2025-02-24,000049,2000,24.164139999999996,24.67,49340.0
2025-02-24,000061,12700,6.486479999999999,6.31,80137.0
2025-02-24,000659,27900,2.6726699999999997,2.74,76446.0
2025-02-24,000070,10600,6.28628,6.49,68794.0
2025-02-24,000036,15500,3.89389,3.81,59055.0
2025-02-24,000558,15900,3.4033999999999995,3.43,54537.0
2025-02-25,000422,5300,11.631619999999998,11.46,60738.00000000001
2025-02-25,000659,27900,2.6726699999999997,2.74,76446.0
2025-02-25,000558,15900,3.4033999999999995,3.36,53424.0
2025-02-25,000061,13800,6.186179999999999,6.09,84042.0
2025-02-25,000547,9700,7.907899999999999,7.93,76921.0
2025-02-25,000006,10700,6.44644,6.41,68587.0
2025-02-25,000070,9800,6.366359999999999,6.55,64190.0
2025-02-25,000599,12600,4.434429999999999,4.47,56322.0
2025-02-26,000659,27900,2.6726699999999997,2.73,76167.0
2025-02-26,000558,15900,3.4033999999999995,3.37,53583.0
2025-02-26,000061,13800,6.186179999999999,6.12,84456.0
2025-02-26,000547,9700,7.907899999999999,8.0,77600.0
2025-02-26,000599,12600,4.434429999999999,4.56,57455.99999999999
2025-02-26,000002,9100,7.717709999999999,7.84,71344.0
2025-02-26,000415,17900,3.5335299999999994,3.56,63724.0
2025-02-26,000006,8900,6.4064,6.61,58829.0
2025-02-26,000155,4400,11.461449999999997,11.39,50116.0
2025-02-26,000620,25400,1.8218199999999998,1.87,47498.0
2025-02-27,000061,13800,6.186179999999999,6.23,85974.0
2025-02-27,000547,9700,7.907899999999999,7.82,75854.0
2025-02-27,000599,12600,4.434429999999999,4.6,57959.99999999999
2025-02-27,000002,9100,7.717709999999999,7.81,71071.0
2025-02-27,000415,17900,3.5335299999999994,3.51,62828.99999999999
2025-02-27,000639,21600,3.2632599999999994,3.35,72360.0
2025-02-27,000559,9900,6.37637,6.36,62964.0
2025-02-27,000659,21000,2.72272,2.74,57540.00000000001
2025-02-27,000069,20300,2.5325299999999995,2.52,51156.0
2025-02-27,000632,13100,3.5435399999999997,3.52,46112.0
2025-02-28,000002,9100,7.717709999999999,7.75,70525.0
2025-02-28,000639,21600,3.2632599999999994,3.18,68688.0
2025-02-28,000069,20300,2.5325299999999995,2.47,50141.00000000001
2025-02-28,000428,27100,3.16316,3.09,83739.0
2025-02-28,000505,12800,6.005999999999999,5.88,75264.0
2025-02-28,000514,16000,4.344339999999999,4.21,67360.0
2025-02-28,000600,12500,5.015009999999999,4.97,62125.0
2025-02-28,000048,4100,13.74373,13.54,55514.0
2025-03-03,000505,12800,6.005999999999999,5.91,75648.0
2025-03-03,000600,12500,5.015009999999999,4.97,62125.0
2025-03-03,000048,4100,13.74373,13.43,55063.0
2025-03-03,000609,31600,2.6726699999999997,2.6,82160.0
2025-03-03,000599,16500,4.594589999999999,4.52,74580.0
2025-03-03,000400,2800,23.853829999999995,24.1,67480.0
2025-03-03,000559,10200,6.056049999999999,6.11,62322.0
2025-03-03,000603,4300,12.852839999999999,12.85,55255.0
2025-03-04,000505,12800,6.005999999999999,6.01,76928.0
2025-03-04,000600,12500,5.015009999999999,5.01,62625.0
2025-03-04,000048,4100,13.74373,13.59,55719.0
2025-03-04,000599,16500,4.594589999999999,4.59,75735.0
2025-03-04,000400,2800,23.853829999999995,24.19,67732.0
2025-03-04,000559,10200,6.056049999999999,6.15,62730.0
2025-03-04,000603,4300,12.852839999999999,13.15,56545.0
2025-03-04,000524,6000,9.709699999999998,9.74,58440.0
2025-03-04,000408,1700,30.150119999999998,30.1,51170.0
2025-03-04,000663,8300,5.69569,5.81,48223.0
2025-03-05,000599,16500,4.594589999999999,4.62,76230.0
2025-03-05,000400,2800,23.853829999999995,23.96,67088.0
2025-03-05,000559,10200,6.056049999999999,6.22,63444.0
2025-03-05,000603,4300,12.852839999999999,13.36,57448.0
2025-03-05,000524,6000,9.709699999999998,9.73,58380.0
2025-03-05,000408,1700,30.150119999999998,30.07,51119.0
2025-03-05,000663,8300,5.69569,5.7,47310.0
2025-03-05,000510,16000,3.8838799999999996,3.72,59520.0
2025-03-05,000528,4900,11.261586335999999,12.06598536,59123.328264
2025-03-05,000048,3700,13.633619999999997,13.9,51430.0
2025-03-06,000524,6000,9.709699999999998,9.91,59460.0
2025-03-06,000408,1700,30.150119999999998,30.47,51799.0
2025-03-06,000663,8300,5.69569,5.73,47559.0
2025-03-06,000060,19200,4.65465,4.64,89088.0
2025-03-06,000528,6700,11.84343496336,11.88785504,79648.628768
2025-03-06,000048,5200,13.913899999999996,14.27,74204.0
2025-03-06,000426,5000,13.012999999999998,13.04,65199.99999999999
2025-03-06,000561,6800,8.548539999999997,8.58,58344.0
2025-03-07,000060,19200,4.65465,4.72,90624.0
2025-03-07,000528,6700,11.84343496336,12.17848872,81595.87442400001
2025-03-07,000561,6800,8.548539999999997,8.6,58480.0
2025-03-07,000657,8500,9.74974,10.28,87380.0
2025-03-07,000617,11500,6.46646,6.33,72795.0
2025-03-07,000006,10100,6.6666599999999985,6.44,65044.00000000001
2025-03-07,000546,12300,4.91491,4.86,59778.00000000001
2025-03-07,000564,18200,3.0029999999999997,2.97,54054.0
2025-03-10,000060,19200,4.65465,4.76,91392.0
2025-03-10,000561,6800,8.548539999999997,8.67,58956.0
2025-03-10,000546,12300,4.91491,4.94,60762.00000000001
2025-03-10,000564,18200,3.0029999999999997,2.96,53872.0
2025-03-10,000603,5600,14.094079999999996,14.52,81312.0
2025-03-10,000048,4700,15.145130000000002,15.53,72991.0
2025-03-10,000571,16400,3.95395,3.92,64288.0
2025-03-10,000049,2400,24.21419,24.22,58128.0
2025-03-10,000524,5300,9.92992,9.94,52682.0
2025-03-11,000546,12300,4.91491,4.93,60639.0
2025-03-11,000603,5600,14.094079999999996,14.5,81200.0
2025-03-11,000048,4700,15.145130000000002,15.53,72991.0
2025-03-11,000571,16400,3.95395,3.95,64780.0
2025-03-11,000049,2400,24.21419,24.07,57768.0
2025-03-11,000524,5300,9.92992,10.07,53371.0
2025-03-11,000408,2100,30.830799999999996,32.51,68271.0
2025-03-11,000547,7900,7.6876799999999985,7.9,62410.0
2025-03-11,000035,11700,4.69469,4.75,55575.0
2025-03-11,000582,6000,8.168159999999999,8.15,48900.0
2025-03-12,000603,5600,14.094079999999996,14.39,80584.0
2025-03-12,000048,4700,15.145130000000002,15.29,71863.0
2025-03-12,000571,16400,3.95395,3.92,64288.0
2025-03-12,000049,2400,24.21419,24.12,57888.0
2025-03-12,000524,5300,9.92992,10.02,53106.0
2025-03-12,000547,7900,7.6876799999999985,7.85,62015.0
2025-03-12,000035,11700,4.69469,4.84,56628.0
2025-03-12,000582,6000,8.168159999999999,8.04,48239.99999999999
2025-03-12,000408,1700,32.65261999999999,34.81,59177.00000000001
2025-03-12,000060,10600,4.854849999999999,4.8,50880.0
2025-03-13,000547,7900,7.6876799999999985,7.78,61462.0
2025-03-13,000035,11700,4.69469,4.73,55341.00000000001
2025-03-13,000582,6000,8.168159999999999,8.01,48060.0
2025-03-13,000060,10600,4.854849999999999,4.79,50774.0
2025-03-13,000665,12100,7.007,7.54,91234.0
2025-03-13,000407,23600,3.2432399999999997,3.25,76700.0
2025-03-13,000630,21100,3.25325,3.25,68575.0
2025-03-13,000420,17000,3.6436399999999995,3.61,61370.0
2025-03-13,000659,19200,2.9028999999999994,2.98,57216.0
2025-03-14,000060,10600,4.854849999999999,4.86,51516.0
2025-03-14,000407,23600,3.2432399999999997,3.3,77880.0
2025-03-14,000630,21100,3.25325,3.32,70052.0
2025-03-14,000420,17000,3.6436399999999995,3.62,61540.0
2025-03-14,000659,19200,2.9028999999999994,2.97,57024.00000000001
2025-03-14,000543,10600,7.01701,7.06,74836.0
2025-03-14,000532,4300,15.675659999999997,16.16,69488.0
2025-03-14,000415,18700,3.23323,3.36,62832.0
2025-03-14,000564,19000,2.87287,2.94,55860.0
2025-03-14,000048,3100,15.555539999999997,15.38,47678.0
2025-03-17,000407,23600,3.2432399999999997,3.36,79296.0
2025-03-17,000630,21100,3.25325,3.28,69208.0
2025-03-17,000420,17000,3.6436399999999995,3.65,62050.0
2025-03-17,000659,19200,2.9028999999999994,2.93,56256.0
2025-03-17,000543,10600,7.01701,7.06,74836.0
2025-03-17,000532,4300,15.675659999999997,16.21,69703.0
2025-03-17,000428,20400,3.2432399999999997,3.23,65892.0
2025-03-17,000636,3900,15.295279999999998,15.15,59085.0
2025-03-17,000567,8500,6.2762699999999985,6.22,52870.0
2025-03-17,000415,14300,3.3733699999999995,3.38,48334.0
2025-03-18,000543,10600,7.01701,7.03,74518.0
2025-03-18,000532,4300,15.675659999999997,16.23,69789.0
2025-03-18,000428,20400,3.2432399999999997,3.2,65280.0
2025-03-18,000636,3900,15.295279999999998,15.15,59085.0
2025-03-18,000567,8500,6.2762699999999985,6.18,52530.0
2025-03-18,000415,14300,3.3733699999999995,3.37,48191.0
2025-03-18,000593,12100,5.805799999999998,5.78,69938.0
2025-03-18,000069,25100,2.5225199999999997,2.47,61997.00000000001
2025-03-18,000546,11200,5.065059999999999,5.1,57119.99999999999
2025-03-18,000061,8000,6.386379999999999,6.3,50400.0
2025-03-19,000428,20400,3.2432399999999997,3.18,64872.0
2025-03-19,000636,3900,15.295279999999998,14.96,58344.0
2025-03-19,000567,8500,6.2762699999999985,6.17,52445.0
2025-03-19,000415,14300,3.3733699999999995,3.37,48191.0
2025-03-19,000593,12100,5.805799999999998,5.76,69696.0
2025-03-19,000069,25100,2.5225199999999997,2.46,61746.0
2025-03-19,000546,11200,5.065059999999999,5.04,56448.0
2025-03-19,000407,19700,3.35335,3.35,65995.0
2025-03-19,000530,9900,5.971250885599999,5.9950624,59351.11776
2025-03-19,000510,12700,4.2042,4.22,53594.0
2025-03-20,000593,12100,5.805799999999998,5.74,69454.0
2025-03-20,000546,11200,5.065059999999999,5.06,56671.99999999999
2025-03-20,000407,19700,3.35335,3.37,66389.0
2025-03-20,000530,9900,5.971250885599999,6.0446904,59842.434960000006
2025-03-20,000510,12700,4.2042,4.31,54736.99999999999
2025-03-20,000039,8600,8.88888,8.96,77056.00000000001
2025-03-20,000532,4200,16.156139999999997,16.12,67704.0
2025-03-20,000048,4100,14.884869999999998,14.83,60803.0
2025-03-20,000528,4700,11.777742376399999,11.77535168,55344.152896
2025-03-20,000582,6000,8.31831,8.24,49440.0
2025-03-21,000407,19700,3.35335,3.39,66783.0
2025-03-21,000510,12700,4.2042,4.21,53467.0
2025-03-21,000532,4200,16.156139999999997,15.8,66360.0
2025-03-21,000528,4700,11.777742376399999,11.70972472,55035.706184
2025-03-21,000582,6000,8.31831,8.19,49140.0
2025-03-21,000426,5600,13.953939999999998,13.69,76664.0
2025-03-21,000600,13400,5.255249999999999,5.35,71690.0
2025-03-21,000617,9900,6.366359999999999,6.31,62468.99999999999
2025-03-21,000048,3800,14.72471,14.5,55100.0
2025-03-21,000063,1400,35.42539,34.49,48286.0
2025-03-24,000528,4700,11.777742376399999,11.80347752,55476.344344
2025-03-24,000582,6000,8.31831,8.23,49380.0
2025-03-24,000600,13400,5.255249999999999,5.33,71422.0
2025-03-24,000617,9900,6.366359999999999,6.27,62072.99999999999
2025-03-24,000657,8200,9.98998,10.03,82246.0
2025-03-24,000048,5100,14.534519999999999,14.35,73185.0
2025-03-24,000526,1300,48.298249999999996,47.29,61477.0
2025-03-24,000547,7800,7.69769,7.48,58344.0
2025-03-24,000035,10900,4.96496,4.88,53192.0
2025-03-25,000617,9900,6.366359999999999,6.28,62172.0
2025-03-25,000657,8200,9.98998,10.06,82492.0
2025-03-25,000048,5100,14.534519999999999,14.79,75429.0
2025-03-25,000035,10900,4.96496,4.92,53628.0
2025-03-25,000528,6700,11.740203755279996,11.50346856,77073.239352
2025-03-25,000408,2100,33.47344,33.15,69615.0
2025-03-25,000060,12700,4.98498,4.97,63119.0
2025-03-25,000526,1200,47.217169999999996,49.24,59088.0
2025-03-25,000002,7200,7.177169999999999,7.19,51768.0
2025-03-26,000657,8200,9.98998,9.96,81672.0
2025-03-26,000035,10900,4.96496,4.88,53192.0
2025-03-26,000408,2100,33.47344,33.2,69720.0
2025-03-26,000060,12700,4.98498,4.95,62865.0
2025-03-26,000526,1200,47.217169999999996,48.49,58188.0
2025-03-26,000002,7200,7.177169999999999,7.2,51840.0
2025-03-26,000029,4400,15.15514,15.07,66308.0
2025-03-26,000628,1200,48.768719999999995,48.55,58260.0
2025-03-26,000063,1600,33.61357999999999,33.7,53920.00000000001
2025-03-26,000155,4400,11.231219999999999,11.32,49808.0
2025-03-27,000408,2100,33.47344,33.53,70413.0
2025-03-27,000060,12700,4.98498,4.89,62102.99999999999
2025-03-27,000526,1200,47.217169999999996,48.18,57816.0
2025-03-27,000002,7200,7.177169999999999,7.17,51624.0
2025-03-27,000029,4400,15.15514,15.35,67540.0
2025-03-27,000628,1200,48.768719999999995,48.65,58380.0
2025-03-27,000063,1600,33.61357999999999,33.95,54320.00000000001
2025-03-27,000155,4400,11.231219999999999,11.63,51172.0
2025-03-27,000633,9900,5.9059,5.97,59103.0
2025-03-27,000065,4800,10.800789999999997,10.59,50832.0
2025-03-28,000029,4400,15.15514,15.41,67804.0
2025-03-28,000628,1200,48.768719999999995,47.93,57516.0
2025-03-28,000063,1600,33.61357999999999,34.06,54496.0
2025-03-28,000155,4400,11.231219999999999,11.16,49104.0
2025-03-28,000048,5000,16.416399999999996,16.24,81199.99999999999
2025-03-28,000506,13700,5.41541,5.47,74939.0
2025-03-28,000566,14100,4.714709999999999,4.61,65001.00000000001
2025-03-28,000603,3700,15.86585,15.7,58090.0
2025-03-28,000564,19700,2.75275,2.68,52796.0
2025-03-31,000048,5000,16.416399999999996,16.66,83300.0
2025-03-31,000546,21100,4.57457,4.47,94317.0
2025-03-31,000564,32800,2.6526499999999995,2.67,87576.0
2025-03-31,000526,1600,47.12708,47.48,75968.0
2025-03-31,000338,4500,15.595579999999996,15.71,70695.0
2025-03-31,000021,3400,18.488469999999996,18.22,61947.99999999999
2025-04-01,000546,21100,4.57457,4.55,96005.0
2025-04-01,000564,32800,2.6526499999999995,2.65,86920.0
2025-04-01,000526,1600,47.12708,47.7,76320.0
2025-04-01,000338,4500,15.595579999999996,15.26,68670.0
2025-04-01,000021,3400,18.488469999999996,18.21,61914.0
2025-04-01,000039,7600,8.618609999999999,8.48,64448.0
2025-04-01,000528,5600,10.55773719,10.6878192,59851.78752
2025-04-01,000408,1500,33.5335,34.53,51795.0
2025-04-01,000572,12200,3.9639599999999997,4.06,49531.99999999999
2025-04-01,000543,6100,7.15715,7.42,45262.0
2025-04-02,000546,21100,4.57457,4.48,94528.00000000001
2025-04-02,000564,32800,2.6526499999999995,2.67,87576.0
2025-04-02,000526,1600,47.12708,47.78,76448.0
2025-04-02,000021,3400,18.488469999999996,18.25,62050.0
2025-04-02,000039,7600,8.618609999999999,8.39,63764.00000000001
2025-04-02,000528,5600,10.55773719,10.8753248,60901.81888
2025-04-02,000408,1500,33.5335,33.87,50804.99999999999
2025-04-02,000572,12200,3.9639599999999997,4.03,49166.0
2025-04-02,000543,6100,7.15715,7.32,44652.0
2025-04-02,000069,18300,2.5125099999999994,2.45,44835.0
2025-04-03,000528,5600,10.55773719,10.56594056,59169.267135999995
2025-04-03,000408,1500,33.5335,33.65,50475.0
2025-04-03,000572,12200,3.9639599999999997,3.99,48678.0
2025-04-03,000543,6100,7.15715,7.4,45140.0
2025-04-03,000063,2400,34.01398,34.14,81936.0
2025-04-03,000415,23800,3.2132099999999992,3.13,74494.0
2025-04-03,000039,8200,8.31831,8.21,67322.0
2025-04-03,000620,36900,1.6816799999999998,1.69,62361.0
2025-04-03,000069,22900,2.4424399999999995,2.51,57478.99999999999
2025-04-07,000408,1500,33.5335,30.04,45060.0
2025-04-07,000063,3000,31.81178,30.66,91980.0
2025-04-07,000058,11300,7.817809999999999,7.46,84298.0
2025-04-07,000505,12900,6.186179999999999,6.35,81915.0
2025-04-07,000506,13200,5.41541,5.41,71412.0
2025-04-07,000069,26600,2.43243,2.26,60115.99999999999
2025-04-09,000629,39400,2.5325299999999995,2.62,103228.0
2025-04-09,000567,17900,5.15515,5.4,96660.0
2025-04-09,000630,30800,2.7027,2.76,85008.0
2025-04-09,000582,9100,8.15815,9.07,82537.0
2025-04-09,000002,10000,6.7067,7.06,70600.0
2025-04-10,000060,22800,4.37437,4.37,99636.0
2025-04-10,000657,10400,9.039029999999999,8.98,93392.0
2025-04-10,000155,8400,10.130119999999998,9.98,83832.0
2025-04-10,000338,5200,14.514499999999998,14.58,75816.0
2025-04-10,000100,18000,3.8338300000000003,3.88,69840.0
2025-04-11,000060,22800,4.37437,4.37,99636.0
2025-04-11,000657,10400,9.039029999999999,8.98,93392.0
2025-04-11,000155,8400,10.130119999999998,9.93,83412.0
2025-04-11,000338,5200,14.514499999999998,14.9,77480.0
2025-04-11,000100,18000,3.8338300000000003,3.84,69120.0
2025-04-11,000506,11100,5.555549999999999,5.57,61827.0
2025-04-11,000078,24600,2.27227,2.27,55842.0
2025-04-11,000411,5100,9.72972,9.69,49419.0
2025-04-14,000060,22800,4.37437,4.44,101232.00000000001
2025-04-14,000657,10400,9.039029999999999,9.34,97136.0
2025-04-14,000155,8400,10.130119999999998,10.25,86100.0
2025-04-14,000338,5200,14.514499999999998,14.72,76544.0
2025-04-14,000100,18000,3.8338300000000003,3.86,69480.0
2025-04-14,000078,24600,2.27227,2.32,57071.99999999999
2025-04-14,000411,5100,9.72972,9.88,50388.00000000001
2025-04-14,000069,21300,2.43243,2.42,51546.0
2025-04-14,000061,6800,6.806799999999999,7.01,47668.0
2025-04-14,000002,5900,7.067059999999999,7.05,41595.0
2025-04-15,000078,24600,2.27227,2.31,56826.0
2025-04-15,000411,5100,9.72972,9.98,50898.0
2025-04-15,000069,21300,2.43243,2.39,50907.0
2025-04-15,000061,6800,6.806799999999999,6.87,46716.0
2025-04-15,000002,5900,7.067059999999999,6.99,41241.0
2025-04-15,000567,13400,6.036029999999999,5.91,79194.0
2025-04-15,000523,21300,3.4134100000000003,3.44,73272.0
2025-04-15,000017,11200,5.815809999999999,5.88,65856.0
2025-04-15,000663,10400,5.65565,5.62,58448.0
2025-04-15,000620,32600,1.6316299999999997,1.6,52160.0
2025-04-16,000069,21300,2.43243,2.42,51546.0
2025-04-16,000002,5900,7.067059999999999,7.04,41536.0
2025-04-16,000523,21300,3.4134100000000003,3.42,72846.0
2025-04-16,000017,11200,5.815809999999999,5.93,66416.0
2025-04-16,000415,28100,2.9028999999999994,2.9,81490.0
2025-04-16,000021,4300,16.786769999999997,16.63,71509.0
2025-04-16,000629,24600,2.69269,2.66,65436.0
2025-04-16,000407,19300,3.08308,3.05,58865.0
2025-04-16,000636,4000,13.4134,13.15,52600.0
2025-04-17,000523,21300,3.4134100000000003,3.47,73911.0
2025-04-17,000415,28100,2.9028999999999994,2.87,80647.0
2025-04-17,000021,4300,16.786769999999997,16.58,71293.99999999999
2025-04-17,000629,24600,2.69269,2.65,65190.0
2025-04-17,000407,19300,3.08308,3.08,59444.0
2025-04-17,000636,4000,13.4134,13.15,52600.0
2025-04-17,000506,9900,6.456449999999999,6.22,61578.0
2025-04-17,000609,24300,2.39239,2.46,59778.0
2025-04-17,000049,2600,19.54953,19.57,50882.0
2025-04-17,000060,10600,4.44444,4.39,46534.0
2025-04-18,000415,28100,2.9028999999999994,2.86,80366.0
2025-04-18,000021,4300,16.786769999999997,16.66,71638.0
2025-04-18,000629,24600,2.69269,2.65,65190.0
2025-04-18,000407,19300,3.08308,3.07,59251.0
2025-04-18,000636,4000,13.4134,13.34,53360.0
2025-04-18,000609,24300,2.39239,2.35,57105.0
2025-04-18,000049,2600,19.54953,19.74,51323.99999999999
2025-04-18,000060,10600,4.44444,4.41,46746.0
2025-04-18,000526,1100,50.30024999999999,51.15,56265.0
2025-04-18,000523,14500,3.4634599999999995,3.44,49880.0
2025-04-21,000609,24300,2.39239,2.47,60021.00000000001
2025-04-21,000049,2600,19.54953,19.97,51922.0
2025-04-21,000060,10600,4.44444,4.58,48548.0
2025-04-21,000523,14500,3.4634599999999995,3.54,51330.0
2025-04-21,000551,9300,8.98898,9.18,85374.0
2025-04-21,000063,2300,32.032,32.27,74221.0
2025-04-21,000555,6500,10.520509999999998,10.87,70655.0
2025-04-21,000532,4300,14.25424,14.48,62264.0
2025-04-21,000065,5400,10.190179999999998,10.12,54647.99999999999
2025-04-22,000523,14500,3.4634599999999995,3.52,51040.0
2025-04-22,000551,9300,8.98898,9.32,86676.0
2025-04-22,000063,2300,32.032,31.74,73002.0
2025-04-22,000065,5400,10.190179999999998,10.19,55026.0
2025-04-22,000555,7100,11.101090000000001,11.13,79023.0
2025-04-22,000665,15300,4.684679999999999,4.64,70992.0
2025-04-22,000021,3800,16.986969999999996,16.95,64410.0
2025-04-22,000049,2900,20.009989999999995,19.94,57826.00000000001
2025-04-22,000663,9300,5.605599999999999,5.64,52452.0
2025-04-23,000063,2300,32.032,32.08,73784.0
2025-04-23,000555,7100,11.101090000000001,11.14,79094.0
2025-04-23,000665,15300,4.684679999999999,4.65,71145.0
2025-04-23,000021,3800,16.986969999999996,17.18,65284.0
2025-04-23,000049,2900,20.009989999999995,20.52,59508.0
2025-04-23,000663,9300,5.605599999999999,5.64,52452.0
2025-04-23,000561,9000,7.39739,7.36,66240.0
2025-04-23,000036,16100,3.7337299999999995,3.75,60375.0
2025-04-23,000523,15300,3.5335299999999994,3.47,53091.0
2025-04-23,000069,19400,2.5125099999999994,2.45,47530.0
2025-04-24,000021,3800,16.986969999999996,16.92,64296.00000000001
2025-04-24,000049,2900,20.009989999999995,20.43,59247.0
2025-04-24,000663,9300,5.605599999999999,5.58,51894.0
2025-04-24,000561,9000,7.39739,7.26,65340.0
2025-04-24,000036,16100,3.7337299999999995,3.69,59409.0
2025-04-24,000523,15300,3.5335299999999994,3.46,52938.0
2025-04-24,000063,2200,32.04201,31.57,69454.0
2025-04-24,000665,13700,4.63463,4.51,61787.0
2025-04-24,000545,28500,2.002,1.97,56145.0
2025-04-24,000403,3100,16.516499999999997,16.84,52204.0
2025-04-25,000561,9000,7.39739,7.25,65250.0
2025-04-25,000036,16100,3.7337299999999995,3.67,59087.0
2025-04-25,000523,15300,3.5335299999999994,3.44,52632.0
2025-04-25,000063,2200,32.04201,31.62,69564.0
2025-04-25,000665,13700,4.63463,4.54,62198.0
2025-04-25,000545,28500,2.002,1.98,56430.0
2025-04-25,000403,3100,16.516499999999997,16.38,50778.0
2025-04-25,000408,1900,33.643609999999995,33.5,63650.0
2025-04-25,000663,10200,5.635629999999999,5.52,56303.99999999999
2025-04-25,000021,3000,17.10709,17.09,51270.0
2025-04-28,000063,2200,32.04201,31.38,69036.0
2025-04-28,000403,3100,16.516499999999997,16.42,50902.00000000001
2025-04-28,000408,1900,33.643609999999995,33.88,64372.00000000001
2025-04-28,000021,3000,17.10709,16.93,50790.0
2025-04-28,000663,14600,5.545539999999999,5.42,79132.0
2025-04-28,000002,10500,6.976969999999999,6.83,71715.0
2025-04-28,000633,13100,5.015009999999999,4.99,65369.0
2025-04-28,000657,6200,9.49949,9.37,58093.99999999999
2025-04-28,000628,1100,46.02597999999999,45.3,49830.0
2025-04-29,000408,1900,33.643609999999995,33.34,63346.00000000001
2025-04-29,000021,3000,17.10709,17.11,51330.0
2025-04-29,000002,10500,6.976969999999999,6.81,71505.0
2025-04-29,000633,13100,5.015009999999999,5.05,66155.0
2025-04-29,000657,6200,9.49949,9.39,58218.0
2025-04-29,000628,1100,46.02597999999999,45.83,50413.0
2025-04-29,000058,8500,7.947939999999999,8.04,68340.0
2025-04-29,000665,14000,4.384379999999999,4.48,62720.00000000001
2025-04-29,000546,13500,4.09409,4.2,56700.0
2025-04-29,000411,5000,9.8098,9.85,49250.0
2025-04-30,000633,13100,5.015009999999999,5.13,67203.0
2025-04-30,000657,6200,9.49949,9.39,58218.0
2025-04-30,000628,1100,46.02597999999999,46.52,51172.0
2025-04-30,000058,8500,7.947939999999999,8.19,69615.0
2025-04-30,000546,13500,4.09409,4.25,57375.0
2025-04-30,000411,5000,9.8098,9.79,48949.99999999999
2025-04-30,000032,3200,21.811789999999995,22.49,71968.0
2025-04-30,000100,15900,3.95395,4.01,63759.0
2025-04-30,000567,10400,5.435429999999999,5.43,56472.0
2025-04-30,000533,9100,5.59559,5.73,52143.00000000001
2025-05-06,000411,5000,9.8098,9.97,49850.0
2025-05-06,000100,15900,3.95395,4.15,65985.0
2025-05-06,000063,2900,32.262229999999995,32.76,95004.0
2025-05-06,000530,16300,5.2459575168,5.3697496,87526.91848
2025-05-06,000532,5400,14.25424,14.59,78786.0
2025-05-06,000006,11000,6.32632,6.46,71060.0
2025-05-06,000536,14300,4.384379999999999,4.63,66209.0
2025-05-07,000063,2900,32.262229999999995,32.68,94772.0
2025-05-07,000530,16300,5.2459575168,5.359824,87365.13119999999
2025-05-07,000021,4900,18.32831,18.0,88200.0
2025-05-07,000100,19300,4.19419,4.12,79516.0
2025-05-07,000426,5400,13.343329999999998,13.26,71604.0
2025-05-07,000006,10000,6.556549999999999,6.56,65600.0
2025-05-07,000039,7600,7.6876799999999985,7.55,57380.0
2025-05-08,000063,2900,32.262229999999995,33.06,95874.0
2025-05-08,000021,4900,18.32831,18.06,88494.0
2025-05-08,000100,19300,4.19419,4.12,79516.0
2025-05-08,000426,5400,13.343329999999998,13.05,70470.0
2025-05-08,000006,10000,6.556549999999999,6.66,66600.0
2025-05-08,000039,7600,7.6876799999999985,7.62,57912.0
2025-05-08,000078,26500,2.3423399999999996,2.33,61745.0
2025-05-08,000029,3500,15.875859999999998,16.15,56524.99999999999
2025-05-08,000408,1400,33.95392,33.31,46634.0
2025-05-08,000629,17200,2.6526499999999995,2.66,45752.0
2025-05-09,000100,19300,4.19419,4.13,79709.0
2025-05-09,000006,10000,6.556549999999999,6.44,64400.00000000001
2025-05-09,000039,7600,7.6876799999999985,7.52,57152.0
2025-05-09,000078,26500,2.3423399999999996,2.32,61479.99999999999
2025-05-09,000408,1400,33.95392,34.08,47712.0
2025-05-09,000629,17200,2.6526499999999995,2.63,45236.0
2025-05-09,000547,9500,7.527519999999999,7.4,70300.0
2025-05-09,000659,18800,3.4534499999999997,3.34,62792.0
2025-05-09,000007,8300,6.976969999999999,7.1,58930.0
2025-05-09,000561,6500,8.078069999999999,8.07,52455.0
2025-05-12,000078,26500,2.3423399999999996,2.33,61745.0
2025-05-12,000408,1400,33.95392,33.84,47376.00000000001
2025-05-12,000629,17200,2.6526499999999995,2.65,45580.0
2025-05-12,000547,9500,7.527519999999999,7.65,72675.0
2025-05-12,000007,8300,6.976969999999999,7.11,59013.0
2025-05-12,000659,23500,3.3733699999999995,3.28,77080.0
2025-05-12,000029,4200,16.8168,16.52,69384.0
2025-05-12,000014,5800,11.031019999999998,10.91,63278.0
2025-05-12,000520,12700,4.554549999999999,4.63,58801.0
2025-05-12,000571,11600,4.48448,4.65,53940.00000000001
2025-05-13,000547,9500,7.527519999999999,7.5,71250.0
2025-05-13,000029,4200,16.8168,17.16,72072.0
2025-05-13,000014,5800,11.031019999999998,10.91,63278.0
2025-05-13,000100,20400,4.3043,4.19,85476.00000000001
2025-05-13,000039,9800,8.028019999999998,7.85,76930.0
2025-05-13,000070,10800,6.58658,6.42,69336.0
2025-05-13,000035,14000,4.564559999999999,4.47,62580.0
2025-05-13,000049,2600,21.901879999999995,21.48,55848.0
2025-05-14,000029,4200,16.8168,17.15,72030.0
2025-05-14,000039,9800,8.028019999999998,8.18,80164.0
2025-05-14,000049,2600,21.901879999999995,21.41,55666.0
2025-05-14,000630,28600,3.0330299999999997,3.07,87802.0
2025-05-14,000400,3600,21.711689999999997,21.64,77904.0
2025-05-14,000533,11800,5.935929999999999,5.95,70210.0
2025-05-14,000558,16300,3.8838799999999996,3.9,63570.0
2025-05-14,000063,1700,32.83279999999999,33.0,56100.0
2025-05-15,000630,28600,3.0330299999999997,3.01,86086.0
2025-05-15,000400,3600,21.711689999999997,21.47,77292.0
2025-05-15,000533,11800,5.935929999999999,5.81,68558.0
2025-05-15,000558,16300,3.8838799999999996,3.93,64059.0
2025-05-15,000063,1700,32.83279999999999,32.17,54689.0
2025-05-15,000039,8600,8.38838,8.22,70692.0
2025-05-15,000600,10400,6.246239999999999,6.03,62712.0
2025-05-15,000060,12900,4.53453,4.49,57921.0
2025-05-15,000061,8000,6.556549999999999,6.5,52000.0
2025-05-15,000419,9000,5.285279999999999,5.29,47610.0
2025-05-16,000630,28600,3.0330299999999997,2.98,85228.0
2025-05-16,000400,3600,21.711689999999997,21.3,76680.0
2025-05-16,000533,11800,5.935929999999999,5.88,69384.0
2025-05-16,000063,1700,32.83279999999999,32.13,54621.00000000001
2025-05-16,000060,12900,4.53453,4.46,57534.0
2025-05-16,000061,8000,6.556549999999999,6.44,51520.0
2025-05-16,000419,9000,5.285279999999999,5.23,47070.00000000001
2025-05-16,000039,7500,8.27827,8.05,60375.00000000001
2025-05-16,000612,8400,6.716709999999999,6.75,56700.0
2025-05-16,000536,11400,4.434429999999999,4.5,51300.0
2025-05-19,000060,12900,4.53453,4.45,57405.0
2025-05-19,000061,8000,6.556549999999999,6.54,52320.0
2025-05-19,000419,9000,5.285279999999999,5.35,48150.0
2025-05-19,000536,11400,4.434429999999999,4.59,52326.0
2025-05-19,000628,1700,47.99795,49.59,84303.0
2025-05-19,000415,23900,3.2632599999999994,3.3,78870.0
2025-05-19,000014,6300,11.121109999999998,11.88,74844.0
2025-05-19,000555,5700,11.011,11.1,63270.0
2025-05-19,000411,5400,10.430419999999998,10.44,56376.0
2025-05-20,000415,23900,3.2632599999999994,3.28,78392.0
2025-05-20,000555,5700,11.011,11.23,64011.0
2025-05-20,000411,5400,10.430419999999998,10.47,56538.0
2025-05-20,000534,6000,14.694679999999998,14.97,89820.0
2025-05-20,000058,9400,8.39839,8.45,79430.0
2025-05-20,000070,10800,6.626619999999998,6.62,71496.0
2025-05-20,000592,20700,3.1031,3.1,64170.0
2025-05-20,000400,2600,21.611589999999996,21.86,56836.0
2025-05-21,000555,5700,11.011,11.15,63555.0
2025-05-21,000411,5400,10.430419999999998,10.47,56538.0
2025-05-21,000534,6000,14.694679999999998,14.76,88560.0
2025-05-21,000070,10800,6.626619999999998,6.65,71820.0
2025-05-21,000592,20700,3.1031,3.07,63549.0
2025-05-21,000400,2600,21.611589999999996,21.56,56056.0
2025-05-21,000007,9100,7.53753,7.66,69706.0
2025-05-21,000530,11200,5.514216708,5.4789312,61364.02944
2025-05-21,000505,8400,6.576569999999999,6.53,54852.0
2025-05-21,000528,5300,9.450347866959998,9.4221564,49937.428920000006
2025-05-22,000070,10800,6.626619999999998,6.61,71388.0
2025-05-22,000400,2600,21.611589999999996,21.29,55354.0
2025-05-22,000505,8400,6.576569999999999,6.4,53760.0
2025-05-22,000528,5300,9.450347866959998,9.37528,49688.984
2025-05-22,000526,1500,54.93487999999999,53.0,79500.0
2025-05-22,000600,12200,6.296289999999998,6.17,75274.0
2025-05-22,000630,22900,3.0130099999999995,2.98,68242.0
2025-05-22,000058,7200,8.57857,8.41,60552.0
2025-05-22,000555,5000,11.091079999999998,10.91,54550.0
2025-05-23,000528,5300,9.450347866959998,9.30965304,49341.161112
2025-05-23,000600,12200,6.296289999999998,6.31,76982.0
2025-05-23,000630,22900,3.0130099999999995,2.95,67555.0
2025-05-23,000555,5000,11.091079999999998,11.03,55150.0
2025-05-23,000571,18300,4.48448,4.41,80703.0
2025-05-23,000415,21600,3.43343,3.35,72360.0
2025-05-23,000029,3600,18.108089999999997,17.92,64512.00000000001
2025-05-23,000665,12000,5.015009999999999,4.8,57600.0
2025-05-23,000523,16400,3.3133099999999995,3.24,53136.0
2025-05-26,000630,22900,3.0130099999999995,2.98,68242.0
2025-05-26,000555,5000,11.091079999999998,11.09,55450.0
2025-05-26,000571,18300,4.48448,4.6,84180.0
2025-05-26,000029,3600,18.108089999999997,17.72,63791.99999999999
2025-05-26,000523,16400,3.3133099999999995,3.28,53792.0
2025-05-26,000528,8000,9.30957803776,9.27215192,74177.21536
2025-05-26,000534,4800,13.953939999999996,14.04,67392.0
2025-05-26,000065,5800,10.3103,10.35,60030.0
2025-05-26,000338,3700,14.514499999999998,14.29,52873.0
2025-05-26,000657,4600,10.520509999999998,10.49,48254.0
2025-05-27,000571,18300,4.48448,4.5,82350.0
2025-05-27,000029,3600,18.108089999999997,17.88,64368.0
2025-05-27,000523,16400,3.3133099999999995,3.35,54940.0
2025-05-27,000528,8000,9.30957803776,9.17839912,73427.19296
2025-05-27,000534,4800,13.953939999999996,13.96,67008.0
2025-05-27,000065,5800,10.3103,10.24,59392.0
2025-05-27,000657,4600,10.520509999999998,10.34,47564.0
2025-05-27,000408,1700,35.255219999999994,35.17,59789.0
2025-05-27,000547,7600,7.377369999999999,7.33,55708.0
2025-05-27,000506,6600,7.607599999999998,7.49,49434.0
2025-05-28,000528,8000,9.30957803776,9.2346508,73877.20640000001
2025-05-28,000534,4800,13.953939999999996,13.84,66432.0
2025-05-28,000065,5800,10.3103,10.23,59334.0
2025-05-28,000657,4600,10.520509999999998,10.6,48760.0
2025-05-28,000408,1700,35.255219999999994,34.39,58463.0
2025-05-28,000547,7600,7.377369999999999,7.25,55100.0
2025-05-28,000506,6600,7.607599999999998,7.43,49038.0
2025-05-28,000400,3100,20.920899999999996,20.93,64883.0
2025-05-28,000505,9100,6.436429999999999,6.4,58240.0
2025-05-28,000029,2900,17.78777,17.69,51301.00000000001
2025-05-29,000547,7600,7.377369999999999,7.41,56316.0
2025-05-29,000400,3100,20.920899999999996,21.2,65720.0
2025-05-29,000505,9100,6.436429999999999,6.43,58513.0
2025-05-29,000524,7900,11.131119999999997,11.37,89823.0
2025-05-29,000014,6800,11.6116,11.95,81260.0
2025-05-29,000029,4000,17.757739999999995,18.16,72640.0
2025-05-29,000558,16500,3.9239199999999994,3.96,65340.0
2025-05-29,000417,10400,5.565559999999999,5.57,57928.0
2025-05-30,000400,3100,20.920899999999996,20.88,64728.0
2025-05-30,000505,9100,6.436429999999999,6.39,58149.0
2025-05-30,000524,7900,11.131119999999997,11.25,88875.0
2025-05-30,000014,6800,11.6116,11.86,80648.0
2025-05-30,000558,16500,3.9239199999999994,3.91,64515.0
2025-05-30,000417,10400,5.565559999999999,5.47,56888.0
2025-05-30,000069,27600,2.3723699999999996,2.37,65412.0
2025-05-30,000571,12600,4.674669999999999,4.57,57582.0
2025-05-30,000032,2700,19.67966,19.41,52407.0
2025-05-30,000665,9400,5.065059999999999,4.97,46718.0
2025-06-03,000524,7900,11.131119999999997,11.35,89665.0
2025-06-03,000014,6800,11.6116,11.58,78744.0
2025-06-03,000558,16500,3.9239199999999994,4.02,66330.0
2025-06-03,000417,10400,5.565559999999999,5.53,57512.0
2025-06-03,000069,27600,2.3723699999999996,2.33,64308.0
2025-06-03,000032,2700,19.67966,19.6,52920.00000000001
2025-06-03,000029,3300,19.719699999999996,19.62,64746.0
2025-06-03,000403,3500,16.82681,17.08,59779.99999999999
2025-06-03,000411,5000,10.570559999999999,10.65,53250.0
2025-06-03,000007,6100,7.837829999999999,8.07,49227.0
2025-06-04,000069,27600,2.3723699999999996,2.36,65136.0
2025-06-04,000032,2700,19.67966,19.82,53514.0
2025-06-04,000403,3500,16.82681,17.26,60410.00000000001
2025-06-04,000411,5000,10.570559999999999,10.73,53650.0
2025-06-04,000061,12700,6.57657,6.65,84455.0
2025-06-04,000617,11100,6.756749999999999,6.76,75036.0
2025-06-04,000612,9700,7.017009999999999,7.12,69064.0
2025-06-04,000428,18900,3.2432399999999997,3.29,62181.0
2025-06-04,000070,8200,6.686679999999999,6.83,56006.0
2025-06-05,000403,3500,16.82681,16.96,59360.0
2025-06-05,000411,5000,10.570559999999999,10.63,53150.00000000001
2025-06-05,000061,12700,6.57657,6.57,83439.0
2025-06-05,000617,11100,6.756749999999999,6.83,75813.0
2025-06-05,000612,9700,7.017009999999999,7.18,69646.0
2025-06-05,000428,18900,3.2432399999999997,3.28,61991.99999999999
2025-06-05,000070,8200,6.686679999999999,6.85,56170.0
2025-06-05,000600,9000,6.82682,6.58,59220.0
2025-06-05,000567,9700,5.69569,5.66,54902.0
2025-06-05,000060,11100,4.46446,4.43,49173.0
2025-06-06,000403,3500,16.82681,16.82681,58893.83499999999
2025-06-06,000061,12700,6.57657,6.65,84455.0
2025-06-06,000617,11100,6.756749999999999,6.76,75036.0
2025-06-06,000428,18900,3.2432399999999997,3.26,61613.99999999999
2025-06-06,000567,9700,5.69569,5.71,55387.0
2025-06-06,000060,11100,4.46446,4.5,49950.0
2025-06-06,000610,5500,12.552539999999997,12.58,69190.0
2025-06-06,000532,4100,15.105089999999999,15.08,61828.0
2025-06-06,000612,7700,7.217209999999999,7.35,56595.0
2025-06-06,000600,7600,6.566559999999999,6.63,50388.0
2025-06-09,000403,3500,16.82681,16.82681,58893.83499999999
2025-06-09,000567,9700,5.69569,5.78,56066.0
2025-06-09,000060,11100,4.46446,4.49,49839.0
2025-06-09,000610,5500,12.552539999999997,12.78,70290.0
2025-06-09,000612,7700,7.217209999999999,7.36,56672.0
2025-06-09,000600,7600,6.566559999999999,6.67,50692.0
2025-06-09,000070,10400,7.057049999999999,7.04,73216.0
2025-06-09,000532,4400,15.105089999999999,16.17,71148.00000000001
2025-06-09,000408,1700,35.135099999999994,35.1,59670.0
2025-06-09,000603,3600,14.844829999999998,15.61,56196.0
2025-06-10,000612,7700,7.217209999999999,7.25,55825.0
2025-06-10,000600,7600,6.566559999999999,6.76,51376.0
2025-06-10,000070,10400,7.057049999999999,7.05,73320.0
2025-06-10,000408,1700,35.135099999999994,35.79,60843.0
2025-06-10,000551,8100,10.460449999999998,10.51,85131.0
2025-06-10,000505,11800,6.486479999999999,6.56,77408.0
2025-06-10,000620,40300,1.71171,1.69,68107.0
2025-06-10,000338,4200,14.714699999999997,14.55,61110.0
2025-06-10,000400,2600,21.471449999999997,21.03,54678.0
2025-06-11,000070,10400,7.057049999999999,7.13,74152.0
2025-06-11,000551,8100,10.460449999999998,10.55,85455.0
2025-06-11,000505,11800,6.486479999999999,6.5,76700.0
2025-06-11,000620,40300,1.71171,1.69,68107.0
2025-06-11,000338,4200,14.714699999999997,14.6,61320.0
2025-06-11,000400,2600,21.471449999999997,21.14,54964.0
2025-06-11,000408,1800,36.01597999999999,37.27,67086.0
2025-06-11,000600,8900,6.786779999999999,6.73,59897.00000000001
2025-06-11,000593,9200,5.945939999999999,6.0,55200.0
2025-06-11,000021,2800,17.3173,17.12,47936.0
2025-06-12,000551,8100,10.460449999999998,10.44,84564.0
2025-06-12,000505,11800,6.486479999999999,6.42,75756.0
2025-06-12,000338,4200,14.714699999999997,14.83,62286.0
2025-06-12,000400,2600,21.471449999999997,20.98,54548.0
2025-06-12,000600,8900,6.786779999999999,6.7,59630.0
2025-06-12,000593,9200,5.945939999999999,5.99,55108.0
2025-06-12,000021,2800,17.3173,17.07,47796.0
2025-06-12,000408,1700,37.49746,38.19,64922.99999999999
2025-06-12,000007,7100,8.24824,8.18,58078.0
2025-06-12,000058,6500,8.15815,8.21,53365.00000000001
2025-06-13,000600,8900,6.786779999999999,6.7,59630.0
2025-06-13,000593,9200,5.945939999999999,5.92,54464.0
2025-06-13,000408,1700,37.49746,37.96,64532.0
2025-06-13,000058,6500,8.15815,7.99,51935.0
2025-06-13,000559,11000,7.757749999999999,7.44,81840.0
2025-06-13,000628,1800,42.79275,42.08,75744.0
2025-06-13,000070,9600,7.177169999999999,7.16,68736.0
2025-06-13,000629,24600,2.54254,2.53,62237.99999999999
2025-06-13,000007,6900,8.13813,7.94,54786.0
2025-06-16,000408,1700,37.49746,38.32,65144.0
2025-06-16,000058,6500,8.15815,8.01,52065.0
2025-06-16,000628,1800,42.79275,42.21,75978.0
2025-06-16,000070,9600,7.177169999999999,7.17,68832.0
2025-06-16,000629,24600,2.54254,2.52,61992.0
2025-06-16,000523,22700,3.3433399999999995,3.32,75364.0
2025-06-16,000039,8800,7.727719999999999,7.66,67408.0
2025-06-16,000617,8800,6.936929999999999,7.01,61688.0
2025-06-16,000032,2900,19.059039999999996,19.35,56115.00000000001
2025-06-16,000007,6200,7.937929999999999,7.86,48732.0
2025-06-17,000628,1800,42.79275,42.1,75780.0
2025-06-17,000070,9600,7.177169999999999,7.4,71040.0
2025-06-17,000629,24600,2.54254,2.54,62484.0
2025-06-17,000523,22700,3.3433399999999995,3.31,75137.0
2025-06-17,000039,8800,7.727719999999999,7.64,67232.0
2025-06-17,000617,8800,6.936929999999999,7.17,63096.0
2025-06-17,000032,2900,19.059039999999996,19.18,55622.0
2025-06-17,000007,6200,7.937929999999999,7.93,49166.0
2025-06-17,000408,1400,38.36832999999999,38.27,53578.00000000001
2025-06-17,000543,7200,7.107099999999999,7.12,51264.0
2025-06-18,000523,22700,3.3433399999999995,3.27,74229.0
2025-06-18,000039,8800,7.727719999999999,7.57,66616.0
2025-06-18,000032,2900,19.059039999999996,19.07,55303.0
2025-06-18,000007,6200,7.937929999999999,7.86,48732.0
2025-06-18,000408,1400,38.36832999999999,38.4,53760.0
2025-06-18,000543,7200,7.107099999999999,7.17,51624.0
2025-06-18,000070,9900,7.407399999999999,7.28,72072.0
2025-06-18,000400,3100,20.760739999999995,20.83,64572.99999999999
2025-06-18,000063,1800,31.531499999999998,31.51,56718.0
2025-06-18,000632,14300,3.7537499999999997,3.7,52910.0
2025-06-19,000408,1400,38.36832999999999,38.39,53746.0
2025-06-19,000543,7200,7.107099999999999,7.05,50760.0
2025-06-19,000400,3100,20.760739999999995,20.43,63333.0
2025-06-19,000063,1800,31.531499999999998,31.19,56142.0
2025-06-19,000021,4900,17.04703,16.82,82418.0
2025-06-19,000630,24800,3.09309,3.05,75640.0
2025-06-19,000632,18500,3.71371,3.61,66785.0
2025-06-19,000403,3300,18.348329999999997,18.27,60291.0
2025-06-19,000610,4400,12.522509999999999,12.38,54472.0
2025-06-20,000063,1800,31.531499999999998,30.96,55728.0
2025-06-20,000021,4900,17.04703,16.58,81241.99999999999
2025-06-20,000630,24800,3.09309,3.05,75640.0
2025-06-20,000403,3300,18.348329999999997,18.31,60422.99999999999
2025-06-20,000610,4400,12.522509999999999,12.33,54252.0
2025-06-20,000524,6500,11.301289999999996,11.2,72800.0
2025-06-20,000582,8300,7.99799,8.03,66649.0
2025-06-20,000620,38100,1.57157,1.56,59436.0
2025-06-20,000559,7500,7.107099999999999,7.04,52800.0
2025-06-20,000564,21700,2.23223,2.18,47306.0
2025-06-23,000630,24800,3.09309,3.06,75888.0
2025-06-23,000403,3300,18.348329999999997,18.33,60488.99999999999
2025-06-23,000610,4400,12.522509999999999,12.4,54560.0
2025-06-23,000524,6500,11.301289999999996,11.23,72995.0
2025-06-23,000582,8300,7.99799,8.23,68309.0
2025-06-23,000620,38100,1.57157,1.58,60198.0
2025-06-23,000559,7500,7.107099999999999,7.11,53325.0
2025-06-23,000426,4100,15.095079999999998,15.22,62402.0
2025-06-23,000029,2900,18.98897,18.98,55042.0
2025-06-23,000564,23300,2.15215,2.19,51027.0
2025-06-24,000524,6500,11.301289999999996,11.5,74750.0
2025-06-24,000582,8300,7.99799,8.14,67562.0
2025-06-24,000620,38100,1.57157,1.6,60960.0
2025-06-24,000559,7500,7.107099999999999,7.35,55125.0
2025-06-24,000426,4100,15.095079999999998,15.18,62238.0
2025-06-24,000029,2900,18.98897,19.48,56492.0
2025-06-24,000032,3700,18.77876,19.25,71225.0
2025-06-24,000546,13100,4.774769999999999,4.94,64714.00000000001
2025-06-24,000408,1400,38.96892999999999,39.75,55650.0
2025-06-24,000628,1200,41.30125999999999,42.07,50484.0
2025-06-25,000426,4100,15.095079999999998,15.23,62443.0
2025-06-25,000029,2900,18.98897,19.27,55883.0
2025-06-25,000546,13100,4.774769999999999,4.93,64582.99999999999
2025-06-25,000408,1400,38.96892999999999,39.72,55608.0
2025-06-25,000628,1200,41.30125999999999,42.55,51060.0
2025-06-25,000049,3500,22.30228,22.56,78960.0
2025-06-25,000415,22000,3.24324,3.39,74580.0
2025-06-25,000629,25300,2.54254,2.55,64514.99999999999
2025-06-25,000536,13200,4.39439,4.38,57816.0
2025-06-25,000551,5000,10.290279999999997,10.48,52400.0
2025-06-26,000408,1400,38.96892999999999,39.55,55369.99999999999
2025-06-26,000049,3500,22.30228,22.62,79170.0
2025-06-26,000415,22000,3.24324,3.34,73480.0
2025-06-26,000629,25300,2.54254,2.54,64262.0
2025-06-26,000536,13200,4.39439,4.38,57816.0
2025-06-26,000551,5000,10.290279999999997,10.46,52300.00000000001
2025-06-26,000039,9100,7.697689999999999,7.7,70070.0
2025-06-26,000628,1400,42.592549999999996,42.39,59346.0
2025-06-26,000528,6200,9.29186106849,9.17654696,56894.591152
2025-06-26,000021,2800,17.987969999999997,18.04,50512.0
2025-06-27,000629,25300,2.54254,2.55,64514.99999999999
2025-06-27,000536,13200,4.39439,4.39,57947.99999999999
2025-06-27,000551,5000,10.290279999999997,10.53,52650.0
2025-06-27,000039,9100,7.697689999999999,7.7,70070.0
2025-06-27,000628,1400,42.592549999999996,42.47,59458.0
2025-06-27,000528,6200,9.29186106849,9.20546465,57073.880829999995
2025-06-27,000021,2800,17.987969999999997,18.28,51184.0
2025-06-27,000639,21300,3.2032000000000003,3.22,68586.0
2025-06-27,000426,3900,15.57556,16.0,62400.0
2025-06-27,000532,3600,15.245230000000001,15.26,54936.0
2025-06-30,000039,9100,7.697689999999999,7.69,69979.0
2025-06-30,000628,1400,42.592549999999996,42.48,59471.99999999999
2025-06-30,000528,6200,9.29186106849,9.26330003,57432.460186
2025-06-30,000021,2800,17.987969999999997,18.52,51856.0
2025-06-30,000639,21300,3.2032000000000003,3.22,68586.0
2025-06-30,000426,3900,15.57556,15.73,61347.0
2025-06-30,000532,3600,15.245230000000001,15.27,54972.0
2025-06-30,000612,9000,7.437429999999999,7.42,66780.0
2025-06-30,000400,2800,21.291269999999997,21.38,59864.0
2025-06-30,000408,1300,41.42138,40.17,52221.0
2025-07-01,000639,21300,3.2032000000000003,3.23,68799.0
2025-07-01,000426,3900,15.57556,16.09,62751.0
2025-07-01,000532,3600,15.245230000000001,15.03,54108.0
2025-07-01,000612,9000,7.437429999999999,7.59,68310.0
2025-07-01,000400,2800,21.291269999999997,21.23,59444.0
2025-07-01,000021,4200,18.468449999999997,18.51,77742.0
2025-07-01,000534,4700,14.904889999999998,14.86,69842.0
2025-07-01,000630,19600,3.2432399999999997,3.3,64680.0
2025-07-01,000566,9700,5.895889999999999,6.24,60528.0
2025-07-01,000665,10000,5.15515,5.11,51100.0
2025-07-02,000612,9000,7.437429999999999,7.6,68400.0
2025-07-02,000400,2800,21.291269999999997,21.5,60200.0
2025-07-02,000021,4200,18.468449999999997,18.07,75894.0
2025-07-02,000534,4700,14.904889999999998,14.7,69090.0
2025-07-02,000630,19600,3.2432399999999997,3.34,65464.0
2025-07-02,000665,10000,5.15515,5.07,50700.0
2025-07-02,000633,10100,6.986980000000001,6.49,65549.0
2025-07-02,000070,7800,8.168159999999999,8.13,63414.00000000001
2025-07-02,000017,8800,6.486479999999999,6.48,57024.00000000001
2025-07-02,000663,7400,7.007,6.96,51504.0
2025-07-03,000021,4200,18.468449999999997,18.31,76902.0
2025-07-03,000534,4700,14.904889999999998,15.25,71675.0
2025-07-03,000630,19600,3.2432399999999997,3.34,65464.0
2025-07-03,000665,10000,5.15515,5.13,51300.0
2025-07-03,000017,8800,6.486479999999999,6.49,57112.0
2025-07-03,000663,7400,7.007,7.06,52244.0
2025-07-03,000060,15400,4.714709999999999,4.71,72534.0
2025-07-03,000428,19300,3.3733699999999995,3.36,64848.0
2025-07-03,000514,12700,4.604599999999999,4.65,59055.00000000001
2025-07-03,000629,20200,2.62262,2.6,52520.0
2025-07-04,000663,7400,7.007,7.03,52022.0
2025-07-04,000060,15400,4.714709999999999,4.65,71610.0
2025-07-04,000428,19300,3.3733699999999995,3.34,64462.0
2025-07-04,000629,20200,2.62262,2.59,52318.0
2025-07-04,000032,4300,19.88987,20.16,86688.0
2025-07-04,000403,4200,18.24823,18.04,75768.0
2025-07-04,000063,2100,32.70267,32.32,67872.0
2025-07-04,000100,14200,4.384379999999999,4.3,61060.0
2025-07-04,000534,3600,15.245230000000001,14.84,53424.0
2025-07-07,000060,15400,4.714709999999999,4.65,71610.0
2025-07-07,000428,19300,3.3733699999999995,3.38,65234.0
2025-07-07,000629,20200,2.62262,2.59,52318.0
2025-07-07,000032,4300,19.88987,19.75,84925.0
2025-07-07,000403,4200,18.24823,18.13,76146.0
2025-07-07,000063,2100,32.70267,31.89,66969.0
2025-07-07,000665,13300,5.065059999999998,5.22,69426.0
2025-07-07,000536,13900,4.33433,4.33,60187.0
2025-07-07,000567,9100,5.99599,6.01,54691.0
2025-07-07,000546,10000,4.9049,4.89,48900.0
2025-07-08,000032,4300,19.88987,20.05,86215.0
2025-07-08,000403,4200,18.24823,17.87,75054.0
2025-07-08,000063,2100,32.70267,32.72,68712.0
2025-07-08,000665,13300,5.065059999999998,5.27,70091.0
2025-07-08,000536,13900,4.33433,4.47,62133.0
2025-07-08,000567,9100,5.99599,6.26,56966.0
2025-07-08,000546,10000,4.9049,5.0,50000.0
2025-07-08,000599,12300,5.095089999999999,5.1,62729.99999999999
2025-07-08,000593,9100,6.23623,6.29,57239.0
2025-07-08,000428,15000,3.3933899999999997,3.38,50700.0
2025-07-09,000536,13900,4.33433,4.39,61020.99999999999
2025-07-09,000599,12300,5.095089999999999,5.03,61869.0
2025-07-09,000593,9100,6.23623,6.23,56693.00000000001
2025-07-09,000428,15000,3.3933899999999997,3.39,50850.0
2025-07-09,000425,10400,8.3083,8.24,85696.0
2025-07-09,000632,19000,4.104099999999999,4.06,77139.99999999999
2025-07-09,000620,42700,1.6516499999999996,1.65,70455.0
2025-07-09,000663,9100,6.976969999999999,7.03,63973.0
2025-07-09,000567,9100,6.23623,6.3,57330.0
2025-07-10,000599,12300,5.095089999999999,5.06,62237.99999999999
2025-07-10,000593,9100,6.23623,6.2,56420.0
2025-07-10,000428,15000,3.3933899999999997,3.43,51450.0
2025-07-10,000425,10400,8.3083,8.28,86112.0
2025-07-10,000632,19000,4.104099999999999,4.06,77139.99999999999
2025-07-10,000620,42700,1.6516499999999996,1.69,72163.0
2025-07-10,000663,9100,6.976969999999999,7.08,64428.0
2025-07-10,000567,9100,6.23623,6.34,57694.0
2025-07-10,000400,2600,21.771749999999997,21.66,56316.0
2025-07-10,000526,1000,47.94789999999999,47.77,47770.0
2025-07-11,000425,10400,8.3083,8.28,86112.0
2025-07-11,000632,19000,4.104099999999999,4.09,77710.0
2025-07-11,000620,42700,1.6516499999999996,1.71,73017.0
2025-07-11,000663,9100,6.976969999999999,6.89,62699.0
2025-07-11,000567,9100,6.23623,6.45,58695.0
2025-07-11,000400,2600,21.771749999999997,21.58,56107.99999999999
2025-07-11,000526,1000,47.94789999999999,48.06,48060.0
2025-07-11,000415,18000,3.5435399999999997,3.63,65340.0
2025-07-11,000534,4000,14.144129999999999,14.31,57240.0
2025-07-11,000017,8100,6.366359999999999,6.38,51678.0
2025-07-14,000400,2600,21.771749999999997,21.92,56992.00000000001
2025-07-14,000526,1000,47.94789999999999,49.55,49550.0
2025-07-14,000415,18000,3.5435399999999997,3.51,63179.99999999999
2025-07-14,000534,4000,14.144129999999999,14.39,57560.0
2025-07-14,000017,8100,6.366359999999999,6.39,51759.0
2025-07-14,000063,2400,33.48345,33.19,79656.0
2025-07-14,000630,22400,3.3233199999999994,3.33,74592.0
2025-07-14,000629,25200,2.66266,2.65,66780.0
2025-07-14,000593,9800,6.13613,6.2,60760.0
2025-07-14,000663,7800,6.956949999999999,6.9,53820.0
2025-07-15,000534,4000,14.144129999999999,14.19,56760.0
2025-07-15,000017,8100,6.366359999999999,6.36,51516.0
2025-07-15,000063,2400,33.48345,33.5,80400.0
2025-07-15,000630,22400,3.3233199999999994,3.28,73472.0
2025-07-15,000629,25200,2.66266,2.62,66024.0
2025-07-15,000070,9900,7.73773,7.74,76626.0
2025-07-15,000526,1300,52.582530000000006,50.85,66105.0
2025-07-15,000524,5100,12.212199999999998,11.78,60078.0
2025-07-15,000528,5700,9.8418466146,9.75490076,55602.934332
2025-07-15,000408,1200,40.540499999999994,40.36,48432.0
2025-07-16,000063,2400,33.48345,33.24,79776.0
2025-07-16,000630,22400,3.3233199999999994,3.24,72576.0
2025-07-16,000629,25200,2.66266,2.6,65520.0
2025-07-16,000070,9900,7.73773,7.64,75636.0
2025-07-16,000528,5700,9.8418466146,9.67778692,55163.38544400001
2025-07-16,000408,1200,40.540499999999994,39.88,47856.0
2025-07-16,000545,20900,3.3032999999999992,3.06,63954.0
2025-07-16,000612,7800,7.887879999999999,7.87,61386.0
2025-07-16,000524,4700,11.791779999999997,11.85,55695.0
2025-07-16,000593,8300,6.04604,6.07,50381.0
2025-07-17,000070,9900,7.73773,7.62,75438.0
2025-07-17,000528,5700,9.8418466146,9.71634384,55383.159888
2025-07-17,000612,7800,7.887879999999999,7.87,61386.0
2025-07-17,000524,4700,11.791779999999997,12.03,56541.0
2025-07-17,000593,8300,6.04604,6.07,50381.0
2025-07-17,000526,1500,51.81175999999999,51.63,77445.0
2025-07-17,000017,11000,6.436429999999998,6.39,70290.0
2025-07-17,000572,14000,4.554549999999999,4.79,67060.0
2025-07-17,000609,17600,3.2532499999999995,3.3,58080.0
2025-07-17,000571,10800,4.764759999999999,4.74,51192.0
2025-07-18,000612,7800,7.887879999999999,7.95,62010.0
2025-07-18,000524,4700,11.791779999999997,12.14,57058.0
2025-07-18,000593,8300,6.04604,6.05,50215.0
2025-07-18,000526,1500,51.81175999999999,51.9,77850.0
2025-07-18,000017,11000,6.436429999999998,6.4,70400.0
2025-07-18,000609,17600,3.2532499999999995,3.22,56672.0
2025-07-18,000571,10800,4.764759999999999,4.72,50976.0
2025-07-18,000021,3500,18.65864,18.5,64750.0
2025-07-18,000425,7100,8.3083,8.3,58930.00000000001
2025-07-18,000567,8300,6.436429999999999,6.47,53701.0
2025-07-21,000526,1500,51.81175999999999,51.0,76500.0
2025-07-21,000017,11000,6.436429999999998,6.45,70950.0
2025-07-21,000609,17600,3.2532499999999995,3.18,55968.0
2025-07-21,000571,10800,4.764759999999999,4.84,52272.0
2025-07-21,000021,3500,18.65864,18.51,64785.00000000001
2025-07-21,000505,11000,7.037030000000001,7.26,79860.0
2025-07-21,000063,2000,34.25422,34.25,68500.0
2025-07-21,000572,13100,4.764759999999999,4.8,62880.0
2025-07-21,000532,3500,15.90589,15.9,55650.0
2025-07-21,000534,3400,14.844829999999998,14.48,49232.0
2025-07-22,000021,3500,18.65864,18.36,64260.0
2025-07-22,000505,11000,7.037030000000001,7.2,79200.0
2025-07-22,000063,2000,34.25422,33.95,67900.0
2025-07-22,000572,13100,4.764759999999999,4.78,62618.0
2025-07-22,000532,3500,15.90589,15.73,55055.0
2025-07-22,000078,27900,2.7327299999999997,2.7,75330.0
2025-07-22,000551,6100,11.081069999999999,11.05,67405.0
2025-07-22,000630,18000,3.4234199999999997,3.54,63720.0
2025-07-22,000571,11400,4.854849999999999,4.92,56088.0
2025-07-22,000408,1100,42.2422,44.28,48708.0
2025-07-23,000063,2000,34.25422,33.89,67780.0
2025-07-23,000532,3500,15.90589,15.54,54390.0
2025-07-23,000078,27900,2.7327299999999997,2.69,75051.0
2025-07-23,000551,6100,11.081069999999999,10.98,66978.0
2025-07-23,000630,22700,3.6035999999999992,3.55,80585.0
2025-07-23,000629,25200,2.93293,2.84,71568.0
2025-07-23,000048,4100,16.216199999999997,15.98,65518.0
2025-07-23,000069,25000,2.39239,2.36,59000.0
2025-07-23,000060,10700,5.015009999999999,4.97,53179.0
2025-07-24,000078,27900,2.7327299999999997,2.76,77004.0
2025-07-24,000551,6100,11.081069999999999,10.99,67039.0
2025-07-24,000630,22700,3.6035999999999992,3.64,82628.0
2025-07-24,000048,4100,16.216199999999997,16.06,65846.0
2025-07-24,000069,25000,2.39239,2.4,60000.0
2025-07-24,000060,10700,5.015009999999999,5.08,54356.0
2025-07-24,000629,24000,2.8228199999999997,2.9,69600.0
2025-07-24,000600,8500,7.167159999999999,7.17,60945.0
2025-07-24,000501,5800,9.38938,9.73,56434.0
2025-07-24,000599,9600,5.11511,5.13,49248.0
2025-07-25,000630,22700,3.6035999999999992,3.58,81266.0
2025-07-25,000048,4100,16.216199999999997,16.05,65805.0
2025-07-25,000069,25000,2.39239,2.37,59250.0
2025-07-25,000060,10700,5.015009999999999,4.99,53393.0
2025-07-25,000629,24000,2.8228199999999997,2.84,68160.0
2025-07-25,000600,8500,7.167159999999999,7.07,60095.0
2025-07-25,000501,5800,9.38938,9.79,56781.99999999999
2025-07-25,000599,9600,5.11511,5.17,49632.0
2025-07-25,000633,9500,6.156149999999999,6.23,59185.00000000001
2025-07-25,000428,15200,3.4834799999999997,3.4,51680.0
2025-07-28,000629,24000,2.8228199999999997,2.81,67440.0
2025-07-28,000600,8500,7.167159999999999,7.02,59670.0
2025-07-28,000599,9600,5.11511,5.1,48960.0
2025-07-28,000633,9500,6.156149999999999,6.14,58330.0
2025-07-28,000428,15200,3.4834799999999997,3.4,51680.0
2025-07-28,000501,8100,9.789779999999999,10.06,81486.0
2025-07-28,000021,3800,18.648629999999997,18.74,71212.0
2025-07-28,000547,7800,8.23823,8.28,64583.99999999999
2025-07-28,000524,4800,12.042029999999999,12.12,58175.99999999999
2025-07-28,000564,21600,2.4023999999999996,2.4,51840.0
2025-07-29,000633,9500,6.156149999999999,6.11,58045.0
2025-07-29,000021,3800,18.648629999999997,18.86,71668.0
2025-07-29,000547,7800,8.23823,8.33,64974.0
2025-07-29,000524,4800,12.042029999999999,12.11,58128.0
2025-07-29,000564,21600,2.4023999999999996,2.37,51192.0
2025-07-29,000501,7600,10.08007,9.36,71136.0
2025-07-29,000593,10600,6.52652,6.42,68052.0
2025-07-29,000006,9800,6.356349999999999,6.34,62132.0
2025-07-29,000061,8300,6.726719999999999,6.55,54365.0
2025-07-29,000592,16700,3.0330299999999997,3.03,50601.0
2025-07-30,000021,3800,18.648629999999997,18.58,70604.0
2025-07-30,000547,7800,8.23823,8.2,63959.99999999999
2025-07-30,000524,4800,12.042029999999999,12.51,60048.0
2025-07-30,000564,21600,2.4023999999999996,2.38,51408.0
2025-07-30,000006,9800,6.356349999999999,6.24,61152.0
2025-07-30,000061,8300,6.726719999999999,6.7,55610.0
2025-07-30,000592,16700,3.0330299999999997,3.02,50434.0
2025-07-30,000555,4900,13.213199999999997,12.89,63161.0
2025-07-30,000593,9100,6.44644,6.41,58331.0
2025-07-30,000633,8700,6.106099999999999,6.11,53157.0
2025-07-31,000592,16700,3.0330299999999997,2.99,49933.0
2025-07-31,000633,8700,6.106099999999999,6.04,52548.0
2025-07-31,000526,1800,51.96190999999999,50.7,91260.0
2025-07-31,000528,8100,10.536565199159998,10.3139761,83543.20641
2025-07-31,000628,1700,44.2442,45.62,77554.0
2025-07-31,000061,10400,6.7067,6.5,67600.0
2025-07-31,000014,5100,12.39238,12.42,63342.0
2025-08-01,000633,8700,6.106099999999999,6.09,52983.0
2025-08-01,000528,8100,10.536565199159998,10.39108994,84167.82851400001
2025-08-01,000628,1700,44.2442,44.3,75310.0
2025-08-01,000014,5100,12.39238,12.22,62322.0
2025-08-01,000505,11800,6.636629999999999,6.65,78470.0
2025-08-01,000426,4000,17.447429999999997,17.84,71360.0
2025-08-01,000636,4500,13.92391,13.92,62640.0
2025-08-01,000063,1600,34.26422999999999,33.9,54240.0
2025-08-01,000408,1100,43.433389999999996,43.56,47916.0
2025-08-04,000528,8100,10.536565199159998,10.62243146,86041.69482599999
2025-08-04,000628,1700,44.2442,44.03,74851.0
2025-08-04,000505,11800,6.636629999999999,6.66,78588.0
2025-08-04,000636,4500,13.92391,13.96,62820.00000000001
2025-08-04,000063,1600,34.26422999999999,33.87,54191.99999999999
2025-08-04,000501,7800,9.05905,9.23,71994.0
2025-08-04,000609,19500,3.2632599999999994,3.33,64935.0
2025-08-04,000422,4300,13.113099999999998,13.0,55900.0
2025-08-04,000536,11600,4.44444,4.66,54056.0
2025-08-04,000078,16600,2.8027999999999995,2.78,46148.0
2025-08-05,000505,11800,6.636629999999999,6.71,79178.0
2025-08-05,000636,4500,13.92391,14.04,63179.99999999999
2025-08-05,000063,1600,34.26422999999999,34.42,55072.0
2025-08-05,000609,19500,3.2632599999999994,3.24,63180.00000000001
2025-08-05,000422,4300,13.113099999999998,13.29,57146.99999999999
2025-08-05,000078,16600,2.8027999999999995,2.8,46480.0
2025-08-05,000528,6600,10.62340502223,10.55495685,69662.71521
2025-08-05,000571,13700,4.65465,4.8,65760.0
2025-08-05,000547,6900,8.298289999999998,8.36,57683.99999999999
2025-08-05,000007,7100,7.217209999999999,7.25,51475.0
2025-08-06,000609,19500,3.2632599999999994,3.28,63959.99999999999
2025-08-06,000422,4300,13.113099999999998,13.18,56674.0
2025-08-06,000078,16600,2.8027999999999995,2.75,45650.0
2025-08-06,000528,6600,10.62340502223,10.57423531,69789.95304600001
2025-08-06,000571,13700,4.65465,4.74,64938.0
2025-08-06,000547,6900,8.298289999999998,8.53,58856.99999999999
2025-08-06,000007,7100,7.217209999999999,7.15,50765.0
2025-08-06,000049,2800,23.002979999999997,23.06,64568.0
2025-08-06,000411,5200,11.381369999999999,11.2,58239.99999999999
2025-08-06,000663,7500,7.15715,7.1,53250.0
2025-08-07,000528,6600,10.62340502223,10.95980451,72334.709766
2025-08-07,000571,13700,4.65465,4.69,64253.00000000001
2025-08-07,000547,6900,8.298289999999998,8.51,58719.0
2025-08-07,000007,7100,7.217209999999999,7.12,50552.0
2025-08-07,000049,2800,23.002979999999997,22.97,64316.0
2025-08-07,000411,5200,11.381369999999999,11.15,57980.0
2025-08-07,000663,7500,7.15715,7.11,53325.0
2025-08-07,000400,2800,22.78276,22.81,63868.0
2025-08-07,000061,8800,6.626619999999999,6.62,58256.0
2025-08-07,000060,10700,4.894889999999999,4.89,52323.0
2025-08-08,000049,2800,23.002979999999997,22.94,64232.0
2025-08-08,000411,5200,11.381369999999999,11.29,58707.99999999999
2025-08-08,000663,7500,7.15715,7.14,53550.0
2025-08-08,000400,2800,22.78276,23.01,64428.00000000001
2025-08-08,000061,8800,6.626619999999999,6.68,58784.0
2025-08-08,000060,10700,4.894889999999999,4.92,52644.0
2025-08-08,000551,6200,11.681669999999999,11.91,73842.0
2025-08-08,000029,3100,20.78076,20.93,64883.0
2025-08-08,000048,3700,15.835819999999998,15.78,58386.0
2025-08-08,000069,22900,2.3022999999999993,2.29,52441.0
2025-08-11,000400,2800,22.78276,22.98,64344.0
2025-08-11,000061,8800,6.626619999999999,6.67,58696.0
2025-08-11,000060,10700,4.894889999999999,4.93,52751.0
2025-08-11,000029,3100,20.78076,21.42,66402.0
2025-08-11,000048,3700,15.835819999999998,15.93,58941.0
2025-08-11,000069,22900,2.3022999999999993,2.32,53127.99999999999
2025-08-11,000551,6100,11.9119,12.12,73932.0
2025-08-11,000403,3400,18.8188,18.51,62934.00000000001
2025-08-11,000006,8900,6.636629999999999,6.78,60342.0
2025-08-11,000501,4600,11.501489999999999,11.12,51152.0
2025-08-12,000048,3700,15.835819999999998,16.07,59459.0
2025-08-12,000069,22900,2.3022999999999993,2.31,52899.0
2025-08-12,000551,6100,11.9119,12.09,73749.0
2025-08-12,000403,3400,18.8188,18.52,62968.0
2025-08-12,000049,3500,23.593569999999996,23.42,81970.0
2025-08-12,000021,3900,18.89888,19.18,74802.0
2025-08-12,000612,8100,8.36836,8.37,67797.0
2025-08-12,000058,6500,9.299289999999997,9.38,60970.00000000001
2025-08-12,000555,4100,13.153139999999999,13.18,54038.0
2025-08-13,000551,6100,11.9119,12.08,73688.0
2025-08-13,000049,3500,23.593569999999996,23.41,81935.0
2025-08-13,000021,3900,18.89888,19.15,74685.0
2025-08-13,000612,8100,8.36836,8.66,70146.0
2025-08-13,000058,6500,9.299289999999997,9.3,60450.00000000001
2025-08-13,000555,4100,13.153139999999999,13.22,54202.0
2025-08-13,000063,1900,34.58454999999999,35.5,67450.0
2025-08-13,000020,4200,14.3143,14.08,59136.0
2025-08-13,000036,13700,3.9639599999999997,3.94,53978.0
2025-08-13,000600,6800,7.15715,7.22,49096.0
2025-08-14,000049,3500,23.593569999999996,23.11,80885.0
2025-08-14,000021,3900,18.89888,18.88,73632.0
2025-08-14,000612,8100,8.36836,8.54,69174.0
2025-08-14,000555,4100,13.153139999999999,13.5,55350.0
2025-08-14,000063,1900,34.58454999999999,34.81,66139.0
2025-08-14,000600,6800,7.15715,7.07,48076.0
2025-08-14,000036,17400,3.9639599999999997,4.07,70818.0
2025-08-14,000636,4200,14.49448,14.17,59514.0
2025-08-14,000061,8100,6.86686,6.74,54594.0
2025-08-14,000411,4300,11.511499999999998,11.2,48160.0
2025-08-15,000063,1900,34.58454999999999,35.21,66899.0
2025-08-15,000600,6800,7.15715,7.12,48416.0
2025-08-15,000636,4200,14.49448,14.75,61950.0
2025-08-15,000411,4300,11.511499999999998,11.31,48633.0
2025-08-15,000593,13100,6.5065,6.63,86853.0
2025-08-15,000612,9000,8.528519999999999,8.75,78750.0
2025-08-15,000036,17000,4.084079999999999,4.13,70210.0
2025-08-15,000603,4000,15.545529999999998,15.75,63000.0
2025-08-15,000559,7400,7.5675599999999985,7.68,56832.0
2025-08-18,000636,4200,14.49448,14.89,62538.0
2025-08-18,000411,4300,11.511499999999998,11.31,48633.0
2025-08-18,000593,13100,6.5065,6.58,86198.0
2025-08-18,000612,9000,8.528519999999999,8.77,78930.0
2025-08-18,000036,17000,4.084079999999999,4.07,69190.0
2025-08-18,000603,4000,15.545529999999998,15.87,63480.0
2025-08-18,000559,7400,7.5675599999999985,7.78,57572.0
2025-08-18,000524,4900,12.66265,12.75,62475.0
2025-08-18,000058,6100,9.17917,9.2,56119.99999999999
2025-08-18,000609,15500,3.2632599999999994,3.29,50995.0
2025-08-19,000593,13100,6.5065,6.72,88032.0
2025-08-19,000036,17000,4.084079999999999,4.15,70550.0
2025-08-19,000603,4000,15.545529999999998,15.83,63320.0
2025-08-19,000058,6100,9.17917,9.17,55937.0
2025-08-19,000609,15500,3.2632599999999994,3.3,51150.0
2025-08-19,000636,5100,14.904889999999996,14.8,75480.0
2025-08-19,000425,8000,8.65865,8.54,68320.0
2025-08-19,000419,10700,5.805799999999999,5.85,62594.99999999999
2025-08-19,000524,4400,12.782769999999998,13.13,57772.0
2025-08-19,000021,2500,20.3203,20.81,52025.0
2025-08-20,000058,6100,9.17917,9.25,56425.0
2025-08-20,000636,5100,14.904889999999996,15.06,76806.0
2025-08-20,000425,8000,8.65865,8.67,69360.0
2025-08-20,000419,10700,5.805799999999999,5.89,63023.0
2025-08-20,000524,4400,12.782769999999998,13.15,57860.0
2025-08-20,000021,2500,20.3203,20.44,51100.0
2025-08-20,000612,8300,8.798789999999999,9.02,74866.0
2025-08-20,000532,4000,16.20619,16.38,65519.99999999999
2025-08-20,000049,2500,23.663639999999997,24.22,60550.0
2025-08-20,000400,2300,22.48246,22.62,52026.0
2025-08-21,000425,8000,8.65865,8.92,71360.0
2025-08-21,000419,10700,5.805799999999999,5.98,63986.00000000001
2025-08-21,000524,4400,12.782769999999998,13.0,57200.0
2025-08-21,000021,2500,20.3203,20.33,50824.99999999999
2025-08-21,000612,8300,8.798789999999999,8.91,73953.0
2025-08-21,000532,4000,16.20619,16.24,64959.99999999999
2025-08-21,000049,2500,23.663639999999997,23.99,59974.99999999999
2025-08-21,000559,8200,8.168159999999999,7.96,65272.0
2025-08-21,000603,3700,16.146129999999996,16.0,59200.0
2025-08-21,000609,15000,3.6436399999999995,3.64,54600.0
2025-08-22,000612,8300,8.798789999999999,8.88,73704.0
2025-08-22,000532,4000,16.20619,16.3,65200.0
2025-08-22,000049,2500,23.663639999999997,24.03,60075.0
2025-08-22,000603,3700,16.146129999999996,16.36,60532.0
2025-08-22,000609,15000,3.6436399999999995,3.82,57300.0
2025-08-22,000419,13300,5.97597,5.95,79135.0
2025-08-22,000617,6700,10.660649999999999,11.86,79462.0
2025-08-22,000636,4300,15.06505,15.29,65747.0
2025-08-22,000528,5300,10.883924491439998,10.83449452,57422.820955999996
2025-08-22,000020,3600,14.464449999999998,14.36,51696.0
2025-08-25,000419,13300,5.97597,6.0,79800.0
2025-08-25,000636,4300,15.06505,15.41,66263.0
2025-08-25,000528,5300,10.883924491439998,10.93088682,57933.700145999996
2025-08-25,000020,3600,14.464449999999998,14.28,51408.0
2025-08-25,000609,21600,4.014009999999999,4.01,86616.0
2025-08-25,000100,16500,4.73473,4.65,76725.0
2025-08-25,000400,2900,23.53351,23.42,67918.0
2025-08-25,000425,7100,8.948939999999999,9.08,64468.0
2025-08-25,000408,1100,47.697649999999996,48.24,53064.0
2025-08-26,000419,13300,5.97597,6.03,80199.0
2025-08-26,000636,4300,15.06505,15.6,67080.0
2025-08-26,000528,5300,10.883924491439998,10.90196913,57780.436388999995
2025-08-26,000020,3600,14.464449999999998,14.46,52056.0
2025-08-26,000609,21600,4.014009999999999,4.21,90936.0
2025-08-26,000100,16500,4.73473,4.69,77385.0
2025-08-26,000400,2900,23.53351,23.9,69310.0
2025-08-26,000425,7100,8.948939999999999,9.24,65604.0
2025-08-26,000408,1100,47.697649999999996,49.03,53933.0
2025-08-26,000620,30700,1.6916899999999995,1.69,51883.0
2025-08-27,000400,2900,23.53351,23.31,67599.0
2025-08-27,000408,1100,47.697649999999996,47.13,51843.0
2025-08-27,000567,14700,6.79679,6.55,96285.0
2025-08-27,000415,24700,3.6636599999999997,3.53,87191.0
2025-08-27,000593,11800,6.86686,6.61,77998.0
2025-08-27,000630,16800,4.354349999999999,4.23,71064.0
2025-08-27,000547,7400,8.878869999999997,8.53,63121.99999999999
2025-08-28,000630,23700,4.21421,4.26,100962.0
2025-08-28,000036,23300,4.28428,4.26,99258.0
2025-08-28,000559,11700,7.737730000000001,7.75,90675.0
2025-08-28,000564,34400,2.3823799999999995,2.41,82904.0
2025-08-28,000532,4600,15.90589,16.06,73876.0
2025-08-29,000559,11700,7.737730000000001,7.79,91143.0
2025-08-29,000564,34400,2.3823799999999995,2.38,81872.0
2025-08-29,000532,4600,15.90589,15.75,72450.0
2025-08-29,000425,9000,9.609599999999999,9.56,86040.0
2025-08-29,000571,16800,4.644639999999999,4.54,76272.0
2025-08-29,000528,6500,10.68129823761,10.56459608,68669.87452
2025-08-29,000630,14700,4.3043,4.41,64827.0
2025-08-29,000065,5000,11.39138,11.32,56600.0
2025-09-01,000559,11700,7.737730000000001,7.68,89856.0
2025-09-01,000564,34400,2.3823799999999995,2.44,83936.0
2025-09-01,000532,4600,15.90589,16.14,74244.0
2025-09-01,000425,9000,9.609599999999999,9.89,89010.0
2025-09-01,000528,6500,10.68129823761,10.64170992,69171.11448
2025-09-01,000065,5000,11.39138,11.36,56800.0
2025-09-01,000417,10600,6.146139999999999,6.21,65826.0
2025-09-01,000408,1100,51.5515,52.29,57519.0
2025-09-01,000524,3900,13.373359999999998,13.86,54054.0
2025-09-01,000060,9000,5.305299999999999,5.38,48420.0
2025-09-02,000425,9000,9.609599999999999,9.66,86940.0
2025-09-02,000528,6500,10.68129823761,10.51639993,68356.599545
2025-09-02,000065,5000,11.39138,11.23,56150.0
2025-09-02,000417,10600,6.146139999999999,6.19,65614.0
2025-09-02,000408,1100,51.5515,52.94,58234.0
2025-09-02,000060,9000,5.305299999999999,5.29,47610.0
2025-09-02,000629,25400,2.8728700000000003,2.87,72898.0
2025-09-02,000600,9000,7.24724,7.21,64890.0
2025-09-02,000006,8100,7.24724,7.25,58725.0
2025-09-02,000338,3600,14.534519999999999,14.54,52344.0
2025-09-03,000417,10600,6.146139999999999,6.04,64024.0
2025-09-03,000060,9000,5.305299999999999,5.2,46800.0
2025-09-03,000629,25400,2.8728700000000003,2.8,71120.0
2025-09-03,000006,8100,7.24724,7.27,58887.0
2025-09-03,000338,3600,14.534519999999999,14.5,52200.0
2025-09-03,000630,18200,4.49449,4.35,79170.0
2025-09-03,000035,16200,4.524519999999999,4.48,72576.0
2025-09-03,000600,9100,7.217209999999999,7.1,64610.0
2025-09-03,000408,1100,54.053999999999995,52.82,58102.0
2025-09-03,000007,7100,7.517509999999999,7.31,51901.0
2025-09-04,000338,3600,14.534519999999999,14.34,51624.0
2025-09-04,000035,16200,4.524519999999999,4.56,73872.0
2025-09-04,000600,9100,7.217209999999999,7.14,64974.0
2025-09-04,000100,21500,4.24424,4.21,90515.0
2025-09-04,000002,12500,6.596589999999999,6.53,81625.0
2025-09-04,000532,5000,14.784769999999998,14.67,73350.0
2025-09-04,000419,11200,5.95595,6.18,69216.0
2025-09-04,000528,5700,10.46902311455,10.48748224,59778.648768
2025-09-05,000035,16200,4.524519999999999,4.66,75492.0
2025-09-05,000600,9100,7.217209999999999,7.26,66066.0
2025-09-05,000100,21500,4.24424,4.29,92235.0
2025-09-05,000002,12500,6.596589999999999,6.59,82375.0
2025-09-05,000532,5000,14.784769999999998,15.01,75050.0
2025-09-05,000419,11200,5.95595,6.13,68656.0
2025-09-05,000528,5700,10.46902311455,10.59351377,60383.028489
2025-09-05,000514,11200,5.29529,5.37,60144.0
2025-09-05,000636,3600,14.474459999999999,15.57,56052.0
2025-09-05,000523,14100,3.4033999999999995,3.4,47940.0
2025-09-08,000100,21500,4.24424,4.3,92450.0
2025-09-08,000002,12500,6.596589999999999,6.76,84500.0
2025-09-08,000532,5000,14.784769999999998,15.08,75400.0
2025-09-08,000419,11200,5.95595,6.13,68656.0
2025-09-08,000528,5700,10.46902311455,10.63207069,60602.802933000006
2025-09-08,000514,11200,5.29529,5.4,60480.00000000001
2025-09-08,000523,14100,3.4033999999999995,3.43,48363.0
2025-09-08,000035,13500,4.66466,4.8,64800.0
2025-09-08,000546,11000,5.145139999999999,5.14,56540.0
2025-09-08,000545,15700,3.2632599999999994,3.32,52124.0
2025-09-09,000523,14100,3.4033999999999995,3.44,48504.0
2025-09-09,000546,11000,5.145139999999999,5.18,56980.0
2025-09-09,000035,20800,4.78478,4.74,98592.0
2025-09-09,000155,8900,10.290279999999997,10.32,91848.0
2025-09-09,000403,4500,18.32831,18.4,82800.0
2025-09-09,000600,9900,7.517509999999999,7.38,73062.0
2025-09-09,000629,23200,2.9129099999999997,2.93,67976.0
2025-09-10,000546,11000,5.145139999999999,5.13,56430.0
2025-09-10,000035,20800,4.78478,4.74,98592.0
2025-09-10,000155,8900,10.290279999999997,10.17,90513.0
2025-09-10,000403,4500,18.32831,17.84,80280.0
2025-09-10,000629,23200,2.9129099999999997,2.9,67280.0
2025-09-10,000633,10800,6.73673,6.74,72792.0
2025-09-10,000400,2700,23.483459999999997,23.26,62802.00000000001
2025-09-10,000060,11200,5.275269999999999,5.29,59248.0
2025-09-10,000593,8000,6.646639999999999,6.67,53360.0
2025-09-10,000663,7300,6.556549999999999,6.72,49056.0
2025-09-11,000155,8900,10.290279999999997,10.16,90424.0
2025-09-11,000629,23200,2.9129099999999997,2.91,67512.0
2025-09-11,000633,10800,6.73673,6.81,73548.0
2025-09-11,000400,2700,23.483459999999997,23.4,63179.99999999999
2025-09-11,000060,11200,5.275269999999999,5.33,59696.0
2025-09-11,000593,8000,6.646639999999999,6.71,53680.0
2025-09-11,000663,7300,6.556549999999999,6.7,48910.0
2025-09-11,000417,10400,6.426419999999999,6.35,66040.0
2025-09-11,000403,3300,17.88787,17.88,59004.0
2025-09-11,000620,31900,1.7117099999999998,1.71,54549.0
2025-09-12,000633,10800,6.73673,6.82,73656.0
2025-09-12,000400,2700,23.483459999999997,23.6,63720.00000000001
2025-09-12,000593,8000,6.646639999999999,6.65,53200.0
2025-09-12,000663,7300,6.556549999999999,6.69,48837.0
2025-09-12,000417,10400,6.426419999999999,6.37,66248.0
2025-09-12,000403,3300,17.88787,17.67,58311.00000000001
2025-09-12,000561,6700,11.34133,11.34,75978.0
2025-09-12,000420,16300,4.25425,4.24,69112.0
2025-09-12,000571,12000,5.185179999999999,5.1,61199.99999999999
2025-09-12,000599,10300,5.45545,5.38,55414.0
2025-09-15,000417,10400,6.426419999999999,6.3,65520.0
2025-09-15,000403,3300,17.88787,17.41,57453.0
2025-09-15,000561,6700,11.34133,11.25,75375.0
2025-09-15,000420,16300,4.25425,4.22,68786.0
2025-09-15,000599,10300,5.45545,5.31,54692.99999999999
2025-09-15,000069,32400,2.48248,2.48,80352.0
2025-09-15,000636,4600,15.43542,15.16,69736.0
2025-09-15,000006,8600,7.557549999999999,7.48,64328.00000000001
2025-09-15,000002,8400,6.926919999999999,6.97,58548.0
2025-09-15,000007,6900,7.57757,7.54,52026.0
2025-09-16,000561,6700,11.34133,11.4,76380.0
2025-09-16,000420,16300,4.25425,4.3,70090.0
2025-09-16,000636,4600,15.43542,15.6,71760.0
2025-09-16,000006,8600,7.557549999999999,7.6,65360.0
2025-09-16,000002,8400,6.926919999999999,7.04,59136.0
2025-09-16,000007,6900,7.57757,7.53,51957.0
2025-09-16,000058,7600,9.72972,9.51,72276.0
2025-09-16,000571,13300,4.974969999999998,4.98,66234.0
2025-09-16,000559,6700,8.918909999999999,9.32,62444.0
2025-09-16,000065,4800,11.231219999999999,11.23,53904.0
2025-09-17,000636,4600,15.43542,15.79,72634.0
2025-09-17,000002,8400,6.926919999999999,7.05,59220.0
2025-09-17,000007,6900,7.57757,7.45,51405.0
2025-09-17,000571,13300,4.974969999999998,5.01,66633.0
2025-09-17,000065,4800,11.231219999999999,11.17,53616.0
2025-09-17,000566,13800,5.99599,5.96,82248.0
2025-09-17,000006,9900,7.5675599999999985,8.05,79695.0
2025-09-17,000078,24800,2.72272,2.7,66960.0
2025-09-17,000592,17700,3.43343,3.48,61596.0
2025-09-17,000633,8100,6.69669,6.7,54270.0
2025-09-18,000571,13300,4.974969999999998,4.89,65036.99999999999
2025-09-18,000566,13800,5.99599,6.02,83076.0
2025-09-18,000078,24800,2.72272,2.7,66960.0
2025-09-18,000592,17700,3.43343,3.43,60711.0
2025-09-18,000425,8600,9.97997,9.93,85398.0
2025-09-18,000415,20200,3.81381,3.71,74942.0
2025-09-18,000633,10300,6.71671,6.51,67053.0
2025-09-18,000555,4400,14.134119999999998,14.16,62304.0
2025-09-18,000546,10900,5.185179999999999,5.04,54936.0
2025-09-19,000566,13800,5.99599,5.88,81144.0
2025-09-19,000592,17700,3.43343,3.45,61065.0
2025-09-19,000555,4400,14.134119999999998,13.87,61028.0
2025-09-19,000533,13200,6.98698,7.1,93720.0
2025-09-19,000058,8900,9.339329999999999,9.48,84372.0
2025-09-19,000593,11500,6.516509999999999,6.5,74750.0
2025-09-19,000551,5800,11.491480000000001,11.3,65540.0
2025-09-19,000663,9200,6.566559999999999,6.5,59800.0
2025-09-22,000555,4400,14.134119999999998,14.22,62568.0
2025-09-22,000533,13200,6.98698,6.85,90420.0
2025-09-22,000058,8900,9.339329999999999,9.32,82948.0
2025-09-22,000593,11500,6.516509999999999,6.48,74520.0
2025-09-22,000663,9200,6.566559999999999,6.4,58880.0
2025-09-22,000408,1400,53.453399999999995,52.74,73836.0
2025-09-22,000419,11200,5.98598,5.88,65856.0
2025-09-22,000400,2500,23.80378,23.34,58350.0
2025-09-22,000639,16900,3.2432399999999997,3.19,53911.0
2025-09-22,000566,8400,5.86586,5.74,48216.0
2025-09-23,000400,2500,23.80378,24.11,60275.0
2025-09-23,000002,14300,6.94694,6.76,96668.0
2025-09-23,000422,7200,13.063049999999999,12.8,92160.0
2025-09-23,000567,13100,6.476469999999999,6.29,82399.0
2025-09-23,000639,23900,3.2032,3.12,74568.0
2025-09-23,000514,12700,5.425419999999999,5.19,65913.0
2025-09-24,000400,2500,23.80378,24.2,60500.0
2025-09-24,000551,8700,11.49148,11.79,102572.99999999999
2025-09-24,000530,14600,6.336329999999999,6.35,92710.0
2025-09-24,000020,5800,14.214199999999998,13.96,80968.0
2025-09-24,000100,17900,4.21421,4.35,77865.0
2025-09-24,000567,10800,6.28628,6.38,68904.0
2025-09-25,000551,8700,11.49148,11.61,101007.0
2025-09-25,000530,14600,6.336329999999999,6.21,90666.0
2025-09-25,000100,17900,4.21421,4.38,78402.0
2025-09-25,000567,10800,6.28628,6.33,68364.0
2025-09-25,000029,2600,28.748719999999995,29.41,76466.0
2025-09-25,000532,4500,15.004990000000001,14.71,66195.0
2025-09-25,000555,4300,13.89388,13.95,59985.0
2025-09-25,000425,5200,10.540529999999999,10.36,53872.0
2025-09-25,000592,14500,3.4033999999999995,3.29,47705.0
2025-09-26,000551,8700,11.49148,11.61,101007.0
2025-09-26,000100,17900,4.21421,4.26,76254.0
2025-09-26,000567,10800,6.28628,6.44,69552.0
2025-09-26,000555,4300,13.89388,13.71,58953.00000000001
2025-09-26,000530,12500,6.2062,6.14,76750.0
2025-09-26,000049,2600,26.396369999999997,26.34,68484.0
2025-09-26,000628,1100,54.164109999999994,53.0,58300.0
2025-09-26,000639,18600,3.0730699999999995,3.08,57288.0
2025-09-26,000632,13600,3.7837799999999993,3.83,52088.0
2025-09-29,000530,12500,6.2062,6.18,77250.0
2025-09-29,000632,13600,3.7837799999999993,3.89,52904.0
2025-09-29,000408,1700,53.20315,54.39,92463.0
2025-09-29,000617,8500,10.120109999999999,10.59,90015.0
2025-09-29,000663,11900,6.486479999999999,6.54,77826.0
2025-09-29,000060,13100,5.32532,5.45,71395.0
2025-09-29,000566,11600,5.4054,5.42,62872.0
2025-09-30,000530,12500,6.2062,6.11,76375.0
2025-09-30,000632,13600,3.7837799999999993,3.86,52496.0
2025-09-30,000617,8500,10.120109999999999,10.4,88400.0
2025-09-30,000663,11900,6.486479999999999,6.55,77945.0
2025-09-30,000566,11600,5.4054,5.5,63800.0
2025-09-30,000628,1300,52.95289999999999,52.45,68185.0
2025-09-30,000063,1400,45.26521999999999,45.64,63896.0
2025-09-30,000408,1000,55.555499999999995,56.83,56830.0
2025-09-30,000555,3900,13.723709999999999,13.72,53508.0
2025-09-30,000636,3100,15.595579999999998,15.65,48515.0
2025-10-09,000663,11900,6.486479999999999,6.52,77588.0
2025-10-09,000566,11600,5.4054,5.46,63336.0
2025-10-09,000555,3900,13.723709999999999,14.14,55146.0
2025-10-09,000636,3100,15.595579999999998,15.89,49259.0
2025-10-09,000039,10300,8.298289999999998,8.38,86314.00000000001
2025-10-09,000035,13700,5.645639999999999,5.85,80145.0
2025-10-09,000567,10500,6.646639999999999,6.56,68880.0
2025-10-09,000065,5800,10.840829999999999,10.94,63452.0
2025-10-09,000155,5400,10.430419999999998,10.75,58050.0
2025-10-10,000555,3900,13.723709999999999,13.63,53157.0
2025-10-10,000636,3100,15.595579999999998,15.67,48577.0
2025-10-10,000039,10300,8.298289999999998,8.38,86314.00000000001
2025-10-10,000567,10500,6.646639999999999,6.75,70875.0
2025-10-10,000065,5800,10.840829999999999,11.12,64495.99999999999
2025-10-10,000155,5400,10.430419999999998,10.54,56915.99999999999
2025-10-10,000630,12500,5.815809999999999,5.78,72250.0
2025-10-10,000532,4500,14.614599999999996,14.68,66060.0
2025-10-10,000007,8000,7.377369999999999,7.33,58640.0
2025-10-10,000338,3800,14.024009999999999,13.95,53010.0
2025-10-13,000039,10300,8.298289999999998,8.27,85181.0
2025-10-13,000567,10500,6.646639999999999,6.67,70035.0
2025-10-13,000065,5800,10.840829999999999,10.91,63278.0
2025-10-13,000155,5400,10.430419999999998,10.55,56970.00000000001
2025-10-13,000338,3800,14.024009999999999,13.92,52896.0
2025-10-13,000534,5100,15.065049999999998,15.88,80988.0
2025-10-13,000411,6100,11.211199999999998,11.32,69052.0
2025-10-13,000536,13800,4.504499999999999,4.69,64722.00000000001
2025-10-13,000532,3900,14.36435,14.48,56472.0
2025-10-13,000617,4800,10.510499999999999,10.93,52464.0
2025-10-14,000338,3800,14.024009999999999,14.19,53922.0
2025-10-14,000411,6100,11.211199999999998,11.4,69540.0
2025-10-14,000532,3900,14.36435,14.41,56199.0
2025-10-14,000543,11800,7.88788,7.94,93692.0
2025-10-14,000593,11900,7.03703,7.0,83300.0
2025-10-14,000547,9600,7.827819999999998,7.78,74688.0
2025-10-14,000620,41300,1.6416399999999998,1.72,71036.0
2025-10-14,000407,16800,3.62362,3.68,61824.0
2025-10-15,000411,6100,11.211199999999998,11.45,69845.0
2025-10-15,000532,3900,14.36435,14.45,56355.0
2025-10-15,000543,11800,7.88788,7.84,92512.0
2025-10-15,000593,11900,7.03703,7.01,83419.0
2025-10-15,000547,9600,7.827819999999998,7.75,74400.0
2025-10-15,000407,16800,3.62362,3.7,62160.0
2025-10-15,000609,15800,4.264259999999999,4.23,66834.0
2025-10-15,000524,4500,13.40339,13.54,60929.99999999999
2025-10-15,000338,3800,14.264249999999999,14.36,54568.0
2025-10-15,000505,7600,6.476469999999999,6.47,49172.0
2025-10-16,000543,11800,7.88788,7.77,91686.0
2025-10-16,000547,9600,7.827819999999998,7.63,73248.0
2025-10-16,000407,16800,3.62362,3.66,61488.0
2025-10-16,000524,4500,13.40339,13.64,61380.0
2025-10-16,000338,3800,14.264249999999999,14.29,54302.0
2025-10-16,000505,7600,6.476469999999999,6.51,49476.0
2025-10-16,000620,41500,1.7217199999999997,1.68,69720.0
2025-10-16,000566,11500,5.585579999999999,5.88,67620.0
2025-10-16,000032,2800,20.61059,20.58,57623.99999999999
2025-10-16,000501,5300,9.74974,9.7,51409.99999999999
2025-10-17,000524,4500,13.40339,13.78,62010.0
2025-10-17,000338,3800,14.264249999999999,14.04,53352.0
2025-10-17,000501,5300,9.74974,9.65,51145.0
2025-10-17,000526,2000,45.01496999999999,43.37,86740.0
2025-10-17,000567,12000,7.067059999999999,7.13,85560.0
2025-10-17,000428,24100,3.1731699999999994,3.14,75674.0
2025-10-17,000599,12300,5.555549999999998,5.43,66789.0
2025-10-17,000547,8100,7.627619999999999,7.48,60588.0
2025-10-20,000501,5300,9.74974,9.82,52046.0
2025-10-20,000428,24100,3.1731699999999994,3.2,77120.0
2025-10-20,000599,12300,5.555549999999998,5.45,67035.0
2025-10-20,000547,8100,7.627619999999999,7.58,61398.0
2025-10-20,000633,12600,6.73673,6.82,85932.0
2025-10-20,000155,7300,10.48047,10.47,76431.0
2025-10-20,000514,12800,5.355349999999999,5.35,68480.0
2025-10-20,000065,5700,10.870859999999999,11.07,63099.0
2025-10-20,000629,18600,3.0029999999999997,2.93,54498.0
2025-10-21,000428,24100,3.1731699999999994,3.26,78566.0
2025-10-21,000599,12300,5.555549999999998,5.6,68880.0
2025-10-21,000547,8100,7.627619999999999,7.64,61884.0
2025-10-21,000155,7300,10.48047,10.6,77380.0
2025-10-21,000514,12800,5.355349999999999,5.57,71296.0
2025-10-21,000629,18600,3.0029999999999997,2.96,55056.0
2025-10-21,000609,14500,4.9049,4.9,71050.0
2025-10-21,000007,8800,7.237229999999999,7.38,64944.0
2025-10-21,000065,5100,11.121109999999998,11.44,58344.0
2025-10-21,000505,7600,6.766759999999999,6.83,51908.0
2025-10-22,000155,7300,10.48047,10.45,76285.0
2025-10-22,000629,18600,3.0029999999999997,2.96,55056.0
2025-10-22,000609,14500,4.9049,5.15,74675.0
2025-10-22,000007,8800,7.237229999999999,7.37,64856.0
2025-10-22,000505,7600,6.766759999999999,6.73,51148.0
2025-10-22,000514,14500,5.565559999999999,5.73,83085.0
2025-10-22,000428,22400,3.2532499999999995,3.29,73696.0
2025-10-22,000048,3800,16.95694,16.98,64524.0
2025-10-22,000639,18900,3.1231199999999997,3.18,60102.0
2025-10-22,000610,4300,12.202189999999998,12.37,53191.0
2025-10-23,000007,8800,7.237229999999999,7.39,65032.0
2025-10-23,000505,7600,6.766759999999999,6.88,52288.0
2025-10-23,000514,14500,5.565559999999999,5.64,81780.0
2025-10-23,000428,22400,3.2532499999999995,3.33,74592.0
2025-10-23,000639,18900,3.1231199999999997,3.22,60858.00000000001
2025-10-23,000610,4300,12.202189999999998,12.42,53406.0
2025-10-23,000609,13800,5.41541,5.41,74658.0
2025-10-23,000546,13400,5.025019999999999,5.15,69010.0
2025-10-23,000547,7800,7.8077999999999985,7.81,60918.0
2025-10-23,000558,10200,5.38538,5.47,55794.0
2025-10-24,000428,22400,3.2532499999999995,3.26,73024.0
2025-10-24,000610,4300,12.202189999999998,12.25,52675.0
2025-10-24,000609,13800,5.41541,5.68,78384.0
2025-10-24,000546,13400,5.025019999999999,5.09,68206.0
2025-10-24,000558,10200,5.38538,5.31,54161.99999999999
2025-10-24,000639,25100,3.2432399999999997,3.26,81826.0
2025-10-24,000636,4600,15.935919999999998,17.41,80086.0
2025-10-24,000060,11600,5.65565,5.6,64959.99999999999
2025-10-24,000532,4100,14.34433,14.35,58835.0
2025-10-24,000048,3100,17.017,17.03,52793.0
2025-10-27,000546,13400,5.025019999999999,5.11,68474.0
2025-10-27,000558,10200,5.38538,5.33,54366.0
2025-10-27,000639,25100,3.2432399999999997,3.29,82579.0
2025-10-27,000060,11600,5.65565,5.7,66120.0
2025-10-27,000532,4100,14.34433,14.45,59245.0
2025-10-27,000048,3100,17.017,17.0,52700.0
2025-10-27,000609,12800,5.965959999999999,5.96,76288.0
2025-10-27,000566,12000,5.725719999999999,5.69,68280.0
2025-10-27,000629,20700,2.9829799999999995,3.03,62720.99999999999
2025-10-27,000564,21300,2.6126099999999997,2.6,55380.0
2025-10-28,000639,25100,3.2432399999999997,3.28,82328.0
2025-10-28,000532,4100,14.34433,14.49,59409.0
2025-10-28,000609,12800,5.965959999999999,6.26,80128.0
2025-10-28,000566,12000,5.725719999999999,5.77,69240.0
2025-10-28,000629,20700,2.9829799999999995,2.97,61479.00000000001
2025-10-28,000564,21300,2.6126099999999997,2.59,55167.0
2025-10-28,000408,1200,58.908849999999994,56.59,67908.0
2025-10-28,000035,11300,5.895889999999999,5.82,65766.0
2025-10-28,000060,10600,5.65565,5.5,58300.0
2025-10-28,000524,3900,13.783769999999999,14.31,55809.0
2025-10-29,000629,20700,2.9829799999999995,3.05,63134.99999999999
2025-10-29,000564,21300,2.6126099999999997,2.62,55806.0
2025-10-29,000408,1200,58.908849999999994,59.66,71592.0
2025-10-29,000035,11300,5.895889999999999,5.82,65766.0
2025-10-29,000060,10600,5.65565,5.79,61374.0
2025-10-29,000524,3900,13.783769999999999,14.1,54990.0
2025-10-29,000609,11800,6.57657,6.57,77526.0
2025-10-29,000620,21600,3.25325,3.04,65664.0
2025-10-29,000400,2400,25.795769999999997,26.84,64416.0
2025-10-29,000582,6400,8.83883,8.74,55936.0
2025-10-30,000408,1200,58.908849999999994,58.69,70428.0
2025-10-30,000035,11300,5.895889999999999,5.86,66218.0
2025-10-30,000060,10600,5.65565,5.67,60102.0
2025-10-30,000524,3900,13.783769999999999,14.1,54990.0
2025-10-30,000609,11800,6.57657,6.9,81420.0
2025-10-30,000400,2400,25.795769999999997,26.19,62856.0
2025-10-30,000582,6400,8.83883,8.71,55744.00000000001
2025-10-30,000558,13300,5.23523,5.08,67564.0
2025-10-30,000428,19400,3.2432399999999997,3.19,61886.0
2025-10-30,000532,3800,14.704689999999998,14.53,55214.0
2025-10-31,000400,2400,25.795769999999997,26.44,63456.0
2025-10-31,000582,6400,8.83883,8.68,55552.0
2025-10-31,000428,19400,3.2432399999999997,3.26,63243.99999999999
2025-10-31,000532,3800,14.704689999999998,14.66,55708.0
2025-10-31,000609,12500,7.257249999999999,7.25,90625.0
2025-10-31,000520,18100,4.524519999999999,4.52,81811.99999999999
2025-10-31,000551,6600,11.18117,11.19,73854.0
2025-10-31,000060,11800,5.605599999999999,5.51,65018.0
2025-10-31,000408,1000,58.80874999999999,57.36,57360.0
2025-11-03,000428,19400,3.2432399999999997,3.31,64214.0
2025-11-03,000532,3800,14.704689999999998,14.75,56050.0
2025-11-03,000609,12500,7.257249999999999,7.61,95125.0
2025-11-03,000520,18100,4.524519999999999,4.54,82174.0
2025-11-03,000551,6600,11.18117,11.27,74382.0
2025-11-03,000558,15000,5.185179999999999,5.27,79050.0
2025-11-03,000543,8500,8.208199999999998,8.3,70550.0
2025-11-03,000501,6400,9.88988,9.77,62528.0
2025-11-03,000035,9600,5.895889999999999,5.92,56832.0
2025-11-03,000338,3400,15.06505,15.46,52564.0
2025-11-04,000520,18100,4.524519999999999,4.5,81450.0
2025-11-04,000551,6600,11.18117,11.13,73458.0
2025-11-04,000543,8500,8.208199999999998,8.26,70210.0
2025-11-04,000501,6400,9.88988,9.7,62079.99999999999
2025-11-04,000035,9600,5.895889999999999,5.93,56928.0
2025-11-04,000558,15400,5.2652600000000005,5.4,83160.0
2025-11-04,000338,4700,15.535519999999998,15.77,74119.0
2025-11-04,000609,8200,7.99799,7.99,65518.0
2025-11-04,000639,17900,3.3032999999999992,3.31,59249.0
2025-11-04,000523,16200,3.2732699999999997,3.28,53136.0
2025-11-05,000543,8500,8.208199999999998,8.28,70380.0
2025-11-05,000501,6400,9.88988,9.9,63360.0
2025-11-05,000035,9600,5.895889999999999,6.03,57888.0
2025-11-05,000609,8200,7.99799,8.39,68798.0
2025-11-05,000639,17900,3.3032999999999992,3.32,59428.0
2025-11-05,000523,16200,3.2732699999999997,3.31,53622.0
2025-11-05,000582,9000,8.81881,8.84,79560.0
2025-11-05,000428,21500,3.3233199999999994,3.38,72670.0
2025-11-05,000628,1300,47.54749999999999,47.8,62139.99999999999
2025-11-05,000558,10600,5.475469999999999,5.6,59359.99999999999
2025-11-06,000639,17900,3.3032999999999992,3.29,58891.0
2025-11-06,000523,16200,3.2732699999999997,3.29,53298.0
2025-11-06,000582,9000,8.81881,8.93,80370.0
2025-11-06,000428,21500,3.3233199999999994,3.37,72455.0
2025-11-06,000628,1300,47.54749999999999,48.02,62426.00000000001
2025-11-06,000609,9500,8.81881,8.81,83695.0
2025-11-06,000070,7700,9.799789999999998,9.67,74459.0
2025-11-06,000078,26300,2.5825799999999997,2.55,67065.0
2025-11-06,000551,5400,11.351339999999999,11.43,61722.0
2025-11-06,000020,3600,15.014999999999999,14.88,53568.0
2025-11-07,000582,9000,8.81881,8.88,79920.0
2025-11-07,000428,21500,3.3233199999999994,3.36,72240.0
2025-11-07,000628,1300,47.54749999999999,47.06,61178.0
2025-11-07,000609,9500,8.81881,9.25,87875.0
2025-11-07,000078,26300,2.5825799999999997,2.56,67328.0
2025-11-07,000551,5400,11.351339999999999,11.36,61344.0
2025-11-07,000020,3600,15.014999999999999,15.12,54432.0
2025-11-07,000070,7000,9.64964,9.51,66570.0
2025-11-07,000032,3000,20.300279999999997,20.24,60719.99999999999
2025-11-07,000049,1900,27.927899999999994,28.3,53770.0
2025-11-10,000078,26300,2.5825799999999997,2.61,68643.0
2025-11-10,000551,5400,11.351339999999999,11.37,61397.99999999999
2025-11-10,000020,3600,15.014999999999999,15.13,54468.0
2025-11-10,000070,7000,9.64964,9.55,66850.0
2025-11-10,000049,1900,27.927899999999994,27.91,53029.0
2025-11-10,000425,8100,10.700689999999998,10.45,84645.0
2025-11-10,000032,3700,20.630609999999997,20.97,77589.0
2025-11-10,000035,11900,5.905900000000001,5.87,69853.0
2025-11-10,000100,15000,4.21421,4.34,65100.0
2025-11-10,000571,10200,5.57557,5.46,55692.0
2025-11-11,000070,7000,9.64964,9.43,66010.0
2025-11-11,000049,1900,27.927899999999994,27.97,53143.0
2025-11-11,000032,3700,20.630609999999997,20.58,76146.0
2025-11-11,000035,11900,5.905900000000001,5.92,70448.0
2025-11-11,000100,15000,4.21421,4.31,64649.99999999999
2025-11-11,000609,8100,10.210199999999999,10.2,82620.0
2025-11-11,000426,2400,31.371339999999993,29.86,71664.0
2025-11-11,000408,1100,56.95689999999999,55.73,61303.0
2025-11-11,000665,9600,6.4064,6.48,62208.00000000001
2025-11-11,000526,1300,41.751709999999996,41.3,53689.99999999999
2025-11-12,000035,11900,5.905900000000001,5.97,71043.0
2025-11-12,000100,15000,4.21421,4.3,64500.0
2025-11-12,000609,8100,10.210199999999999,10.71,86751.0
2025-11-12,000665,9600,6.4064,6.38,61248.0
2025-11-12,000526,1300,41.751709999999996,41.69,54197.0
2025-11-12,000411,6900,11.821810000000001,12.16,83904.0
2025-11-12,000617,7800,9.47947,9.43,73554.0
2025-11-12,000520,13600,4.91491,4.95,67320.0
2025-11-12,000049,2100,27.797769999999996,27.8,58380.0
2025-11-12,000078,20400,2.66266,2.69,54876.0
2025-11-13,000609,8100,10.210199999999999,10.210199999999999,82702.62
2025-11-13,000665,9600,6.4064,6.42,61632.0
2025-11-13,000526,1300,41.751709999999996,41.35,53755.0
2025-11-13,000411,6900,11.821810000000001,12.0,82800.0
2025-11-13,000617,7800,9.47947,9.48,73944.0
2025-11-13,000520,13600,4.91491,4.93,67048.0
2025-11-13,000078,20400,2.66266,2.7,55080.0
2025-11-13,000035,11500,5.965959999999999,5.97,68655.0
2025-11-13,000415,16300,3.7837799999999993,3.8,61940.0
2025-11-13,000506,4400,12.4124,12.75,56100.0
2025-11-14,000609,8100,10.210199999999999,10.210199999999999,82702.62
2025-11-14,000617,7800,9.47947,9.35,72930.0
2025-11-14,000078,20400,2.66266,2.73,55692.0
2025-11-14,000035,11500,5.965959999999999,5.99,68885.0
2025-11-14,000415,16300,3.7837799999999993,3.82,62266.0
2025-11-14,000639,23600,3.5135099999999992,3.5,82600.0
2025-11-14,000063,1800,40.190149999999996,39.76,71568.0
2025-11-14,000630,12900,5.225219999999999,5.19,66951.0
2025-11-14,000428,17200,3.5135099999999992,3.51,60371.99999999999
2025-11-14,000420,12900,4.21421,4.14,53405.99999999999
2025-11-17,000609,8100,10.210199999999999,10.210199999999999,82702.62
2025-11-17,000035,11500,5.965959999999999,6.09,70035.0
2025-11-17,000415,16300,3.7837799999999993,3.79,61777.0
2025-11-17,000639,23600,3.5135099999999992,3.49,82364.0
2025-11-17,000428,17200,3.5135099999999992,3.55,61060.0
2025-11-17,000420,12900,4.21421,4.15,53535.00000000001
2025-11-17,000411,6200,12.20219,11.85,73470.0
2025-11-17,000636,4100,16.22621,16.3,66830.0
2025-11-17,000505,8500,7.227219999999999,7.38,62730.0
2025-11-17,000629,16500,3.3333299999999997,3.37,55605.0
2025-11-18,000428,17200,3.5135099999999992,3.53,60716.0
2025-11-18,000506,8200,12.14213,11.86,97252.0
2025-11-18,000665,13900,7.1471399999999985,6.77,94103.0
2025-11-18,000035,15000,6.056049999999999,5.92,88800.0
2025-11-18,000547,7400,11.011,11.39,84286.0
2025-11-18,000630,14500,5.05505,4.94,71630.0
2025-11-19,000506,8200,12.14213,12.46,102172.0
2025-11-19,000630,14500,5.05505,5.02,72790.0
2025-11-19,000609,8400,11.82181,11.81,99204.0
2025-11-19,000017,12800,6.98698,7.63,97664.0
2025-11-19,000501,8100,9.849839999999999,9.77,79137.0
2025-11-19,000065,6400,11.24123,11.28,72192.0
2025-11-19,000070,6900,9.429419999999999,9.2,63479.99999999999
2025-11-20,000506,8200,12.14213,12.09,99138.0
2025-11-20,000630,14500,5.05505,5.0,72500.0
2025-11-20,000609,8400,11.82181,12.4,104160.0
2025-11-20,000501,8100,9.849839999999999,9.64,78084.0
2025-11-20,000070,6900,9.429419999999999,9.5,65550.0
2025-11-20,000065,6500,11.521510000000001,11.63,75595.0
2025-11-20,000058,7300,9.279269999999999,9.28,67744.0
2025-11-20,000526,1500,39.829789999999996,37.69,56535.0
2025-11-20,000411,4700,11.621609999999999,11.51,54097.0
2025-11-20,000048,3000,16.47646,16.1,48300.00000000001
2025-11-21,000065,6500,11.521510000000001,11.91,77415.0
2025-11-21,000100,24700,4.04404,3.96,97812.0
2025-11-21,000400,3700,26.28626,25.67,94979.0
2025-11-21,000338,5300,16.716699999999996,16.66,88298.0
2025-11-21,000035,13500,5.95595,5.69,76815.0
2025-11-21,000610,5800,12.4124,12.1,70180.0
2025-11-24,000100,24700,4.04404,3.98,98306.0
2025-11-24,000338,5300,16.716699999999996,16.6,87980.00000000001
2025-11-24,000610,5800,12.4124,12.34,71572.0
2025-11-24,000523,27600,3.2732699999999997,3.22,88872.0
2025-11-24,000400,3100,25.85582999999999,26.0,80600.0
2025-11-24,000017,7900,9.21921,8.31,65649.0
2025-11-24,000078,26500,2.4824800000000002,2.49,65985.0
2025-11-24,000419,9700,6.11611,6.18,59946.0
2025-11-25,000100,24700,4.04404,4.0,98800.0
2025-11-25,000338,5300,16.716699999999996,16.87,89411.0
2025-11-25,000610,5800,12.4124,12.34,71572.0
2025-11-25,000523,27600,3.2732699999999997,3.23,89148.0
2025-11-25,000400,3100,25.85582999999999,25.84,80104.0
2025-11-25,000078,26500,2.4824800000000002,2.55,67575.0
2025-11-25,000419,9700,6.11611,6.27,60818.99999999999
2025-11-25,000603,2600,22.902879999999996,23.35,60710.00000000001
2025-11-25,000063,1300,39.05902,39.86,51818.0
2025-11-25,000029,2000,24.244219999999995,24.52,49040.0
2025-11-26,000400,3100,25.85582999999999,25.49,79019.0
2025-11-26,000419,9700,6.11611,6.33,61401.0
2025-11-26,000029,2000,24.244219999999995,24.76,49520.0
2025-11-26,000021,4200,22.95293,23.18,97356.0
2025-11-26,000628,2000,44.394349999999996,43.95,87900.0
2025-11-26,000032,3900,20.009989999999995,19.9,77610.0
2025-11-26,000338,4200,16.986969999999996,16.9,70980.0
2025-11-26,000063,1600,39.62959,40.97,65552.0
2025-11-27,000029,2000,24.244219999999995,24.23,48460.0
2025-11-27,000021,4200,22.95293,23.2,97440.0
2025-11-27,000628,2000,44.394349999999996,43.81,87620.0
2025-11-27,000032,3900,20.009989999999995,19.55,76245.0
2025-11-27,000338,4200,16.986969999999996,16.98,71316.0
2025-11-27,000609,5900,13.4134,12.64,74576.0
2025-11-27,000403,4700,15.08507,14.96,70312.0
2025-11-27,000058,6800,9.35935,9.33,63444.0
2025-11-27,000419,9100,6.336329999999999,6.42,58422.0
2025-11-27,000532,3700,14.044029999999998,14.05,51985.0
2025-11-28,000021,4200,22.95293,23.67,99414.0
2025-11-28,000628,2000,44.394349999999996,44.64,89280.0
2025-11-28,000032,3900,20.009989999999995,20.0,78000.0
2025-11-28,000338,4200,16.986969999999996,17.31,72702.0
2025-11-28,000403,4700,15.08507,15.01,70547.0
2025-11-28,000058,6800,9.35935,9.44,64192.0
2025-11-28,000419,9100,6.336329999999999,6.54,59514.0
2025-11-28,000532,3700,14.044029999999998,14.31,52947.0
2025-11-28,000400,2300,25.03501,25.65,58995.0
2025-11-28,000501,5600,9.489479999999999,10.07,56392.0
2025-12-01,000403,4700,15.08507,15.1,70970.0
2025-12-01,000058,6800,9.35935,9.46,64328.00000000001
2025-12-01,000419,9100,6.336329999999999,6.5,59150.0
2025-12-01,000532,3700,14.044029999999998,14.36,53132.0
2025-12-01,000400,2300,25.03501,25.88,59524.0
2025-12-01,000524,7200,12.09208,12.19,87768.0
2025-12-01,000014,4900,16.036019999999997,15.74,77126.0
2025-12-01,000612,7500,9.49949,9.54,71550.0
2025-12-01,000408,1000,62.07200999999999,61.42,61420.0
2025-12-01,000338,3300,17.507489999999997,17.37,57321.0
2025-12-02,000400,2300,25.03501,25.41,58443.0
2025-12-02,000524,7200,12.09208,12.13,87336.0
2025-12-02,000612,7500,9.49949,9.38,70350.0
2025-12-02,000408,1000,62.07200999999999,61.57,61570.0
2025-12-02,000338,3300,17.507489999999997,17.11,56463.0
2025-12-02,000561,7600,11.051039999999999,11.03,83828.0
2025-12-02,000006,7200,10.47046,10.14,73008.0
2025-12-02,000629,22300,3.08308,3.06,68238.0
2025-12-02,000014,3900,15.695679999999998,15.2,59280.0
2025-12-02,000520,11100,5.004999999999999,4.95,54945.0
2025-12-03,000524,7200,12.09208,12.0,86400.0
2025-12-03,000612,7500,9.49949,9.68,72600.0
2025-12-03,000408,1000,62.07200999999999,63.21,63210.0
2025-12-03,000338,3300,17.507489999999997,17.08,56363.99999999999
2025-12-03,000629,22300,3.08308,3.07,68461.0
2025-12-03,000506,6800,12.03202,11.87,80716.0
2025-12-03,000599,11800,6.306299999999999,6.21,73278.0
2025-12-03,000021,2800,23.76373999999999,23.58,66024.0
2025-12-03,000032,3000,19.93992,19.74,59219.99999999999
2025-12-03,000659,17400,3.1231199999999997,3.17,55158.0
2025-12-04,000629,22300,3.08308,3.04,67792.0
2025-12-04,000506,6800,12.03202,11.74,79832.0
2025-12-04,000021,2800,23.76373999999999,23.7,66360.0
2025-12-04,000659,17400,3.1231199999999997,3.04,52896.0
2025-12-04,000014,6100,14.754739999999998,14.53,88633.0
2025-12-04,000630,14200,5.66566,5.58,79236.0
2025-12-04,000415,19400,3.74374,3.77,73138.0
2025-12-04,000564,26200,2.5024999999999995,2.45,64190.00000000001
2025-12-04,000526,1600,36.72668999999999,36.43,58288.0
2025-12-05,000506,6800,12.03202,12.0,81600.0
2025-12-05,000021,2800,23.76373999999999,23.66,66248.0
2025-12-05,000014,6100,14.754739999999998,14.68,89548.0
2025-12-05,000630,14200,5.66566,5.79,82218.0
2025-12-05,000415,19400,3.74374,3.88,75272.0
2025-12-05,000526,1600,36.72668999999999,36.69,58704.0
2025-12-05,000338,4100,17.38737,17.7,72570.0
2025-12-05,000528,5300,12.099682014419999,12.32857517,65341.448401
2025-12-05,000600,7300,7.857849999999999,7.82,57086.0
2025-12-05,000048,4100,12.65264,12.74,52234.0
2025-12-08,000014,6100,14.754739999999998,14.56,88816.0
2025-12-08,000630,14200,5.66566,5.71,81082.0
2025-12-08,000415,19400,3.74374,3.84,74496.0
2025-12-08,000526,1600,36.72668999999999,37.55,60079.99999999999
2025-12-08,000338,4100,17.38737,17.44,71504.0
2025-12-08,000528,5300,12.099682014419999,12.26110056,64983.832967999995
2025-12-08,000600,7300,7.857849999999999,7.75,56575.0
2025-12-08,000100,15100,4.44444,4.39,66289.0
2025-12-08,000425,5400,11.091079999999998,10.99,59346.0
2025-12-08,000048,4200,12.75274,13.35,56070.0
2025-12-09,000338,4100,17.38737,17.22,70602.0
2025-12-09,000528,5300,12.099682014419999,12.02011981,63706.63499300001
2025-12-09,000600,7300,7.857849999999999,7.79,56867.0
2025-12-09,000100,15100,4.44444,4.38,66138.0
2025-12-09,000425,5400,11.091079999999998,10.89,58806.0
2025-12-09,000060,15300,5.53553,5.35,81855.0
2025-12-09,000526,2000,37.487449999999995,37.89,75780.0
2025-12-09,000628,1500,43.41336999999999,42.81,64215.0
2025-12-09,000617,6800,9.13913,8.96,60928.00000000001
2025-12-09,000533,6900,8.06806,8.11,55958.99999999999
2025-12-10,000100,15100,4.44444,4.4,66440.0
2025-12-10,000425,5400,11.091079999999998,11.24,60696.0
2025-12-10,000617,6800,9.13913,9.08,61744.0
2025-12-10,000533,6900,8.06806,7.97,54993.0
2025-12-10,000628,2100,42.342299999999994,42.86,90006.0
2025-12-10,000014,5700,14.40439,15.38,87666.0
2025-12-10,000058,8000,9.279269999999999,9.39,75120.0
2025-12-10,000032,3500,19.169149999999995,18.95,66325.0
2025-12-10,000021,2500,24.114089999999997,24.02,60050.0
2025-12-11,000617,6800,9.13913,8.89,60452.00000000001
2025-12-11,000533,6900,8.06806,7.93,54717.0
2025-12-11,000628,2100,42.342299999999994,41.6,87360.0
2025-12-11,000058,8000,9.279269999999999,9.03,72240.0
2025-12-11,000032,3500,19.169149999999995,18.67,65345.00000000001
2025-12-11,000021,2500,24.114089999999997,23.56,58900.0
2025-12-11,000425,6700,11.25124,11.15,74705.0
2025-12-11,000524,5600,12.092080000000001,11.75,65800.0
2025-12-11,000501,6200,9.88988,9.55,59210.00000000001
2025-12-11,000100,12600,4.39439,4.34,54684.0
2025-12-12,000628,2100,42.342299999999994,42.24,88704.0
2025-12-12,000058,8000,9.279269999999999,9.01,72080.0
2025-12-12,000425,6700,11.25124,11.31,75777.0
2025-12-12,000100,12600,4.39439,4.41,55566.0
2025-12-12,000021,3600,23.61359,24.13,86868.0
2025-12-12,000338,4400,17.647629999999996,17.98,79112.0
2025-12-12,000600,9000,7.81781,7.97,71730.0
2025-12-12,000049,2200,27.747719999999997,27.5,60500.0
2025-12-12,000060,10600,5.355349999999999,5.38,57028.0
2025-12-15,000425,6700,11.25124,11.25,75375.0
2025-12-15,000100,12600,4.39439,4.42,55692.0
2025-12-15,000021,3600,23.61359,23.47,84492.0
2025-12-15,000338,4400,17.647629999999996,17.85,78540.0
2025-12-15,000049,2200,27.747719999999997,27.04,59488.0
2025-12-15,000060,10600,5.355349999999999,5.37,56922.0
2025-12-15,000520,15200,4.96496,4.98,75696.0
2025-12-15,000545,24100,2.81281,2.86,68926.0
2025-12-15,000002,12400,4.9049,4.87,60388.0
2025-12-15,000600,6900,7.947939999999999,8.14,56166.00000000001
2025-12-16,000338,4400,17.647629999999996,17.47,76868.0
2025-12-16,000545,24100,2.81281,2.8,67480.0
2025-12-16,000002,12400,4.9049,4.97,61628.0
2025-12-16,000600,6900,7.947939999999999,7.83,54027.0
2025-12-16,000060,16700,5.32532,5.23,87341.0
2025-12-16,000665,14600,5.5055,5.32,77672.0
2025-12-16,000520,14600,4.954949999999999,4.78,69788.0
2025-12-16,000551,5600,11.64163,11.35,63560.0
2025-12-16,000501,6100,9.489479999999999,9.74,59414.0
2025-12-17,000002,12400,4.9049,4.96,61504.0
2025-12-17,000600,6900,7.947939999999999,7.9,54510.0
2025-12-17,000060,16700,5.32532,5.39,90013.0
2025-12-17,000501,6100,9.489479999999999,9.69,59109.0
2025-12-17,000526,2300,37.46742999999999,37.45,86135.0
2025-12-17,000036,16400,4.84484,5.03,82492.0
2025-12-17,000029,3200,21.851829999999996,22.26,71232.0
2025-12-17,000049,2400,26.34632,26.88,64512.0
2025-12-17,000612,6100,9.44944,9.61,58621.0
2025-12-18,000060,16700,5.32532,5.41,90347.0
2025-12-18,000526,2300,37.46742999999999,37.03,85169.0
2025-12-18,000029,3200,21.851829999999996,22.23,71136.0
2025-12-18,000049,2400,26.34632,26.57,63768.0
2025-12-18,000612,6100,9.44944,9.43,57523.0
2025-12-18,000524,6400,12.15214,12.26,78464.0
2025-12-18,000100,15500,4.554549999999999,4.5,69750.0
2025-12-18,000021,2700,23.223199999999995,23.64,63828.0
2025-12-18,000636,3600,15.77576,15.51,55836.0
2025-12-18,000415,13300,3.863859999999999,4.06,53997.99999999999
2025-12-19,000526,2300,37.46742999999999,39.06,89838.0
2025-12-19,000049,2400,26.34632,26.54,63696.0
2025-12-19,000612,6100,9.44944,9.78,59657.99999999999
2025-12-19,000524,6400,12.15214,12.53,80192.0
2025-12-19,000100,15500,4.554549999999999,4.5,69750.0
2025-12-19,000021,2700,23.223199999999995,23.49,63422.99999999999
2025-12-19,000636,3600,15.77576,15.44,55584.0
2025-12-19,000014,5000,13.55354,13.84,69200.0
2025-12-19,000419,9500,6.436429999999999,7.05,66975.0
2025-12-19,000058,6200,8.8088,9.15,56730.0
2025-12-22,000021,2700,23.223199999999995,24.16,65232.0
2025-12-22,000636,3600,15.77576,15.82,56952.0
2025-12-22,000014,5000,13.55354,13.86,69300.0
2025-12-22,000524,7700,12.622609999999998,12.85,98945.0
2025-12-22,000425,7800,11.25124,10.92,85176.0
2025-12-22,000400,3000,26.376350000000002,26.47,79410.0
2025-12-22,000629,23500,3.0630599999999997,3.09,72615.0
2025-12-22,000048,4900,13.17316,13.53,66297.0
2025-12-23,000014,5000,13.55354,13.67,68350.0
2025-12-23,000524,7700,12.622609999999998,12.27,94479.0
2025-12-23,000400,3000,26.376350000000002,26.58,79740.0
2025-12-23,000629,23500,3.0630599999999997,3.06,71910.0
2025-12-23,000048,4900,13.17316,13.59,66591.0
2025-12-23,000582,8300,9.46946,9.47,78601.0
2025-12-23,000612,7200,9.789779999999997,9.94,71568.0
2025-12-23,000065,5100,12.342329999999999,12.16,62016.0
2025-12-23,000029,2400,23.46344,23.27,55848.0
2025-12-23,000630,9400,5.5055,5.47,51418.0
2025-12-24,000400,3000,26.376350000000002,26.58,79740.0
2025-12-24,000629,23500,3.0630599999999997,3.05,71675.0
2025-12-24,000582,8300,9.46946,9.67,80261.0
2025-12-24,000612,7200,9.789779999999997,10.01,72072.0
2025-12-24,000065,5100,12.342329999999999,12.17,62067.0
2025-12-24,000029,2400,23.46344,23.3,55920.0
2025-12-24,000630,9400,5.5055,5.51,51794.0
2025-12-25,000612,7200,9.789779999999997,9.92,71424.0
2025-12-25,000065,5100,12.342329999999999,12.43,63393.0
2025-12-25,000029,2400,23.46344,23.07,55368.0
2025-12-25,000630,9400,5.5055,5.47,51418.0
