date,code,side,price,shares,amount,fee,reason
2024-07-03,000524,BUY,8.118109999999998,12300,99852.75299999997,29.955825899999986,signal
2024-07-03,000029,BUY,11.051039999999999,8100,89513.42399999998,26.854027199999994,signal
2024-07-03,000555,BUY,9.579569999999999,8400,80468.38799999999,24.140516399999996,signal
2024-07-03,000505,BUY,5.605599999999999,13000,72872.79999999999,21.861839999999994,signal
2024-07-03,000639,BUY,2.5024999999999995,26200,65565.49999999999,19.669649999999994,signal
2024-07-04,000524,SELL,7.866692133299998,12300,96760.31323958997,125.78840721146696,stop_loss
2024-07-04,000555,SELL,9.282890717099999,8400,77976.28202363999,101.36916663073198,stop_loss
2024-07-04,000639,SELL,2.4249975749999995,26200,63534.936464999984,82.59541740449997,stop_loss
2024-07-04,000555,BUY,9.26926,8900,82496.41399999999,24.748924199999994,signal
2024-07-04,000633,BUY,4.13413,18000,74414.34,22.324301999999996,signal
2024-07-04,000425,BUY,6.366359999999999,10500,66846.78,20.054033999999998,signal
2024-07-04,000070,BUY,4.32432,14000,60540.48,18.162143999999998,signal
2024-07-04,000407,BUY,2.6026,20900,54394.34,16.318302,signal
2024-07-05,000505,SELL,5.431994567999999,13000,70615.92938399999,91.80070819919997,stop_loss
2024-07-05,000555,SELL,8.982191017799998,8900,79941.50005841999,103.92395007594598,stop_loss
2024-07-05,000633,SELL,4.0060959939,18000,72109.7278902,93.74264625725999,stop_loss
2024-07-05,000070,SELL,4.1903958096,14000,58665.5413344,76.26520373471999,stop_loss
2024-07-05,000407,SELL,2.521997478,20900,52709.74729019999,68.52267147725999,stop_loss
2024-07-05,000567,BUY,5.315309999999999,15500,82387.305,24.716191499999997,signal
2024-07-05,000555,BUY,8.81881,8400,74078.00399999999,22.223401199999994,signal
2024-07-05,000014,BUY,9.11911,7300,66569.503,19.9708509,signal
2024-07-05,000543,BUY,8.798789999999999,6800,59831.77199999999,17.949531599999997,signal
2024-07-05,000657,BUY,8.958949999999998,6000,53753.69999999999,16.126109999999997,signal
2024-07-08,000029,SELL,10.708789291199999,8100,86741.19325871998,112.76355123633597,stop_loss
2024-07-08,000567,SELL,5.1506948493,15500,79835.77016415,103.786501213395,stop_loss
2024-07-08,000014,SELL,8.836691163299998,7300,64507.84549208998,83.86019913971697,stop_loss
2024-07-08,000657,SELL,8.681491318499997,6000,52088.94791099998,67.71563228429997,stop_loss
2024-07-08,000029,BUY,10.850839999999998,7100,77040.96399999999,23.112289199999996,signal
2024-07-08,000338,BUY,12.952939999999998,5300,68650.582,20.595174599999996,signal
2024-07-08,000567,BUY,5.375369999999999,11600,62354.291999999994,18.706287599999996,signal
2024-07-08,000620,BUY,1.6916899999999997,33200,56164.10799999999,16.849232399999995,signal
2024-07-08,000572,BUY,2.8027999999999995,18000,50450.399999999994,15.135119999999997,signal
2024-07-09,000425,SELL,6.3936,10500,67132.8,87.27264,hold_days
2024-07-09,000555,SELL,8.5456914543,8400,71783.80821612,93.318950680956,stop_loss
2024-07-09,000543,SELL,9.229490770499998,6800,62760.537239399986,81.58869841121998,take_profit
2024-07-09,000029,SELL,10.514789485199998,7100,74655.00534491999,97.05150694839598,stop_loss
2024-07-09,000567,SELL,5.2088947911,11600,60423.17957676,78.55013344978799,stop_loss
2024-07-09,000620,SELL,1.6392983606999996,33200,54424.70557523998,70.75211724781198,stop_loss
2024-07-09,000572,SELL,2.7159972839999993,18000,48887.95111199999,63.55433644559998,stop_loss
2024-07-09,000567,BUY,5.12512,17400,89177.088,26.7531264,signal
2024-07-09,000572,BUY,2.69269,29900,80511.431,24.153429299999996,signal
2024-07-09,000036,BUY,2.9229199999999995,24800,72488.41599999998,21.746524799999992,signal
2024-07-09,000065,BUY,9.339329999999999,6900,64441.37699999999,19.332413099999997,signal
2024-07-09,000555,BUY,8.678669999999999,6700,58147.08899999999,17.444126699999995,signal
2024-07-10,000572,SELL,2.8244971755,29900,84452.46554745,109.788205211685,take_profit
2024-07-10,000039,BUY,8.18818,7500,61411.34999999999,18.423404999999995,signal
2024-07-10,000572,BUY,2.7727699999999995,19900,55178.12299999999,16.553436899999998,signal
2024-07-10,000620,BUY,1.57157,31600,49661.611999999994,14.898483599999997,signal
2024-07-10,000636,BUY,12.642629999999999,3500,44249.204999999994,13.274761499999997,signal
2024-07-10,000561,BUY,5.9059,6800,40160.12,12.048036,signal
2024-07-11,000338,SELL,13.1868,5300,69890.04,90.85705199999998,hold_days
2024-07-11,000555,SELL,9.103490896499999,6700,60993.38900654999,79.29140570851499,take_profit
2024-07-11,000572,SELL,2.9084970914999992,19900,57879.092120849986,75.24281975710498,take_profit
2024-07-11,000636,SELL,13.261486738499999,3500,46415.203584749994,60.33976466017499,take_profit
2024-07-11,000069,BUY,1.9719699999999998,30300,59750.69099999999,17.925207299999997,signal
2024-07-11,000338,BUY,13.213199999999997,4000,52852.79999999999,15.855839999999995,signal
2024-07-11,000002,BUY,6.73673,7200,48504.456,14.551336799999998,signal
2024-07-11,000572,BUY,2.8828799999999997,15100,43531.488,13.059446399999999,signal
2024-07-12,000567,SELL,5.30469,17400,92301.606,119.9920878,hold_days
2024-07-12,000036,SELL,3.0659969339999993,24800,76036.72396319998,98.84774115215997,take_profit
2024-07-12,000065,SELL,9.47052,6900,65346.588,84.9505644,hold_days
2024-07-12,000069,SELL,2.0684979314999996,30300,62675.48732444999,81.47813352178498,take_profit
2024-07-12,000002,SELL,7.0664929335,7200,50878.7491212,66.14237385756,take_profit
2024-07-12,000572,SELL,3.023996976,15100,45662.354337599994,59.36106063887999,take_profit
2024-07-12,000014,BUY,8.59859,9100,78247.169,23.474150699999996,signal
2024-07-12,000632,BUY,2.7327299999999997,25900,70777.707,21.233312099999996,signal
2024-07-12,000036,BUY,2.99299,21200,63451.388,19.0354164,signal
2024-07-12,000593,BUY,4.774769999999999,12000,57297.23999999999,17.189171999999996,signal
2024-07-12,000029,BUY,10.59058,4800,50834.784,15.250435199999998,signal
2024-07-15,000039,SELL,8.40159,7500,63011.925,81.9155025,hold_days
2024-07-15,000620,SELL,1.6484983515,31600,52092.5479074,67.72031227962,take_profit
2024-07-15,000561,SELL,5.934060000000001,6800,40351.608,52.4570904,hold_days
2024-07-15,000338,SELL,13.859986139999997,4000,55439.94455999999,72.07192792799998,take_profit
2024-07-15,000632,SELL,2.6480973518999993,25900,68585.72141420998,89.16143783847298,stop_loss
2024-07-15,000593,SELL,4.626895373099999,12000,55522.74447719999,72.17956782035998,stop_loss
2024-07-15,000505,BUY,5.185179999999999,15400,79851.77199999998,23.955531599999993,signal
2024-07-15,000058,BUY,5.435429999999999,13200,71747.67599999999,21.524302799999997,signal
2024-07-15,000545,BUY,1.7417399999999998,37200,64792.727999999996,19.437818399999998,signal
2024-07-15,000065,BUY,9.39939,6200,58276.218,17.482865399999998,signal
2024-07-15,000559,BUY,4.16416,12600,52468.416,15.740524799999998,signal
2024-07-16,000014,SELL,8.3322916677,9100,75823.85417607,98.571010428891,stop_loss
2024-07-16,000029,SELL,10.262589737399999,4800,49260.430739519994,64.038559961376,stop_loss
2024-07-16,000058,SELL,5.2670947328999995,13200,69525.65047427999,90.38334561656399,stop_loss
2024-07-16,000545,SELL,1.6877983121999998,37200,62786.09721383999,81.62192637799198,stop_loss
2024-07-16,000501,BUY,6.53653,11100,72555.483,21.766644899999996,signal
2024-07-16,000338,BUY,13.603589999999999,4800,65297.231999999996,19.589169599999998,signal
2024-07-16,000014,BUY,8.358349999999998,7000,58508.44999999998,17.552534999999992,signal
2024-07-16,000408,BUY,21.84182,2400,52420.367999999995,15.726110399999998,signal
2024-07-16,000061,BUY,4.98498,9600,47855.808000000005,14.3567424,signal
2024-07-17,000036,SELL,2.997,21200,63536.399999999994,82.59731999999998,hold_days
2024-07-17,000338,SELL,13.182286817699998,4800,63274.97672495999,82.25746974244798,stop_loss
2024-07-17,000408,SELL,21.1653788346,2400,50796.90920304,66.035981963952,stop_loss
2024-07-17,000555,BUY,8.628619999999998,7000,60400.33999999999,18.120101999999996,signal
2024-07-17,000546,BUY,4.16416,13200,54966.912,16.4900736,signal
2024-07-17,000657,BUY,8.858849999999999,5500,48723.674999999996,14.617102499999998,signal
2024-07-17,000408,BUY,21.87185,2000,43743.7,13.123109999999999,signal
2024-07-18,000505,SELL,5.024594975399999,15400,77378.76262115999,100.59239140750798,stop_loss
2024-07-18,000065,SELL,9.360629999999999,6200,58035.905999999995,75.44667779999999,hold_days
2024-07-18,000559,SELL,4.14585,12600,52237.71000000001,67.909023,hold_days
2024-07-18,000555,SELL,8.361391638599999,7000,58529.741470199995,76.08866391125999,stop_loss
2024-07-18,000546,SELL,4.0351959648,13200,53264.58673536,69.243962755968,stop_loss
2024-07-18,000657,SELL,8.584491415499999,5500,47214.702785249996,61.379113620824995,stop_loss
2024-07-18,000408,SELL,21.194478805499998,2000,42388.957611,55.10564489429999,stop_loss
2024-07-18,000063,BUY,27.09707,2900,78581.503,23.5744509,signal
2024-07-18,000002,BUY,7.12712,10000,71271.2,21.381359999999997,signal
2024-07-18,000408,BUY,20.87085,3000,62612.55,18.783765,signal
2024-07-18,000060,BUY,4.19419,13800,57879.822,17.3639466,signal
2024-07-18,000547,BUY,5.855849999999999,8800,51531.479999999996,15.459443999999998,signal
2024-07-19,000501,SELL,6.8564931435,11100,76107.07389284999,98.93919606070499,take_profit
2024-07-19,000014,SELL,8.3916,7000,58741.200000000004,76.36356,hold_days
2024-07-19,000061,SELL,5.16483,9600,49582.368,64.4570784,hold_days
2024-07-19,000002,SELL,6.906393093599999,10000,69063.93093599999,89.78311021679998,stop_loss
2024-07-19,000600,BUY,4.91491,14700,72249.177,21.674753099999997,signal
2024-07-19,000032,BUY,13.243229999999999,4900,64891.82699999999,19.467548099999995,signal
2024-07-19,000403,BUY,20.40038,2800,57121.064,17.1363192,signal
2024-07-19,000555,BUY,8.32832,6300,52468.416,15.740524799999998,signal
2024-07-19,000415,BUY,2.6526499999999995,17900,47482.43499999999,14.244730499999996,signal
2024-07-22,000555,SELL,8.735991263999999,6300,55036.74496319999,71.54776845215999,take_profit
2024-07-22,000070,BUY,4.3043,11200,48208.159999999996,14.462447999999998,signal
2024-07-22,000555,BUY,8.628619999999998,5000,43143.09999999999,12.942929999999997,signal
2024-07-23,000063,SELL,27.322650000000003,2900,79235.68500000001,103.00639050000001,hold_days
2024-07-23,000408,SELL,20.2244797755,3000,60673.4393265,78.87547112445,stop_loss
2024-07-23,000060,SELL,4.0642959357,13800,56087.283912659994,72.913469086458,stop_loss
2024-07-23,000547,SELL,6.013979999999999,8800,52923.02399999999,68.79993119999999,hold_days
2024-07-23,000403,SELL,19.768580231399998,2800,55352.02464791999,71.95763204229598,stop_loss
2024-07-23,000070,SELL,4.514995485,11200,50567.949432,65.7383342616,take_profit
2024-07-23,000408,BUY,20.6206,3600,74234.16,22.270248,signal
2024-07-23,000630,BUY,3.0930899999999997,21700,67120.053,20.136015899999997,signal
2024-07-23,000534,BUY,9.38938,6400,60092.03199999999,18.027609599999995,signal
2024-07-23,000633,BUY,3.7837799999999993,14300,54108.05399999999,16.232416199999996,signal
2024-07-23,000338,BUY,12.48247,3900,48681.632999999994,14.604489899999997,signal
2024-07-24,000600,SELL,4.762695237299999,14700,70011.61998830999,91.01510598480299,stop_loss
2024-07-24,000032,SELL,12.833087166899999,4900,62882.12711780999,81.74676525315299,stop_loss
2024-07-24,000415,SELL,2.6073899999999997,17900,46672.280999999995,60.67396529999999,hold_days
2024-07-24,000555,SELL,8.361391638599999,5000,41806.95819299999,54.34904565089999,stop_loss
2024-07-24,000408,SELL,19.981980017999998,3600,71935.1280648,93.51566648423999,stop_loss
2024-07-24,000630,SELL,2.9972970027,21700,65041.344958589994,84.55374844616699,stop_loss
2024-07-24,000534,SELL,9.0985909014,6400,58230.981768959995,75.700276299648,stop_loss
2024-07-24,000633,SELL,3.6665963333999994,14300,52432.32756761999,68.16202583790599,stop_loss
2024-07-24,000338,SELL,12.0958879041,3900,47173.96282599,61.326151673786995,stop_loss
2024-07-24,000078,BUY,2.4624599999999996,38800,95543.44799999999,28.663034399999994,signal
2024-07-24,000630,BUY,2.9429399999999997,29200,85933.84799999998,25.780154399999994,signal
2024-07-24,000338,BUY,12.052039999999998,6400,77133.05599999998,23.13991679999999,signal
2024-07-24,000155,BUY,9.38938,7400,69481.412,20.844423599999995,signal
2024-07-24,000633,BUY,3.6936899999999997,17000,62792.729999999996,18.837818999999996,signal
2024-07-25,000078,SELL,2.5829974169999996,38800,100220.29977959998,130.28638971347996,take_profit
2024-07-25,000630,SELL,2.8517971481999997,29200,83272.47672744,108.25421974567199,stop_loss
2024-07-25,000338,SELL,11.678788321199997,6400,74744.24525567998,97.16751883238398,stop_loss
2024-07-25,000633,SELL,3.5792964206999995,17000,60848.03915189999,79.10245089746998,stop_loss
2024-07-25,000567,BUY,4.774769999999999,18500,88333.24499999998,26.499973499999992,signal
2024-07-25,000014,BUY,7.8077999999999985,10200,79639.55999999998,23.89186799999999,signal
2024-07-25,000100,BUY,3.56356,20100,71627.556,21.488266799999998,signal
2024-07-25,000630,BUY,2.8528499999999997,22600,64474.40999999999,19.342322999999993,signal
2024-07-25,000636,BUY,13.703689999999998,4200,57555.49799999999,17.266649399999995,signal
2024-07-26,000559,BUY,3.9239199999999994,13300,52188.13599999999,15.656440799999997,signal
2024-07-26,000039,BUY,7.3573499999999985,6400,47087.03999999999,14.126111999999997,signal
2024-07-26,000408,BUY,19.26925,2200,42392.35,12.717704999999999,signal
2024-07-26,000633,BUY,3.62362,10500,38048.009999999995,11.414402999999998,signal
2024-07-29,000155,SELL,9.61038,7400,71116.81199999999,92.45185559999999,hold_days
2024-07-29,000100,SELL,3.737996262,20100,75133.72486619999,97.67384232605998,take_profit
2024-07-29,000559,SELL,4.115995883999999,13300,54742.74525719999,71.16556883435999,take_profit
2024-07-29,000408,SELL,20.2124797875,2200,44467.455532500004,57.80769219225,take_profit
2024-07-29,000408,BUY,20.200179999999996,2900,58580.52199999999,17.574156599999995,signal
2024-07-29,000559,BUY,4.06406,13000,52832.77999999999,15.849833999999996,signal
2024-07-29,000514,BUY,3.0029999999999997,15800,47447.399999999994,14.234219999999997,signal
2024-07-29,000070,BUY,4.39439,9700,42625.583,12.787674899999999,signal
2024-07-30,000567,SELL,4.90509,18500,90744.16500000001,117.9674145,hold_days
2024-07-30,000014,SELL,8.189991809999999,10200,83537.91646199998,108.59929140059997,take_profit
2024-07-30,000630,SELL,2.84715,22600,64345.590000000004,83.649267,hold_days
2024-07-30,000636,SELL,13.93605,4200,58531.409999999996,76.09083299999999,hold_days
2024-07-30,000633,SELL,3.800996199,10500,39910.460089500004,51.88359811635,take_profit
2024-07-30,000408,SELL,19.574580425399994,2900,56766.28323365998,73.79616820375797,stop_loss
2024-07-30,000630,BUY,2.8528499999999997,27300,77882.805,23.364841499999997,signal
2024-07-30,000543,BUY,8.8088,7900,69589.52,20.876856,signal
2024-07-30,000403,BUY,18.678659999999997,3300,61639.577999999994,18.491873399999996,signal
2024-07-30,000567,BUY,4.91491,11600,57012.956,17.103886799999998,signal
2024-07-30,000657,BUY,8.03803,6300,50639.58899999999,15.191876699999996,signal
2024-07-31,000039,SELL,7.7174922824999985,6400,49391.95060799999,64.20953579039998,take_profit
2024-07-31,000514,SELL,3.1499968499999995,15800,49769.950229999995,64.700935299,take_profit
2024-07-31,000543,SELL,8.535991463999999,7900,67434.3325656,87.66463233527999,stop_loss
2024-07-31,000403,SELL,19.592980406999995,3300,64656.835343099985,84.05388594602998,take_profit
2024-07-31,000567,SELL,5.1554948445,11600,59803.7401962,77.74486225506,take_profit
2024-07-31,000403,BUY,18.44843,4000,73793.71999999999,22.138115999999993,signal
2024-07-31,000428,BUY,2.7927899999999997,24300,67864.79699999999,20.359439099999996,signal
2024-07-31,000029,BUY,10.420409999999999,5800,60438.37799999999,18.131513399999996,signal
2024-07-31,000419,BUY,3.9739699999999996,13800,54840.78599999999,16.452235799999997,signal
2024-07-31,000058,BUY,5.315309999999999,9300,49432.382999999994,14.829714899999997,signal
2024-08-01,000559,SELL,4.262995737,13000,55418.944580999996,72.04462795529999,take_profit
2024-08-01,000070,SELL,4.47552,9700,43412.544,56.4363072,hold_days
2024-08-01,000630,SELL,2.9924970074999995,27300,81695.16830474998,106.20371879617497,take_profit
2024-08-01,000657,SELL,8.4314915685,6300,53118.396881550005,69.053915946015,take_profit
2024-08-01,000403,SELL,19.3514806485,4000,77405.922594,100.6276993722,take_profit
2024-08-01,000058,SELL,5.5754944244999995,9300,51852.098147849996,67.40772759220499,take_profit
2024-08-01,000403,BUY,19.6196,4100,80440.36,24.132108,signal
2024-08-01,000612,BUY,5.315309999999999,13700,72819.74699999999,21.845924099999994,signal
2024-08-01,000630,BUY,2.99299,21900,65546.481,19.663944299999997,signal
2024-08-01,000422,BUY,11.24123,5200,58454.396,17.5363188,signal
2024-08-01,000617,BUY,5.32532,10000,53253.2,15.975959999999997,signal
2024-08-02,000403,SELL,19.011980987999998,4100,77949.1220508,101.33385866603999,stop_loss
2024-08-02,000612,SELL,5.1506948493,13700,70564.51943541,91.733875266033,stop_loss
2024-08-02,000630,SELL,2.9002970997,21900,63516.50648343,82.571458428459,stop_loss
2024-08-02,000546,BUY,4.15415,16600,68958.89,20.687666999999998,signal
2024-08-02,000036,BUY,3.02302,20500,61971.909999999996,18.591572999999997,signal
2024-08-02,000070,BUY,4.46446,12500,55805.75,16.741725,signal
2024-08-02,000663,BUY,4.28428,11700,50126.076,15.037822799999999,signal
2024-08-02,000035,BUY,4.624619999999999,9800,45321.27599999999,13.596382799999995,signal
2024-08-05,000428,SELL,2.9294970704999996,24300,71186.77881315,92.542812457095,take_profit
2024-08-05,000029,SELL,10.47951,5800,60781.157999999996,79.0155054,hold_days
2024-08-05,000419,SELL,3.9860100000000003,13800,55006.938,71.5090194,hold_days
2024-08-05,000422,SELL,10.8930891069,5200,56644.06335588,73.63728236264399,stop_loss
2024-08-05,000070,SELL,4.326195673799999,12500,54077.44592249999,70.30067969924998,stop_loss
2024-08-05,000035,SELL,4.481395518599999,9800,43917.67608227999,57.092978906963985,stop_loss
2024-08-05,000603,BUY,11.00099,6800,74806.732,22.4420196,signal
2024-08-05,000551,BUY,7.597589999999999,8800,66858.792,20.0576376,signal
2024-08-05,000420,BUY,3.2432399999999997,18700,60648.587999999996,18.1945764,signal
2024-08-05,000629,BUY,2.3823799999999995,23000,54794.73999999999,16.438421999999996,signal
2024-08-05,000070,BUY,4.32432,11400,49297.248,14.789174399999998,signal
2024-08-06,000617,SELL,5.27472,10000,52747.200000000004,68.57136,hold_days
2024-08-06,000603,SELL,10.660289339699998,6800,72489.96750995998,94.23695776294798,stop_loss
2024-08-06,000551,SELL,7.9694920305,8800,70131.5298684,91.17098882892,take_profit
2024-08-06,000561,BUY,6.46646,9800,63371.308,19.0113924,signal
2024-08-06,000559,BUY,4.15415,13800,57327.27,17.198180999999998,signal
2024-08-06,000599,BUY,3.4234199999999997,15100,51693.64199999999,15.508092599999996,signal
2024-08-06,000058,BUY,5.475469999999999,8500,46541.49499999999,13.962448499999995,signal
2024-08-07,000546,SELL,4.095899999999999,16600,67991.93999999999,88.38952199999999,hold_days
2024-08-07,000036,SELL,2.98701,20500,61233.705,79.6038165,hold_days
2024-08-07,000663,SELL,4.28571,11700,50142.807,65.18564909999999,hold_days
2024-08-07,000561,SELL,6.782993217,9800,66473.33352659999,86.41533358457998,take_profit
2024-08-07,000659,BUY,1.9119099999999998,34800,66534.468,19.960340399999996,signal
2024-08-07,000609,BUY,1.8918899999999996,31600,59783.72399999999,17.935117199999993,signal
2024-08-07,000546,BUY,4.104099999999999,13100,53763.709999999985,16.129112999999993,signal
2024-08-07,000425,BUY,6.28628,7700,48404.356,14.521306799999998,signal
2024-08-08,000420,SELL,3.1427968572,18700,58770.30122964,76.40139159853199,stop_loss
2024-08-08,000629,SELL,2.3476500000000002,23000,53995.950000000004,70.19473500000001,hold_days
2024-08-08,000070,SELL,4.36563,11400,49768.182,64.6986366,hold_days
2024-08-08,000659,SELL,1.8526981472999997,34800,64473.89552603999,83.81606418385198,stop_loss
2024-08-08,000609,SELL,1.9844980154999998,31600,62710.1372898,81.52317847673999,take_profit
2024-08-08,000561,BUY,6.776769999999999,10700,72511.43899999998,21.753431699999993,signal
2024-08-08,000543,BUY,8.17817,7900,64607.543,19.382262899999997,signal
2024-08-08,000400,BUY,30.530499999999996,1900,58007.94999999999,17.402384999999995,signal
2024-08-08,000032,BUY,13.4134,3900,52312.259999999995,15.693677999999997,signal
2024-08-08,000007,BUY,4.75475,10000,47547.49999999999,14.264249999999997,signal
2024-08-09,000559,SELL,4.14585,13800,57212.73,74.376549,hold_days
2024-08-09,000599,SELL,3.47652,15100,52495.452,68.2440876,hold_days
2024-08-09,000058,SELL,5.50449,8500,46788.16499999999,60.82461449999999,hold_days
2024-08-09,000561,SELL,6.566893433099999,10700,70265.75973416999,91.34548765442098,stop_loss
2024-08-09,000561,BUY,6.49649,10100,65614.549,19.6843647,signal
2024-08-09,000426,BUY,11.691679999999998,5000,58458.39999999999,17.537519999999994,signal
2024-08-09,000061,BUY,5.29529,10000,52952.899999999994,15.885869999999997,signal
2024-08-09,000659,BUY,1.85185,25900,47962.915,14.388874499999998,signal
2024-08-12,000546,SELL,4.08591,13100,53525.421,69.5830473,hold_days
2024-08-12,000425,SELL,6.32367,7700,48692.259,63.299936699999996,hold_days
2024-08-12,000400,SELL,29.584970414999994,1900,56211.443788499986,73.07487692504998,stop_loss
2024-08-12,000032,SELL,12.997987001999999,3900,50692.14930779999,65.89979410013999,stop_loss
2024-08-12,000007,SELL,4.6074953925,10000,46074.953924999994,59.89744010249999,stop_loss
2024-08-12,000561,SELL,6.2952937047,10100,63582.466417469994,82.65720634271099,stop_loss
2024-08-12,000659,SELL,1.7944982054999998,25900,46477.503522449995,60.420754579184994,stop_loss
2024-08-12,000659,BUY,1.8218199999999998,43700,79613.53399999999,23.884060199999993,signal
2024-08-12,000007,BUY,4.7047,15200,71511.44,21.453432,signal
2024-08-12,000555,BUY,8.39839,7600,63827.763999999996,19.148329199999996,signal
2024-08-12,000428,BUY,2.9729699999999997,19500,57972.91499999999,17.391874499999997,signal
2024-08-12,000032,BUY,13.07306,4000,52292.24,15.687671999999997,signal
2024-08-13,000543,SELL,8.15184,7900,64399.536,83.7193968,hold_days
2024-08-13,000659,SELL,1.7653982345999997,43700,77147.90285201998,100.29227370762597,stop_loss
2024-08-13,000007,SELL,4.5589954409999995,15200,69296.7307032,90.08574991415999,stop_loss
2024-08-13,000428,SELL,2.8808971190999997,19500,56177.49382244999,73.03074196918499,stop_loss
2024-08-13,000609,BUY,1.81181,40700,73740.667,22.122200099999997,signal
2024-08-13,000029,BUY,10.550539999999998,6300,66468.40199999999,19.940520599999996,signal
2024-08-13,000603,BUY,10.330319999999999,5700,58882.82399999999,17.664847199999997,signal
2024-08-13,000007,BUY,4.644639999999999,11600,53877.823999999986,16.163347199999993,signal
2024-08-13,000058,BUY,5.36536,9000,48288.24,14.486471999999997,signal
2024-08-14,000426,SELL,11.329588670399998,5000,56647.94335199999,73.64232635759998,stop_loss
2024-08-14,000061,SELL,5.1312948686999995,10000,51312.948687,66.70683329309999,stop_loss
2024-08-14,000014,BUY,8.41841,6400,53877.824,16.1633472,signal
2024-08-14,000592,BUY,1.4114099999999998,34800,49117.06799999999,14.735120399999996,signal
2024-08-14,000021,BUY,13.07306,3300,43141.098,12.942329399999998,signal
2024-08-15,000555,SELL,8.23176,7600,62561.376,81.32978879999999,hold_days
2024-08-15,000032,SELL,12.668187331799999,4000,50672.74932719999,65.87457412535998,stop_loss
2024-08-15,000007,SELL,4.500795499199999,11600,52209.22779071998,67.87199612793597,stop_loss
2024-08-15,000426,BUY,11.34133,4900,55572.517,16.6717551,signal
2024-08-15,000007,BUY,4.57457,11100,50777.727,15.233318099999998,signal
2024-08-15,000545,BUY,1.7317299999999998,26400,45717.67199999999,13.715301599999997,signal
2024-08-16,000609,SELL,1.8181800000000001,40700,73999.926,96.1999038,hold_days
2024-08-16,000029,SELL,10.779209999999999,6300,67909.023,88.2817299,hold_days
2024-08-16,000603,SELL,10.669319999999999,5700,60815.123999999996,79.0596612,hold_days
2024-08-16,000058,SELL,5.45454,9000,49090.86,63.818118,hold_days
2024-08-16,000426,SELL,11.8964881035,4900,58292.79170715,75.780629219295,take_profit
2024-08-16,000610,BUY,11.25124,6400,72007.936,21.6023808,signal
2024-08-16,000551,BUY,7.937929999999999,8100,64297.23299999999,19.289169899999997,signal
2024-08-16,000546,BUY,4.19419,13900,58299.240999999995,17.4897723,signal
2024-08-16,000403,BUY,19.399379999999997,2700,52378.325999999994,15.713497799999997,signal
2024-08-16,000567,BUY,5.41541,8700,47114.066999999995,14.134220099999997,signal
2024-08-19,000014,SELL,8.1576918423,6400,52209.227790720004,67.871996127936,stop_loss
2024-08-19,000592,SELL,1.40859,34800,49018.932,63.724611599999996,hold_days
2024-08-19,000021,SELL,12.96702,3300,42791.166,55.628515799999995,hold_days
2024-08-19,000007,SELL,4.432895567099999,11100,49205.14079480999,63.966683033252984,stop_loss
2024-08-19,000029,BUY,10.690679999999999,5800,62005.94399999999,18.601783199999996,signal
2024-08-19,000007,BUY,4.594589999999999,12100,55594.53899999999,16.678361699999996,signal
2024-08-19,000582,BUY,7.48748,6700,50166.115999999995,15.049834799999998,signal
2024-08-19,000020,BUY,9.91991,4500,44639.595,13.391878499999999,signal
2024-08-20,000545,SELL,1.8164981834999998,26400,47955.55204439999,62.342217657719985,take_profit
2024-08-20,000551,SELL,7.6920923078999985,8100,62305.94769398999,80.99773200218698,stop_loss
2024-08-20,000403,SELL,18.798581201399998,2700,50756.169243779994,65.98302001691398,stop_loss
2024-08-20,000567,SELL,5.247694752299999,8700,45654.94434500999,59.35142764851299,stop_loss
2024-08-20,000007,SELL,4.452295547699999,12100,53872.776127169986,70.03460896532098,stop_loss
2024-08-20,000020,SELL,9.6126903873,4500,43257.10674285,56.234238765705,stop_loss
2024-08-20,000639,BUY,2.3423399999999996,30300,70972.90199999999,21.291870599999996,signal
2024-08-20,000007,BUY,4.414409999999999,14500,64008.94499999999,19.202683499999996,signal
2024-08-20,000032,BUY,12.65264,4500,56936.88,17.081063999999998,signal
2024-08-20,000561,BUY,6.246239999999999,8300,51843.791999999994,15.553137599999998,signal
2024-08-20,000659,BUY,1.87187,24900,46609.562999999995,13.982868899999998,signal
2024-08-21,000610,SELL,11.05893,6400,70777.152,92.0102976,hold_days
2024-08-21,000546,SELL,4.0642959357,13900,56493.71350622999,73.44182755809899,stop_loss
2024-08-21,000639,SELL,2.2697977301999996,30300,68774.87122506,89.40733259257799,stop_loss
2024-08-21,000007,SELL,4.277695722299999,14500,62026.58797334998,80.63456436535498,stop_loss
2024-08-21,000032,SELL,12.2607877392,4500,55173.5448264,71.72560827432,stop_loss
2024-08-21,000639,BUY,2.29229,32000,73353.28,22.005983999999998,signal
2024-08-21,000065,BUY,8.528519999999999,7700,65669.60399999999,19.700881199999994,signal
2024-08-21,000007,BUY,4.32432,13700,59243.184,17.7729552,signal
2024-08-21,000014,BUY,7.99799,6600,52786.734,15.836020199999998,signal
2024-08-21,000035,BUY,4.174169999999999,11500,48002.954999999994,14.400886499999997,signal
2024-08-22,000029,SELL,10.55943,5800,61244.694,79.6181022,hold_days
2024-08-22,000582,SELL,7.44255,6700,49865.085,64.82461049999999,hold_days
2024-08-22,000561,SELL,6.551993447999999,8300,54381.54561839999,70.69600930392,take_profit
2024-08-22,000065,SELL,8.264391735599999,7700,63635.816364119986,82.72656127335598,stop_loss
2024-08-22,000048,BUY,12.282269999999999,5400,66324.25799999999,19.897277399999993,signal
2024-08-22,000603,BUY,10.64063,5600,59587.528,17.876258399999998,signal
2024-08-22,000032,BUY,12.452439999999998,4300,53545.49199999999,16.063647599999996,signal
2024-08-22,000070,BUY,3.9839799999999994,12100,48206.157999999996,14.461847399999998,signal
2024-08-22,000029,BUY,10.58057,4100,43380.337,13.0141011,signal
2024-08-23,000659,SELL,1.86813,24900,46516.437,60.47136809999999,hold_days
2024-08-23,000639,SELL,2.2212977787,32000,71081.5289184,92.40598759391999,stop_loss
2024-08-23,000007,SELL,4.1903958096,13700,57408.42259152,74.63094936897599,stop_loss
2024-08-23,000035,SELL,4.044895955099999,11500,46516.303483649994,60.47119452874499,stop_loss
2024-08-23,000603,SELL,10.3110896889,5600,57742.10225783999,75.06473293519198,stop_loss
2024-08-23,000007,BUY,4.264259999999999,15700,66948.88199999998,20.084664599999993,signal
2024-08-23,000065,BUY,8.288279999999999,7200,59675.61599999999,17.902684799999996,signal
2024-08-23,000411,BUY,8.74874,6200,54242.188,16.2726564,signal
2024-08-23,000505,BUY,4.82482,10100,48730.682,14.6192046,signal
2024-08-23,000155,BUY,8.628619999999998,5100,44005.96199999999,13.201788599999997,signal
2024-08-26,000014,SELL,7.7502922497,6600,51151.928848020005,66.497507502426,stop_loss
2024-08-26,000411,SELL,8.4777915222,6200,52562.30743764,68.330999668932,stop_loss
2024-08-26,000035,BUY,4.06406,12300,49987.937999999995,14.996381399999997,signal
2024-08-26,000078,BUY,2.1921899999999996,20500,44939.89499999999,13.481968499999995,signal
2024-08-27,000048,SELL,12.73725,5400,68781.15,89.41549499999999,hold_days
2024-08-27,000032,SELL,12.066787933199997,4300,51887.188112759985,67.45334454658797,stop_loss
2024-08-27,000070,SELL,4.05594,12100,49076.873999999996,63.79993619999999,hold_days
2024-08-27,000029,SELL,10.47951,4100,42965.990999999995,55.85578829999999,hold_days
2024-08-27,000007,SELL,4.472995527,15700,70226.02977390001,91.29383870607,take_profit
2024-08-27,000582,BUY,6.86686,10000,68668.6,20.60058,signal
2024-08-27,000048,BUY,12.762749999999999,4800,61261.2,18.378359999999997,signal
2024-08-27,000620,BUY,1.35135,41300,55810.755000000005,16.7432265,signal
2024-08-27,000415,BUY,2.45245,20500,50275.225,15.082567499999998,signal
2024-08-27,000600,BUY,4.12412,10900,44952.907999999996,13.485872399999998,signal
2024-08-28,000065,SELL,8.211780000000001,7200,59124.816000000006,76.8622608,hold_days
2024-08-28,000505,SELL,4.83516,10100,48835.116,63.4856508,hold_days
2024-08-28,000155,SELL,8.83116,5100,45038.916000000005,58.5505908,hold_days
2024-08-28,000048,SELL,12.367487632499998,4800,59363.94063599999,77.17312282679998,stop_loss
2024-08-28,000620,SELL,1.3094986905,41300,54082.29591764999,70.306984692945,stop_loss
2024-08-28,000069,BUY,1.8218199999999998,37000,67407.34,20.222201999999996,signal
2024-08-28,000620,BUY,1.31131,46200,60582.522,18.1747566,signal
2024-08-28,000403,BUY,17.93792,3000,53813.759999999995,16.144128,signal
2024-08-28,000002,BUY,6.296289999999999,7800,49111.06199999999,14.733318599999995,signal
2024-08-28,000048,BUY,12.442429999999998,3500,43548.50499999999,13.064551499999997,signal
2024-08-29,000035,SELL,4.1058900000000005,12300,50502.44700000001,65.65318110000001,hold_days
2024-08-29,000078,SELL,2.18781,20500,44850.104999999996,58.30513649999999,hold_days
2024-08-29,000620,SELL,1.3754986245,46200,63548.0364519,82.61244738747,take_profit
2024-08-29,000403,SELL,18.815981184,3000,56447.943552000004,73.3823266176,take_profit
2024-08-29,000620,BUY,1.3213199999999998,46500,61441.37999999999,18.432413999999994,signal
2024-08-29,000567,BUY,4.764759999999999,11600,55271.215999999986,16.581364799999996,signal
2024-08-29,000021,BUY,11.781769999999998,4200,49483.433999999994,14.845030199999997,signal
2024-08-29,000609,BUY,1.9018999999999997,23500,44694.649999999994,13.408394999999997,signal
2024-08-30,000582,SELL,6.763229999999999,10000,67632.29999999999,87.92198999999998,hold_days
2024-08-30,000415,SELL,2.43756,20500,49969.979999999996,64.960974,hold_days
2024-08-30,000600,SELL,4.16583,10900,45407.547,59.029811099999996,hold_days
2024-08-30,000069,SELL,1.9109980889999998,37000,70706.929293,91.91900808089999,take_profit
2024-08-30,000002,SELL,6.6044933955,7800,51515.0484849,66.96956303037,take_profit
2024-08-30,000620,SELL,1.3859986139999998,46500,64448.93555099999,83.78361621629998,take_profit
2024-08-30,000567,SELL,4.997995001999999,11600,57976.742023199986,75.36976463015998,take_profit
2024-08-30,000021,SELL,12.358487641499998,4200,51905.64809429999,67.47734252258999,take_profit
2024-08-30,000609,SELL,1.9949980049999998,23500,46882.453117499994,60.94718905274999,take_profit
2024-08-30,000609,BUY,1.9819799999999999,45800,90774.684,27.232405199999995,signal
2024-08-30,000547,BUY,6.126119999999999,13300,81477.396,24.443218799999997,signal
2024-08-30,000534,BUY,9.49949,7700,73146.073,21.9438219,signal
2024-08-30,000021,BUY,12.382369999999998,5300,65626.56099999999,19.687968299999994,signal
2024-08-30,000582,BUY,6.776769999999999,8800,59635.575999999994,17.890672799999997,signal
2024-09-02,000048,SELL,12.54744,3500,43916.04,57.090852,hold_days
2024-09-02,000609,SELL,1.9205980794,45800,87963.39203652,114.352409647476,stop_loss
2024-09-02,000534,SELL,9.2052907947,7700,70880.73911919,92.14496085494699,stop_loss
2024-09-02,000021,SELL,12.988487011499998,5300,68838.98116094999,89.49067550923498,take_profit
2024-09-02,000506,BUY,1.4214199999999997,56900,80878.79799999998,24.26363939999999,signal
2024-09-02,000428,BUY,2.96296,24600,72888.81599999999,21.866644799999996,signal
2024-09-02,000534,BUY,9.529519999999998,6800,64800.73599999999,19.440220799999995,signal
2024-09-02,000029,BUY,11.041029999999997,5300,58517.45899999999,17.555237699999996,signal
2024-09-02,000559,BUY,4.11411,12900,53072.019,15.921605699999999,signal
2024-09-03,000534,SELL,9.234390765599997,6800,62793.85720607998,81.63201436790396,stop_loss
2024-09-03,000567,BUY,4.594589999999999,11800,54216.16199999999,16.264848599999997,signal
2024-09-03,000061,BUY,5.15515,9400,48458.409999999996,14.537522999999998,signal
2024-09-03,000426,BUY,11.021009999999999,3900,42981.93899999999,12.894581699999996,signal
2024-09-03,000408,BUY,21.171149999999997,1800,38108.06999999999,11.432420999999996,signal
2024-09-04,000547,SELL,6.12387,13300,81447.471,105.8817123,hold_days
2024-09-04,000582,SELL,6.74325,8800,59340.6,77.14277999999999,hold_days
2024-09-04,000506,SELL,1.4909985089999997,56900,84837.81516209999,110.28915971072998,take_profit
2024-09-04,000426,SELL,10.679689320299998,3900,41650.78834916999,54.146024853920984,stop_loss
2024-09-04,000506,BUY,1.5615599999999998,40000,62462.399999999994,18.738719999999997,signal
2024-09-04,000561,BUY,6.146139999999999,9100,55929.87399999999,16.778962199999995,signal
2024-09-04,000547,BUY,6.13613,8200,50316.265999999996,15.094879799999998,signal
2024-09-04,000069,BUY,1.9119099999999998,23800,45503.45799999999,13.651037399999996,signal
2024-09-05,000428,SELL,2.98701,24600,73480.44600000001,95.52457980000001,hold_days
2024-09-05,000029,SELL,10.91907,5300,57871.070999999996,75.23239229999999,hold_days
2024-09-05,000559,SELL,4.275720000000001,12900,55156.78800000001,71.7038244,hold_days
2024-09-05,000506,SELL,1.5131984868,40000,60527.939472,78.68632131359999,stop_loss
2024-09-05,000425,BUY,6.126119999999999,10700,65549.484,19.6648452,signal
2024-09-05,000415,BUY,2.2022,26800,59018.96,17.705688,signal
2024-09-05,000029,BUY,10.940929999999998,4800,52516.46399999999,15.754939199999997,signal
2024-09-05,000630,BUY,2.7127099999999995,17700,48014.96699999999,14.404490099999995,signal
2024-09-06,000567,SELL,4.6353599999999995,11800,54697.24799999999,71.10642239999999,hold_days
2024-09-06,000061,SELL,5.2847100000000005,9400,49676.274000000005,64.5791562,hold_days
2024-09-06,000408,SELL,21.03894,1800,37870.092,49.23111959999999,hold_days
2024-09-06,000567,BUY,4.644639999999999,12300,57129.071999999986,17.138721599999993,signal
2024-09-06,000411,BUY,8.97897,5700,51180.129,15.354038699999998,signal
2024-09-06,000543,BUY,7.587579999999999,6100,46284.238,13.885271399999999,signal
2024-09-09,000561,SELL,6.013979999999999,9100,54727.21799999999,71.14538339999999,hold_days
2024-09-09,000547,SELL,6.0839099999999995,8200,49888.062,64.85448059999999,hold_days
2024-09-09,000069,SELL,1.88811,23800,44937.018,58.41812339999999,hold_days
2024-09-09,000425,SELL,5.936394063599999,10700,63519.41648051999,82.57524142467598,stop_loss
2024-09-09,000415,SELL,2.1339978659999996,26800,57191.14280879999,74.34848565143999,stop_loss
2024-09-09,000567,SELL,4.500795499199999,12300,55359.78464015998,71.96772003220798,stop_loss
2024-09-09,000543,SELL,7.352592647399999,6100,44850.81514913999,58.306059693881984,stop_loss
2024-09-09,000567,BUY,4.554549999999999,17300,78793.71499999998,23.638114499999993,signal
2024-09-09,000426,BUY,10.190179999999998,6900,70312.24199999998,21.093672599999994,signal
2024-09-09,000048,BUY,11.97196,5300,63451.388,19.0354164,signal
2024-09-09,000534,BUY,8.78878,6500,57127.06999999999,17.138120999999995,signal
2024-09-09,000039,BUY,7.017009999999999,7400,51925.873999999996,15.577762199999997,signal
2024-09-10,000029,SELL,11.2887,4800,54185.76,70.44148799999999,hold_days
2024-09-10,000630,SELL,2.72727,17700,48272.679,62.75448269999999,hold_days
2024-09-10,000411,SELL,8.7008912991,5700,49595.08040487,64.473604526331,stop_loss
2024-09-10,000426,SELL,9.874590125399997,6900,68134.67186525998,88.57507342483797,stop_loss
2024-09-10,000039,SELL,6.799693200299999,7400,50317.72968221999,65.41304858688599,stop_loss
2024-09-10,000415,BUY,2.1321299999999996,34600,73771.69799999999,22.131509399999995,signal
2024-09-10,000426,BUY,9.949939999999998,6600,65669.60399999999,19.700881199999994,signal
2024-09-10,000543,BUY,7.397389999999999,8000,59179.11999999999,17.753735999999996,signal
2024-09-10,000600,BUY,3.8738699999999997,13900,53846.793,16.1540379,signal
2024-09-10,000609,BUY,1.9619599999999997,24700,48460.41199999999,14.538123599999995,signal
2024-09-11,000415,SELL,2.0660979338999996,34600,71486.98851293999,92.93308506682199,stop_loss
2024-09-11,000426,SELL,9.641790358199996,6600,63635.81636411997,82.72656127335595,stop_loss
2024-09-11,000543,SELL,7.168292831699999,8000,57346.34265359999,74.55024544967998,stop_loss
2024-09-11,000415,BUY,2.1021,29900,62852.79,18.855836999999998,signal
2024-09-11,000543,BUY,7.24724,7800,56528.471999999994,16.958541599999997,signal
2024-09-11,000426,BUY,9.679669999999998,5200,50334.28399999999,15.100285199999997,signal
2024-09-11,000528,BUY,9.13126958744,5000,45656.3479372,13.69690438116,signal
2024-09-11,000620,BUY,1.35135,30600,41351.310000000005,12.405393,signal
2024-09-12,000567,SELL,4.4855100000000006,17300,77599.323,100.8791199,hold_days
2024-09-12,000048,SELL,11.968020000000001,5300,63430.50600000001,82.4596578,hold_days
2024-09-12,000534,SELL,8.72127,6500,56688.255000000005,73.6947315,hold_days
2024-09-12,000528,SELL,9.57824523374519,5000,47891.226168725945,62.258594019343725,take_profit
2024-09-12,000007,BUY,4.66466,13200,61573.511999999995,18.472053599999995,signal
2024-09-12,000657,BUY,7.347339999999999,7500,55105.049999999996,16.531515,signal
2024-09-12,000403,BUY,17.85784,2800,50001.952,15.000585599999997,signal
2024-09-12,000582,BUY,6.456449999999999,6900,44549.505,13.364851499999999,signal
2024-09-13,000600,SELL,3.84615,13900,53461.485,69.49993049999999,hold_days
2024-09-13,000609,SELL,1.93806,24700,47870.081999999995,62.23110659999999,hold_days
2024-09-13,000426,SELL,10.1534898465,5200,52798.1472018,68.63759136233999,take_profit
2024-09-13,000403,SELL,17.304782695199997,2800,48453.39154655999,62.989409010527986,stop_loss
2024-09-13,000403,BUY,16.396379999999997,3700,60666.60599999999,18.199981799999996,signal
2024-09-13,000338,BUY,10.72071,5100,54675.621,16.4026863,signal
2024-09-13,000600,BUY,3.8538499999999996,12800,49329.27999999999,14.798783999999996,signal
2024-09-13,000048,BUY,12.06205,3600,43423.38,13.027013999999998,signal
2024-09-18,000415,SELL,2.1278699999999997,29900,63623.312999999995,82.71030689999999,hold_days
2024-09-18,000543,SELL,7.23276,7800,56415.528,73.3401864,hold_days
2024-09-18,000620,SELL,1.3094986905,30600,40070.659929299996,52.09185790808999,stop_loss
2024-09-18,000007,SELL,4.892995107,13200,64587.5354124,83.96379603612,take_profit
2024-09-18,000048,SELL,11.688488311499999,3600,42078.557921399995,54.70212529781999,stop_loss
2024-09-18,000566,BUY,5.605599999999999,11900,66706.63999999998,20.011991999999992,signal
2024-09-18,000415,BUY,2.1321299999999996,28100,59912.85299999999,17.973855899999997,signal
2024-09-18,000035,BUY,4.06406,13300,54051.99799999999,16.215599399999995,signal
2024-09-18,000543,BUY,7.24724,6700,48556.507999999994,14.566952399999996,signal
2024-09-18,000007,BUY,4.75475,9200,43743.7,13.123109999999999,signal
2024-09-19,000657,SELL,7.706992293,7500,57802.4421975,75.14317485675,take_profit
2024-09-19,000582,SELL,6.60339,6900,45563.391,59.2324083,hold_days
2024-09-19,000338,SELL,11.2454887545,5100,57351.99264795,74.557590442335,take_profit
2024-09-19,000415,SELL,2.2364977635,28100,62845.58715435,81.699263300655,take_profit
2024-09-19,000007,SELL,4.9874950125,9200,45884.954115,59.650440349499995,take_profit
2024-09-19,000659,BUY,2.12212,31200,66210.144,19.8630432,signal
2024-09-19,000426,BUY,9.68968,6100,59107.047999999995,17.732114399999997,signal
2024-09-19,000061,BUY,5.305299999999999,10100,53583.52999999999,16.075058999999996,signal
2024-09-19,000029,BUY,11.681669999999999,4100,47894.846999999994,14.368454099999997,signal
2024-09-19,000036,BUY,3.0730699999999995,14200,43637.59399999999,13.091278199999996,signal
2024-09-20,000403,SELL,15.888584111399997,3700,58787.76121217999,76.42408957583399,stop_loss
2024-09-20,000600,SELL,3.8961,12800,49870.08,64.831104,hold_days
2024-09-20,000566,SELL,5.431994567999999,11900,64640.735359199985,84.03295596695997,stop_loss
2024-09-20,000659,SELL,2.2259977739999997,31200,69451.13054879999,90.28646971343998,take_profit
2024-09-20,000426,SELL,10.163989835999999,6100,62000.33799959999,80.60043939947998,take_profit
2024-09-20,000036,SELL,3.2234967764999998,14200,45773.654226299994,59.50575049418999,take_profit
2024-09-20,000069,BUY,1.9819799999999999,37400,74126.052,22.237815599999998,signal
2024-09-20,000036,BUY,3.1831799999999997,21000,66846.78,20.054033999999998,signal
2024-09-20,000428,BUY,2.93293,20500,60125.064999999995,18.0375195,signal
2024-09-20,000403,BUY,16.17616,3300,53381.328,16.014398399999997,signal
2024-09-20,000534,BUY,9.08908,5300,48172.123999999996,14.451637199999997,signal
2024-09-23,000035,SELL,4.05594,13300,53944.00199999999,70.12720259999999,hold_days
2024-09-23,000543,SELL,7.601992398,6700,50933.3490666,66.21335378658,take_profit
2024-09-23,000029,SELL,12.2534877465,4100,50239.29976065,65.311089688845,take_profit
2024-09-23,000403,SELL,15.675184324799998,3300,51728.10827183999,67.24654075339198,stop_loss
2024-09-23,000403,BUY,15.565549999999998,4100,63818.75499999999,19.145626499999995,signal
2024-09-23,000636,BUY,12.612599999999999,4600,58017.95999999999,17.405387999999995,signal
2024-09-23,000555,BUY,8.65865,6000,51951.9,15.585569999999999,signal
2024-09-23,000524,BUY,8.31831,5600,46582.536,13.974760799999999,signal
2024-09-23,000029,BUY,11.981969999999999,3500,41936.895,12.581068499999997,signal
2024-09-24,000061,SELL,5.564994434999999,10100,56206.44379349999,73.06837693154998,take_profit
2024-09-24,000069,SELL,2.078997921,37400,77754.5222454,101.08087891902,take_profit
2024-09-24,000403,SELL,15.083484916499998,4100,61842.28815764999,80.39497460494499,stop_loss
2024-09-24,000555,SELL,9.0824909175,6000,54494.945504999996,70.8434291565,take_profit
2024-09-24,000029,SELL,12.5684874315,3500,43989.706010249996,57.18661781332499,take_profit
2024-09-24,000403,BUY,15.055039999999998,4500,67747.68,20.324303999999994,signal
2024-09-24,000528,BUY,9.82573407816,6200,60919.551284592,18.2758653853776,signal
2024-09-24,000543,BUY,7.637629999999999,7100,54227.17299999999,16.268151899999996,signal
2024-09-24,000338,BUY,11.651639999999999,4200,48936.88799999999,14.681066399999997,signal
2024-09-24,000408,BUY,21.611589999999996,2000,43223.17999999999,12.966953999999998,signal
2024-09-25,000036,SELL,3.338996661,21000,70118.929881,91.1546088453,take_profit
2024-09-25,000428,SELL,3.0764969235,20500,63068.18693175,81.988643011275,take_profit
2024-09-25,000534,SELL,9.533990465999999,5300,50530.149469799995,65.68919431073999,take_profit
2024-09-25,000636,SELL,13.229986769999998,4600,60857.93914199999,79.11532088459998,take_profit
2024-09-25,000524,SELL,8.725491274500001,5600,48862.75113720001,63.52157647836001,take_profit
2024-09-25,000403,SELL,15.791984207999999,4500,71063.928936,92.38310761679999,take_profit
2024-09-25,000528,SELL,10.306703761285933,6200,63901.56331997278,83.0720323159646,take_profit
2024-09-25,000543,SELL,7.401092598899999,7100,52547.757452189995,68.31208468784699,stop_loss
2024-09-25,000338,SELL,12.221987777999999,4200,51332.348667599996,66.73205326787999,take_profit
2024-09-25,000408,SELL,22.669477330499998,2000,45338.954660999996,58.94064105929999,take_profit
2024-09-25,000403,BUY,15.72571,6200,97499.402,29.2498206,signal
2024-09-25,000523,BUY,2.6026,33900,88228.14,26.468441999999996,signal
2024-09-25,000530,BUY,3.7754997279999993,21000,79285.49428799999,23.785648286399994,signal
2024-09-25,000534,BUY,9.53953,7400,70592.522,21.1777566,signal
2024-09-25,000061,BUY,5.62562,11400,64132.068,19.2396204,signal
2024-09-26,000403,SELL,16.4954835045,6200,102271.9977279,132.95359704627,take_profit
2024-09-26,000523,SELL,2.72999727,33900,92546.907453,120.3109796889,take_profit
2024-09-26,000036,BUY,3.2732699999999997,23600,77249.17199999999,23.174751599999997,signal
2024-09-26,000609,BUY,1.9719699999999998,35300,69610.541,20.8831623,signal
2024-09-26,000501,BUY,6.976969999999999,9000,62792.72999999999,18.837818999999996,signal
2024-09-26,000048,BUY,12.612599999999999,4400,55495.439999999995,16.648631999999996,signal
2024-09-26,000408,BUY,22.50248,2200,49505.456,14.851636799999998,signal
2024-09-27,000530,SELL,3.9603104396855997,21000,83166.51923339759,108.11647500341685,take_profit
2024-09-27,000534,SELL,10.0064899935,7400,74048.02595190001,96.26243373747,take_profit
2024-09-27,000036,SELL,3.4334965664999997,23600,81030.51896939999,105.33967466021997,take_profit
2024-09-27,000501,SELL,7.318492681499999,9000,65866.43413349999,85.62636437354999,take_profit
2024-09-27,000048,SELL,13.229986769999998,4400,58211.94178799999,75.67552432439999,take_profit
2024-09-27,000408,SELL,23.603976395999997,2200,51928.748071199996,67.50737249256,take_profit
2024-09-27,000534,BUY,10.1101,8600,86946.85999999999,26.08405799999999,signal
2024-09-27,000065,BUY,9.25925,8400,77777.7,23.333309999999997,signal
2024-09-27,000048,BUY,13.64363,5100,69582.513,20.8747539,signal
2024-09-27,000559,BUY,4.774769999999999,13300,63504.44099999999,19.051332299999995,signal
2024-09-27,000417,BUY,4.524519999999999,12700,57461.40399999999,17.238421199999994,signal
2024-09-30,000061,SELL,5.900994098999999,11400,67271.33272859998,87.45273254717998,take_profit
2024-09-30,000609,SELL,2.0684979314999996,35300,73017.97698194999,94.92337007653498,take_profit
2024-09-30,000534,SELL,10.604989395,8600,91202.90879700001,118.56378143610002,take_profit
2024-09-30,000065,SELL,9.7124902875,8400,81584.918415,106.06039393949999,take_profit
2024-09-30,000048,SELL,14.3114856885,5100,72988.57701135,94.885150114755,take_profit
2024-09-30,000559,SELL,5.008494991499999,13300,66612.98338694999,86.59687840303498,take_profit
2024-09-30,000417,SELL,4.745995253999999,12700,60274.13972579999,78.35638164353999,take_profit
2024-09-30,000534,BUY,10.68067,9300,99330.231,29.799069299999996,signal
2024-09-30,000420,BUY,3.2832799999999995,28300,92916.824,27.875047199999994,signal
2024-09-30,000061,BUY,5.98598,14000,83803.72,25.141115999999997,signal
2024-09-30,000035,BUY,4.79479,15700,75278.203,22.583460899999995,signal
2024-09-30,000559,BUY,4.924919999999999,13700,67471.404,20.241421199999998,signal
2024-10-08,000534,SELL,11.203488796499999,9300,104192.44580744999,135.45017954968498,take_profit
2024-10-08,000420,SELL,3.4439965559999997,28300,97465.1025348,126.70463329523999,take_profit
2024-10-08,000061,SELL,6.278993721,14000,87905.912094,114.27768572219999,take_profit
2024-10-08,000035,SELL,5.0294949705,15700,78963.07103685,102.651992347905,take_profit
2024-10-08,000559,SELL,5.165994833999999,13700,70774.12922579999,92.00636799353998,take_profit
2024-10-08,000035,BUY,5.525519999999999,18000,99459.35999999999,29.837807999999992,signal
2024-10-09,000035,SELL,5.354394645599999,18000,96379.10362079999,125.29283470703997,stop_loss
2024-10-10,000582,BUY,7.497489999999999,13300,99716.61699999998,29.914985099999992,signal
2024-10-10,000061,BUY,6.13613,15400,94496.40199999999,28.348920599999992,signal
2024-10-14,000407,BUY,2.9429399999999997,28900,85050.96599999999,25.515289799999994,signal
2024-10-14,000411,BUY,9.72972,7800,75891.816,22.7675448,signal
2024-10-15,000582,SELL,7.5924,13300,100978.92,131.272596,hold_days
2024-10-15,000061,SELL,6.1438500000000005,15400,94615.29000000001,122.999877,hold_days
2024-10-15,000582,BUY,7.607599999999999,11600,88248.15999999999,26.474447999999995,signal
2024-10-15,000593,BUY,5.345339999999999,14900,79645.56599999999,23.893669799999994,signal
2024-10-16,000582,SELL,7.371992627999998,11600,85515.11448479998,111.16964883023998,stop_loss
2024-10-16,000593,SELL,5.179794820199999,14900,77178.94282097998,100.33262566727397,stop_loss
2024-10-16,000060,BUY,4.604599999999999,19100,87947.85999999997,26.384357999999988,signal
2024-10-16,000609,BUY,1.8318299999999998,43300,79318.23899999999,23.795471699999993,signal
2024-10-16,000593,BUY,5.2052,13700,71311.23999999999,21.393371999999996,signal
2024-10-16,000559,BUY,4.884879999999999,13100,63991.927999999985,19.197578399999994,signal
2024-10-17,000407,SELL,2.98701,28900,86324.589,112.2219657,hold_days
2024-10-17,000411,SELL,9.920069999999999,7800,77376.54599999999,100.58950979999997,hold_days
2024-10-17,000609,SELL,1.9214980785,43300,83200.86679905,108.16112683876499,take_profit
2024-10-17,000593,SELL,5.45999454,13700,74801.925198,97.24250275739999,take_profit
2024-10-17,000411,BUY,9.939929999999999,9000,89459.36999999998,26.83781099999999,signal
2024-10-17,000609,BUY,1.9219199999999996,42200,81105.02399999999,24.331507199999994,signal
2024-10-17,000070,BUY,4.57457,15900,72735.663,21.820698899999996,signal
2024-10-18,000411,SELL,9.632090367899998,9000,86688.81331109999,112.69545730442998,stop_loss
2024-10-18,000609,SELL,1.8623981375999996,42200,78593.20140671998,102.17116182873596,stop_loss
2024-10-18,000506,BUY,1.7617599999999998,46600,82098.01599999999,24.629404799999996,signal
2024-10-18,000407,BUY,2.93293,25200,73909.836,22.172950799999995,signal
2024-10-21,000060,SELL,4.6353599999999995,19100,88535.37599999999,115.09598879999999,hold_days
2024-10-21,000559,SELL,5.0149799999999995,13100,65696.238,85.40510939999999,hold_days
2024-10-21,000506,SELL,1.847998152,46600,86116.71388319999,111.95172804815998,take_profit
2024-10-21,000506,BUY,1.85185,48900,90555.465,27.166639499999995,signal
2024-10-22,000070,SELL,4.7984952015,15900,76296.07370385,99.18489581500499,take_profit
2024-10-22,000070,BUY,4.684679999999999,19000,89008.91999999998,26.702675999999993,signal
2024-10-22,000582,BUY,7.547539999999999,10600,80003.92399999998,24.001177199999994,signal
2024-10-23,000407,SELL,2.98701,25200,75272.652,97.8544476,hold_days
2024-10-23,000506,SELL,1.9424980575000002,48900,94988.15501175,123.484601515275,take_profit
2024-10-23,000070,SELL,4.913995085999999,19000,93365.90663399998,121.37567862419998,take_profit
2024-10-23,000506,BUY,2.0420399999999996,48200,98426.32799999998,29.52789839999999,signal
2024-10-25,000582,SELL,7.66233,10600,81220.698,105.5869074,hold_days
2024-10-25,000506,SELL,2.1419978579999994,48200,103244.29675559998,134.21758578227997,take_profit
2024-10-25,000506,BUY,2.2522499999999996,44400,99999.89999999998,29.99996999999999,signal
2024-10-25,000078,BUY,2.5725699999999994,37700,96985.88899999998,29.09576669999999,signal
2024-10-28,000078,SELL,2.6984973014999993,37700,101733.34826654998,132.25335274651496,take_profit
2024-10-28,000600,BUY,4.7047,20700,97387.29,29.216186999999994,signal
2024-10-28,000523,BUY,3.1031,28300,87817.73,26.345318999999996,signal
2024-10-28,000407,BUY,3.1231199999999997,25300,79014.93599999999,23.704480799999995,signal
2024-10-28,000633,BUY,5.004999999999999,14200,71070.99999999999,21.321299999999994,signal
2024-10-28,000070,BUY,5.475469999999999,11700,64062.99899999998,19.218899699999994,signal
2024-10-29,000506,SELL,2.3624976374999997,44400,104894.89510499999,136.36336363649997,take_profit
2024-10-29,000600,SELL,4.934995065,20700,102154.3978455,132.80071719915,take_profit
2024-10-29,000523,SELL,3.254996745,28300,92116.40788350001,119.75133024855,take_profit
2024-10-29,000633,SELL,5.249994749999999,14200,74549.92544999998,96.91490308499996,take_profit
2024-10-29,000506,BUY,2.48248,38200,94830.73599999999,28.449220799999996,signal
2024-10-29,000403,BUY,17.47746,4800,83891.808,25.1675424,signal
2024-10-29,000501,BUY,8.018009999999999,9600,76972.89599999998,23.091868799999993,signal
2024-10-29,000419,BUY,5.285279999999999,13100,69237.16799999999,20.771150399999996,signal
2024-10-29,000060,BUY,4.894889999999999,12700,62165.10299999999,18.649530899999995,signal
2024-10-30,000070,SELL,5.743494256499998,11700,67198.88280104999,87.35854764136498,take_profit
2024-10-30,000403,SELL,16.936183063799998,4800,81293.67870624,105.68178231811198,stop_loss
2024-10-30,000419,SELL,5.121594878399999,13100,67092.89290703999,87.22076077915199,stop_loss
2024-10-30,000060,SELL,4.743295256699999,12700,60239.84976008999,78.31180468811698,stop_loss
2024-10-30,000403,BUY,16.806789999999996,4900,82353.27099999998,24.70598129999999,signal
2024-10-30,000639,BUY,2.99299,25200,75423.348,22.627004399999997,signal
2024-10-30,000629,BUY,2.8228199999999997,24100,68029.96199999998,20.408988599999994,signal
2024-10-30,000060,BUY,4.764759999999999,12800,60988.927999999985,18.296678399999994,signal
2024-10-30,000582,BUY,7.587579999999999,7200,54630.575999999994,16.389172799999997,signal
2024-10-31,000407,SELL,3.11688,25300,78857.064,102.51418319999999,hold_days
2024-10-31,000506,SELL,2.603997396,38200,99472.7005272,129.31451068535998,take_profit
2024-10-31,000639,SELL,3.1394968605,25200,79115.3208846,102.84991714998,take_profit
2024-10-31,000506,BUY,2.7327299999999997,27500,75150.075,22.545022499999998,signal
2024-10-31,000530,BUY,4.5802773016,14800,67788.10406368,20.336431219104,signal
2024-10-31,000639,BUY,3.0530499999999994,20000,61060.999999999985,18.318299999999994,signal
2024-10-31,000523,BUY,3.1931899999999995,17200,54922.867999999995,16.476860399999996,signal
2024-10-31,000061,BUY,6.6065999999999985,7400,48888.83999999999,14.666651999999996,signal
2024-11-01,000501,SELL,7.91208,9600,75955.968,98.74275839999999,hold_days
2024-11-01,000629,SELL,2.960997039,24100,71360.0286399,92.76803723187,take_profit
2024-11-01,000060,SELL,4.997995001999999,12800,63974.33602559999,83.16663683327998,take_profit
2024-11-01,000506,SELL,2.8664971335,27500,78828.67117125,102.47727252262499,take_profit
2024-11-01,000530,SELL,4.438426113569448,14800,65688.70648082782,85.39531842507617,stop_loss
2024-11-01,000639,SELL,3.2024967975,20000,64049.93595,83.264916735,take_profit
2024-11-01,000061,SELL,6.401993597999998,7400,47374.75262519999,61.58717841275998,stop_loss
2024-11-01,000506,BUY,2.87287,31700,91069.97899999999,27.320993699999995,signal
2024-11-01,000534,BUY,11.531519999999999,7100,81873.79199999999,24.562137599999993,signal
2024-11-01,000078,BUY,2.7827799999999994,26500,73743.66999999998,22.123100999999995,signal
2024-11-01,000600,BUY,4.79479,13800,66168.102,19.8504306,signal
2024-11-01,000543,BUY,7.48748,8000,59899.84,17.969951999999996,signal
2024-11-04,000403,SELL,16.6833,4900,81748.17,106.27262099999999,hold_days
2024-11-04,000582,SELL,7.54245,7200,54305.64,70.597332,hold_days
2024-11-04,000534,SELL,11.174388825599998,7100,79338.16066175999,103.13960886028798,stop_loss
2024-11-04,000078,SELL,2.6965973033999995,26500,71459.82854009999,92.89777710212998,stop_loss
2024-11-04,000534,BUY,11.011,7500,82582.5,24.774749999999997,signal
2024-11-04,000403,BUY,16.716699999999996,4400,73553.47999999998,22.06604399999999,signal
2024-11-04,000582,BUY,7.557549999999999,8800,66506.43999999999,19.951931999999996,signal
2024-11-04,000407,BUY,3.1231199999999997,19300,60276.21599999999,18.082864799999996,signal
2024-11-04,000061,BUY,6.37637,8500,54199.145,16.2597435,signal
2024-11-05,000523,SELL,3.17682,17200,54641.304000000004,71.0336952,hold_days
2024-11-05,000506,SELL,3.0134969865,31700,95527.85447204999,124.18621081366499,take_profit
2024-11-05,000534,SELL,11.54998845,7500,86624.913375,112.6123873875,take_profit
2024-11-05,000403,SELL,17.534982464999995,4400,77153.92284599997,100.30009969979996,take_profit
2024-11-05,000506,BUY,3.16316,25300,80027.948,24.0083844,signal
2024-11-05,000060,BUY,4.96496,14500,71991.92,21.597575999999997,signal
2024-11-05,000403,BUY,17.03702,3800,64740.67599999999,19.422202799999997,signal
2024-11-06,000600,SELL,4.815180000000001,13800,66449.48400000001,86.38432920000001,hold_days
2024-11-06,000543,SELL,7.41258,8000,59300.64,77.09083199999999,hold_days
2024-11-06,000061,SELL,6.688493311499999,8500,56852.19314775,73.90785109207499,take_profit
2024-11-06,000403,SELL,17.870982128999998,3800,67909.73209019999,88.28265171725998,take_profit
2024-11-06,000428,BUY,3.43343,24300,83432.349,25.0297047,signal
2024-11-06,000533,BUY,4.06406,18500,75185.10999999999,22.555532999999993,signal
2024-11-06,000403,BUY,17.847829999999995,3700,66036.97099999998,19.81109129999999,signal
2024-11-06,000061,BUY,6.61661,9200,60872.812,18.2618436,signal
2024-11-06,000600,BUY,4.82482,11400,55002.948,16.500884399999997,signal
2024-11-07,000582,SELL,7.632359999999999,8800,67164.768,87.3141984,hold_days
2024-11-07,000407,SELL,3.2759967239999996,19300,63226.73677319999,82.19475780515998,take_profit
2024-11-07,000506,SELL,3.3179966820000004,25300,83945.31605460001,109.12891087098001,take_profit
2024-11-07,000428,SELL,3.6014963985,24300,87516.36248355001,113.771271228615,take_profit
2024-11-07,000403,SELL,17.295082704899993,3700,63991.80600812998,83.18934781056896,stop_loss
2024-11-07,000061,SELL,6.9404930595,9200,63852.536147399995,83.00829699161999,take_profit
2024-11-07,000506,BUY,3.49349,26400,92228.136,27.668440799999996,signal
2024-11-07,000061,BUY,6.806799999999999,12200,83042.95999999999,24.912887999999995,signal
2024-11-07,000403,BUY,17.40739,4300,74851.777,22.4555331,signal
2024-11-07,000400,BUY,30.610579999999995,2200,67343.27599999998,20.202982799999994,signal
2024-11-07,000419,BUY,5.19519,11600,60264.204000000005,18.0792612,signal
2024-11-08,000060,SELL,5.207994792,14500,75515.924484,98.1707018292,take_profit
2024-11-08,000533,SELL,4.262995737,18500,78865.4211345,102.52504747484998,take_profit
2024-11-08,000061,SELL,7.1399928599999996,12200,87107.912892,113.24028675959998,take_profit
2024-11-08,000419,SELL,5.449494550500001,11600,63214.13678580001,82.17837782154001,take_profit
2024-11-08,000582,BUY,7.927919999999999,10700,84828.74399999999,25.448623199999997,signal
2024-11-08,000061,BUY,7.137129999999999,10700,76367.291,22.910187299999997,signal
2024-11-08,000419,BUY,5.45545,12600,68738.67,20.621601,signal
2024-11-08,000528,BUY,12.124974621759998,5100,61837.37057097599,18.551211171292795,signal
2024-11-08,000039,BUY,8.708699999999999,6400,55735.67999999999,16.720703999999998,signal
2024-11-11,000600,SELL,4.87512,11400,55576.368,72.2492784,hold_days
2024-11-11,000506,SELL,3.6644963355,26400,96742.7032572,125.76551423436,take_profit
2024-11-11,000400,SELL,29.662570337399995,2200,65257.654742279985,84.83495116496398,stop_loss
2024-11-11,000061,SELL,6.916093083899999,10700,74002.19599772998,96.20285479704897,stop_loss
2024-11-11,000419,SELL,5.2864947135,12600,66609.8333901,86.59278340713,stop_loss
2024-11-11,000528,SELL,11.74946415772409,5100,59922.267204392854,77.89894736571071,stop_loss
2024-11-11,000039,SELL,8.438991560999998,6400,54009.54599039999,70.21240978751997,stop_loss
2024-11-11,000506,BUY,3.8438399999999993,25300,97249.15199999999,29.174745599999994,signal
2024-11-11,000564,BUY,2.7927899999999997,31400,87693.60599999999,26.308081799999993,signal
2024-11-11,000338,BUY,13.363349999999999,5900,78843.765,23.6531295,signal
2024-11-12,000403,SELL,17.60238,4300,75690.234,98.3973042,hold_days
2024-11-12,000506,SELL,3.7247962751999992,25300,94237.34576255998,122.50854949132797,stop_loss
2024-11-12,000564,SELL,2.7062972936999996,31400,84977.73502217999,110.47105552883397,stop_loss
2024-11-12,000506,BUY,4.03403,23900,96413.317,28.923995099999996,signal
2024-11-12,000543,BUY,7.57757,11400,86384.298,25.915289399999995,signal
2024-11-12,000600,BUY,4.93493,15800,77971.894,23.3915682,signal
2024-11-12,000403,BUY,17.63762,3900,68786.718,20.636015399999998,signal
2024-11-12,000060,BUY,5.075069999999999,12500,63438.37499999999,19.031512499999995,signal
2024-11-13,000582,SELL,7.6823923176,10700,82201.59779832,106.86207713781599,stop_loss
2024-11-13,000506,SELL,3.9090960908999994,23900,93427.39657250998,121.45561554426297,stop_loss
2024-11-13,000582,BUY,7.9079,9400,74334.26,22.300277999999995,signal
2024-11-14,000338,SELL,12.949487050499998,5900,76401.97359795,99.32256567733499,stop_loss
2024-11-14,000543,SELL,7.342892657099999,11400,83708.97629093999,108.82166917822198,stop_loss
2024-11-14,000600,SELL,4.782095217899999,15800,75557.10444282,98.22423577566599,stop_loss
2024-11-14,000403,SELL,17.0913829086,3900,66656.39334354,86.653311346602,stop_loss
2024-11-14,000060,SELL,4.917895082099999,12500,61473.68852624999,79.91579508412498,stop_loss
2024-11-14,000582,SELL,7.6629923369999995,9400,72032.1279678,93.64176635813999,stop_loss
2024-11-14,000403,BUY,17.39738,5700,99165.06599999999,29.749519799999995,signal
2024-11-14,000582,BUY,7.727719999999999,12900,99687.58799999999,29.906276399999992,signal
2024-11-14,000543,BUY,7.507499999999999,12100,90840.74999999999,27.252224999999992,signal
2024-11-15,000403,SELL,16.858583141399997,5700,96093.92390597999,124.92210107777397,stop_loss
2024-11-15,000582,SELL,7.488392511599998,12900,96600.26339963998,125.58034241953197,stop_loss
2024-11-15,000543,SELL,7.274992725,12100,88027.41197249999,114.43563556424998,stop_loss
2024-11-15,000547,BUY,8.46846,11800,99927.82800000001,29.9783484,signal
2024-11-15,000078,BUY,2.93293,34000,99719.62,29.915885999999997,signal
2024-11-15,000060,BUY,4.82482,18600,89741.652,26.922495599999998,signal
2024-11-15,000403,BUY,17.02701,4700,80026.947,24.008084099999998,signal
2024-11-15,000543,BUY,7.33733,9900,72639.567,21.791870099999997,signal
2024-11-18,000547,SELL,8.2061917938,11800,96833.06316684,125.882982116892,stop_loss
2024-11-18,000078,SELL,2.8420971579,34000,96631.3033686,125.62069437918,stop_loss
2024-11-18,000048,BUY,15.755739999999998,5300,83505.42199999999,25.051626599999995,signal
2024-11-18,000400,BUY,29.028999999999996,2600,75475.4,22.642619999999997,signal
2024-11-18,000505,BUY,6.386379999999999,10800,68972.904,20.691871199999998,signal
2024-11-18,000528,BUY,10.886200124799998,5700,62051.34071135999,18.615402213407997,signal
2024-11-18,000630,BUY,3.1531499999999997,17700,55810.755,16.7432265,signal
2024-11-19,000403,SELL,16.4996835003,4700,77548.51245141,100.813066186833,stop_loss
2024-11-19,000048,SELL,15.267784732199997,5300,80919.25908065999,105.19503680485798,stop_loss
2024-11-19,000400,SELL,28.129971869999995,2600,73137.926862,95.07930492059998,stop_loss
2024-11-19,000400,BUY,28.258229999999998,2600,73471.39799999999,22.041419399999995,signal
2024-11-19,000061,BUY,6.49649,10100,65614.549,19.6843647,signal
2024-11-19,000419,BUY,5.225219999999999,11400,59567.507999999994,17.8702524,signal
2024-11-19,000407,BUY,3.23323,16600,53671.617999999995,16.101485399999998,signal
2024-11-19,000403,BUY,16.63662,2900,48246.198000000004,14.4738594,signal
2024-11-20,000060,SELL,4.7951999999999995,18600,89190.71999999999,115.94793599999998,hold_days
2024-11-20,000543,SELL,7.34265,9900,72692.235,94.4999055,hold_days
2024-11-20,000400,SELL,27.383072616899998,2600,71195.98880394,92.554785445122,stop_loss
2024-11-20,000078,BUY,2.8528499999999997,23400,66756.68999999999,20.027006999999994,signal
2024-11-20,000428,BUY,3.29329,18200,59937.878,17.981363399999996,signal
2024-11-20,000582,BUY,7.507499999999999,7200,54053.99999999999,16.216199999999997,signal
2024-11-21,000505,SELL,6.4635299999999996,10800,69806.124,90.74796119999999,hold_days
2024-11-21,000528,SELL,10.98620623656,5700,62621.375548391996,81.4077882129096,hold_days
2024-11-21,000630,SELL,3.18681,17700,56406.537,73.32849809999999,hold_days
2024-11-21,000061,SELL,6.8144931855,10100,68826.38117355,89.474295525615,take_profit
2024-11-21,000630,BUY,3.1931899999999995,23300,74401.32699999999,22.320398099999995,signal
2024-11-21,000543,BUY,7.427419999999999,9000,66846.77999999998,20.054033999999994,signal
2024-11-21,000610,BUY,12.5125,4800,60060.0,18.017999999999997,signal
2024-11-21,000505,BUY,6.476469999999999,8300,53754.700999999994,16.126410299999996,signal
2024-11-22,000419,SELL,5.34465,11400,60929.009999999995,79.20771299999998,hold_days
2024-11-22,000407,SELL,3.3914966085,16600,56298.8437011,73.18849681143,take_profit
2024-11-22,000403,SELL,16.1213838786,2900,46752.01324794,60.77761722232199,stop_loss
2024-11-22,000078,SELL,2.7644972354999995,23400,64689.23531069999,84.09600590390998,stop_loss
2024-11-22,000630,SELL,3.0942969056999994,23300,72097.11790280999,93.72625327365297,stop_loss
2024-11-22,000543,SELL,7.790992208999999,9000,70118.92988099999,91.15460884529998,take_profit
2024-11-22,000543,BUY,7.57757,11300,85626.541,25.687962299999995,signal
2024-11-22,000403,BUY,16.806789999999996,4600,77311.23399999998,23.193370199999993,signal
2024-11-22,000630,BUY,3.1831799999999997,21800,69393.324,20.817997199999997,signal
2024-11-22,000400,BUY,27.857829999999996,2200,61287.225999999995,18.386167799999996,signal
2024-11-22,000524,BUY,9.71971,5800,56374.31799999999,16.912295399999998,signal
2024-11-25,000428,SELL,3.22677,18200,58727.214,76.3453782,hold_days
2024-11-25,000582,SELL,7.274992725,7200,52379.94762,68.093931906,stop_loss
2024-11-25,000505,SELL,6.275893724099999,8300,52089.91791002999,67.71689328303898,stop_loss
2024-11-25,000543,SELL,7.342892657099999,11300,82974.68702522999,107.86709313279897,stop_loss
2024-11-25,000403,SELL,16.286283713699994,4600,74916.90508301997,97.39197660792595,stop_loss
2024-11-25,000630,SELL,3.0845969153999997,21800,67244.21275572,87.417476582436,stop_loss
2024-11-25,000400,SELL,26.995073004899993,2200,59389.16061077998,77.20590879401398,stop_loss
2024-11-25,000524,SELL,9.418690581299998,5800,54628.405371539986,71.01692698300198,stop_loss
2024-11-25,000048,BUY,14.854839999999998,6700,99527.42799999999,29.858228399999994,signal
2024-11-25,000403,BUY,16.13612,5600,90362.272,27.108681599999997,signal
2024-11-25,000061,BUY,7.047039999999999,11600,81745.66399999999,24.523699199999996,signal
2024-11-25,000524,BUY,9.38938,7800,73237.16399999999,21.971149199999996,signal
2024-11-25,000629,BUY,2.89289,23000,66536.47,19.960941,signal
2024-11-26,000610,SELL,13.124986875000001,4800,62999.937000000005,81.89991810000001,take_profit
2024-11-26,000524,SELL,9.848990150999999,7800,76822.1231778,99.86876013114,take_profit
2024-11-26,000407,BUY,3.3833799999999994,21800,73757.684,22.127305199999995,signal
2024-11-26,000425,BUY,7.617609999999999,8700,66273.207,19.881962099999996,signal
2024-11-27,000629,SELL,2.8032971966999995,23000,64475.83552409999,83.81858618132998,stop_loss
2024-11-27,000407,SELL,3.278596721399999,21800,71473.40852651998,92.91543108447597,stop_loss
2024-11-27,000526,BUY,41.691649999999996,1700,70875.805,21.262741499999997,signal
2024-11-27,000636,BUY,14.664649999999998,4500,65990.92499999999,19.797277499999996,signal
2024-11-27,000582,BUY,7.317309999999999,8100,59270.210999999996,17.781063299999996,signal
2024-11-27,000630,BUY,3.0730699999999995,17500,53778.72499999999,16.133617499999996,signal
2024-11-28,000048,SELL,15.581984417999998,6700,104399.29560059999,135.71908428077998,take_profit
2024-11-28,000403,SELL,16.03395,5600,89790.12000000001,116.72715600000001,hold_days
2024-11-28,000061,SELL,7.391992608,11600,85747.11425279999,111.47124852863999,take_profit
2024-11-28,000425,SELL,7.990492009499999,8700,69517.28048264999,90.37246462744498,take_profit
2024-11-28,000617,BUY,7.177169999999999,11600,83255.17199999999,24.976551599999997,signal
2024-11-28,000400,BUY,25.945919999999997,2800,72648.57599999999,21.794572799999994,signal
2024-11-28,000002,BUY,8.438429999999999,8000,67507.43999999999,20.252231999999996,signal
2024-11-28,000528,BUY,10.567121845279997,5700,60232.59451809598,18.06977835542879,signal
2024-11-28,000403,BUY,16.06605,3400,54624.57,16.387370999999998,signal
2024-11-29,000526,SELL,43.7324562675,1700,74345.17565475,96.648728351175,take_profit
2024-11-29,000400,SELL,25.1423748576,2800,70398.64960128,91.518244481664,stop_loss
2024-11-29,000633,BUY,5.355349999999999,11900,63728.664999999986,19.118599499999995,signal
2024-11-29,000400,BUY,25.004979999999996,2300,57511.45399999999,17.253436199999996,signal
2024-11-29,000505,BUY,6.8168099999999985,7600,51807.75599999999,15.542326799999994,signal
2024-12-02,000636,SELL,15.174809999999999,4500,68286.64499999999,88.77263849999999,hold_days
2024-12-02,000582,SELL,7.46253,8100,60446.493,78.5804409,hold_days
2024-12-02,000630,SELL,3.2234967764999998,17500,56411.19358874999,73.33455166537499,take_profit
2024-12-02,000528,SELL,10.239858081731676,5700,58367.19106587055,75.87734838563172,stop_loss
2024-12-02,000505,SELL,7.150492849499999,7600,54343.74565619999,70.64686935305998,take_profit
2024-12-02,000543,BUY,7.447439999999999,10200,75963.88799999999,22.789166399999996,signal
2024-12-02,000501,BUY,8.618609999999999,7900,68087.01899999999,20.426105699999994,signal
2024-12-02,000528,BUY,10.473275292479999,5900,61792.32422563199,18.537697267689598,signal
2024-12-02,000523,BUY,3.3032999999999992,16900,55825.76999999999,16.747730999999995,signal
2024-12-02,000338,BUY,12.692679999999998,3900,49501.45199999999,14.850435599999996,signal
2024-12-03,000617,SELL,7.5284924715,11600,87330.51266939999,113.52966647021998,take_profit
2024-12-03,000002,SELL,8.641350000000001,8000,69130.8,89.87004,hold_days
2024-12-03,000403,SELL,16.353630000000003,3400,55602.34200000001,72.28304460000001,hold_days
2024-12-03,000400,SELL,26.228973770999996,2300,60326.63967329999,78.42463157529,take_profit
2024-12-03,000528,SELL,10.985942118046895,5900,64817.058496476675,84.26217604541968,take_profit
2024-12-03,000078,BUY,2.99299,26400,79014.936,23.7044808,signal
2024-12-03,000069,BUY,3.1031,22900,71060.99,21.318297,signal
2024-12-03,000070,BUY,6.04604,10500,63483.42,19.045025999999996,signal
2024-12-03,000020,BUY,14.754739999999998,3900,57543.48599999999,17.263045799999997,signal
2024-12-03,000035,BUY,5.32532,9700,51655.604,15.496681199999998,signal
2024-12-04,000633,SELL,5.45454,11900,64909.026,84.38173379999999,hold_days
2024-12-04,000501,SELL,9.0404909595,7900,71419.87858004999,92.84584215406498,take_profit
2024-12-04,000069,SELL,3.006996993,22900,68860.2311397,89.51830048161,stop_loss
2024-12-04,000600,BUY,4.804799999999999,13900,66786.71999999999,20.036015999999993,signal
2024-12-04,000630,BUY,3.2832799999999995,18400,60412.35199999999,18.123705599999997,signal
2024-12-04,000426,BUY,13.443429999999998,4000,53773.71999999999,16.132115999999993,signal
2024-12-05,000543,SELL,7.811992188,10200,79682.3203176,103.58701641287999,take_profit
2024-12-05,000523,SELL,3.31668,16900,56051.892,72.86745959999999,hold_days
2024-12-05,000338,SELL,12.80718,3900,49948.002,64.9324026,hold_days
2024-12-05,000078,SELL,2.9002970997,26400,76567.84343208,99.53819646170399,stop_loss
2024-12-05,000020,SELL,14.297785702199999,3900,55761.36423858,72.489773510154,stop_loss
2024-12-05,000543,BUY,7.637629999999999,10500,80195.11499999999,24.058534499999997,signal
2024-12-05,000403,BUY,16.18617,4500,72837.765,21.8513295,signal
2024-12-05,000338,BUY,12.832819999999998,5100,65447.38199999999,19.634214599999996,signal
2024-12-05,000002,BUY,8.5085,6900,58708.65,17.612595,signal
2024-12-05,000411,BUY,10.67066,4900,52286.234,15.685870199999998,signal
2024-12-06,000070,SELL,6.07392,10500,63776.16,82.909008,hold_days
2024-12-06,000035,SELL,5.354640000000001,9700,51940.00800000001,67.52201040000001,hold_days
2024-12-06,000426,SELL,13.027086972899998,4000,52108.34789159999,67.74085225907999,stop_loss
2024-12-06,000543,SELL,8.011491988499998,10500,84120.66587924998,109.35686564302497,take_profit
2024-12-06,000543,BUY,7.767759999999999,9400,73016.94399999999,21.905083199999996,signal
2024-12-06,000426,BUY,13.063049999999999,5000,65315.24999999999,19.594574999999995,signal
2024-12-06,000407,BUY,3.4234199999999997,17300,59225.166,17.767549799999998,signal
2024-12-06,000523,BUY,3.3833799999999994,15700,53119.06599999999,15.935719799999996,signal
2024-12-09,000600,SELL,5.03999496,13900,70055.92994399999,91.07270892719998,take_profit
2024-12-09,000630,SELL,3.2867100000000002,18400,60475.46400000001,78.61810320000001,hold_days
2024-12-09,000411,SELL,11.192988807,4900,54845.6451543,71.29933870059,take_profit
2024-12-09,000543,SELL,8.147991852,9400,76591.1234088,99.56846043144,take_profit
2024-12-09,000407,SELL,3.5909964089999997,17300,62124.2378757,80.76150923840999,take_profit
2024-12-09,000629,BUY,3.1231199999999997,25700,80264.184,24.079255199999995,signal
2024-12-09,000543,BUY,7.967959999999999,9000,71711.63999999998,21.513491999999992,signal
2024-12-09,000078,BUY,3.0630599999999997,21200,64936.871999999996,19.481061599999997,signal
2024-12-09,000069,BUY,3.1031,18900,58648.59,17.594576999999997,signal
2024-12-09,000663,BUY,6.28628,8400,52804.752,15.841425599999999,signal
2024-12-10,000403,SELL,16.60338,4500,74715.21,97.129773,hold_days
2024-12-10,000338,SELL,13.16682,5100,67150.78199999999,87.29601659999999,hold_days
2024-12-10,000002,SELL,8.924991075000001,6900,61582.43841750001,80.05716994275001,take_profit
2024-12-10,000426,SELL,13.7024862975,5000,68512.4314875,89.06616093375,take_profit
2024-12-10,000629,SELL,3.2759967239999996,25700,84193.1158068,109.45105054883999,take_profit
2024-12-10,000060,BUY,5.095089999999999,16300,83049.96699999999,24.914990099999994,signal
2024-12-10,000526,BUY,45.31527,1600,72504.432,21.7513296,signal
2024-12-10,000100,BUY,4.73473,14200,67233.166,20.169949799999998,signal
2024-12-10,000425,BUY,8.13813,7400,60222.162000000004,18.0666486,signal
2024-12-10,000002,BUY,8.99899,6000,53993.939999999995,16.198181999999996,signal
2024-12-11,000523,SELL,3.5489964509999994,15700,55719.24428069999,72.43501756490998,take_profit
2024-12-11,000078,SELL,2.9681970317999995,21200,62925.77707415999,81.80351019640798,stop_loss
2024-12-11,000060,SELL,4.937295062699999,16300,80477.90952200998,104.62128237861297,stop_loss
2024-12-11,000100,SELL,4.9664950335,14200,70524.2294757,91.68149831841001,take_profit
2024-12-11,000425,SELL,7.8860921139,7400,58357.08164286,75.86420613571799,stop_loss
2024-12-11,000002,SELL,8.720291279699998,6000,52321.74767819999,68.01827198165998,stop_loss
2024-12-11,000551,BUY,10.64063,8200,87253.166,26.175949799999998,signal
2024-12-11,000021,BUY,19.49948,4000,77997.92,23.399375999999997,signal
2024-12-11,000408,BUY,25.265239999999995,2800,70742.67199999999,21.222801599999997,signal
2024-12-11,000505,BUY,6.926919999999999,9200,63727.66399999999,19.118299199999996,signal
2024-12-11,000060,BUY,4.93493,11600,57245.187999999995,17.173556399999995,signal
2024-12-12,000543,SELL,7.85214,9000,70669.26000000001,91.87003800000001,hold_days
2024-12-12,000069,SELL,3.12687,18900,59097.84299999999,76.82719589999999,hold_days
2024-12-12,000663,SELL,6.593993406,8400,55389.5446104,72.00640799352,take_profit
2024-12-12,000069,BUY,3.1331299999999995,22300,69868.79899999998,20.960639699999994,signal
2024-12-12,000426,BUY,13.673659999999998,4600,62898.83599999999,18.869650799999995,signal
2024-12-12,000630,BUY,3.3933899999999997,16700,56669.613,17.000883899999998,signal
2024-12-12,000400,BUY,26.976949999999995,1800,48558.509999999995,14.567552999999997,signal
2024-12-13,000526,SELL,46.16379,1600,73862.064,96.0206832,hold_days
2024-12-13,000069,SELL,3.0360969638999995,22300,67704.96229496998,88.01645098346097,stop_loss
2024-12-13,000426,SELL,13.250186749799997,4600,60950.85904907999,79.23611676380398,stop_loss
2024-12-13,000630,SELL,3.2882967116999993,16700,54914.55508538999,71.38892161100699,stop_loss
2024-12-13,000061,BUY,7.847839999999999,9100,71415.34399999998,21.424603199999993,signal
2024-12-13,000633,BUY,5.805799999999999,11100,64444.37999999998,19.333313999999994,signal
2024-12-13,000020,BUY,14.9149,3900,58168.11,17.450433,signal
2024-12-13,000078,BUY,3.1131099999999994,16900,52611.55899999999,15.783467699999994,signal
2024-12-16,000551,SELL,10.3110896889,8200,84550.93544897999,109.91621608367397,stop_loss
2024-12-16,000021,SELL,18.895581104399998,4000,75582.32441759999,98.25702174287997,stop_loss
2024-12-16,000408,SELL,24.482775517199997,2800,68551.77144816,89.11730288260799,stop_loss
2024-12-16,000505,SELL,6.97302,9200,64151.784,83.3973192,hold_days
2024-12-16,000060,SELL,4.8551400000000005,11600,56319.624,73.2155112,hold_days
2024-12-16,000061,SELL,7.604792395199999,9100,69203.61079631999,89.96469403521598,stop_loss
2024-12-16,000633,SELL,5.6259943739999985,11100,62448.53755139998,81.18309881681998,stop_loss
2024-12-16,000020,SELL,14.452985546999999,3900,56366.643633299995,73.27663672329,stop_loss
2024-12-16,000078,SELL,3.0166969832999992,16900,50982.17901776999,66.27683272310098,stop_loss
2024-12-16,000629,BUY,3.22322,31000,99919.81999999999,29.975945999999997,signal
2024-12-16,000425,BUY,7.99799,12000,95975.87999999999,28.792763999999995,signal
2024-12-16,000020,BUY,14.614599999999998,5900,86226.13999999998,25.867841999999992,signal
2024-12-16,000633,BUY,5.635629999999999,13800,77771.69399999999,23.331508199999995,signal
2024-12-16,000547,BUY,8.028019999999998,8700,69843.77399999998,20.95313219999999,signal
2024-12-17,000400,SELL,26.693279999999998,1800,48047.903999999995,62.46227519999999,hold_days
2024-12-17,000629,SELL,3.1233968765999998,31000,96825.30317459999,125.87289412697999,stop_loss
2024-12-17,000425,SELL,7.7502922497,12000,93003.5069964,120.90455909532,stop_loss
2024-12-17,000020,SELL,14.161985837999998,5900,83555.71644419999,108.62243137745999,stop_loss
2024-12-17,000633,SELL,5.4610945388999985,13800,75363.10463681997,97.97203602786597,stop_loss
2024-12-17,000547,SELL,7.7793922205999975,8700,67680.71231921998,87.98492601498597,stop_loss
2024-12-17,000530,BUY,7.878871800799999,12600,99273.78469007999,29.782135407023993,signal
2024-12-17,000510,BUY,4.28428,23200,99395.296,29.818588799999997,signal
2024-12-17,000400,BUY,26.746719999999996,3300,88264.17599999999,26.479252799999994,signal
2024-12-17,000629,BUY,3.23323,25000,80830.75,24.249225,signal
2024-12-17,000528,BUY,10.492044603039998,6900,72395.10776097598,21.718532328292792,signal
2024-12-18,000510,SELL,4.1515958483999995,23200,96317.02368287998,125.21213078774397,stop_loss
2024-12-18,000629,SELL,3.1330968668999994,25000,78327.42167249999,101.82564817424998,stop_loss
2024-12-18,000629,BUY,3.14314,26300,82664.582,24.799374599999997,signal
2024-12-18,000633,BUY,5.33533,13900,74161.087,22.248326099999996,signal
2024-12-18,000543,BUY,8.06806,8300,66964.89799999999,20.089469399999995,signal
2024-12-18,000547,BUY,7.757749999999999,7800,60510.44999999999,18.153134999999995,signal
2024-12-18,000032,BUY,17.48747,3100,54211.15699999999,16.263347099999997,signal
2024-12-19,000530,SELL,7.634863141129223,12600,96199.27557822822,125.05905825169668,stop_loss
2024-12-19,000400,SELL,28.055971943999996,3300,92584.70741519998,120.36011963975997,take_profit
2024-12-19,000633,SELL,5.1700948299,13900,71864.31813561,93.423613576293,stop_loss
2024-12-19,000032,SELL,18.3434816565,3100,56864.79313515,73.924231075695,take_profit
2024-12-19,000032,BUY,17.47746,4600,80396.316,24.1188948,signal
2024-12-19,000400,BUY,27.447419999999997,2600,71363.29199999999,21.408987599999993,signal
2024-12-19,000426,BUY,12.712699999999998,5100,64834.76999999999,19.450430999999995,signal
2024-12-19,000630,BUY,3.1231199999999997,18900,59026.96799999999,17.708090399999996,signal
2024-12-19,000636,BUY,14.964949999999998,3500,52377.325,15.713197499999998,signal
2024-12-20,000528,SELL,10.16710598168385,6900,70153.03127361856,91.19894065570412,stop_loss
2024-12-20,000543,SELL,7.818192181799999,8300,64890.99510893999,84.35829364162198,stop_loss
2024-12-20,000032,SELL,18.332981667000002,4600,84331.7156682,109.63123036866,take_profit
2024-12-20,000612,BUY,6.146139999999999,11300,69451.38199999998,20.835414599999993,signal
2024-12-20,000078,BUY,2.8027999999999995,22400,62782.71999999999,18.834815999999993,signal
2024-12-20,000551,BUY,10.14013,5500,55770.715,16.731214499999997,signal
2024-12-20,000603,BUY,12.342329999999999,4100,50603.55299999999,15.181065899999997,signal
2024-12-23,000629,SELL,3.0457969541999996,26300,80104.45989546,104.13579786409798,stop_loss
2024-12-23,000547,SELL,7.842149999999999,7800,61168.77,79.51940099999999,hold_days
2024-12-23,000426,SELL,13.334986664999999,5100,68008.4319915,88.41096158894999,take_profit
2024-12-23,000078,SELL,2.7159972839999993,22400,60838.339161599986,79.08984091007999,stop_loss
2024-12-23,000036,BUY,4.45445,16300,72607.53499999999,21.782260499999996,signal
2024-12-23,000428,BUY,3.5935899999999994,18200,65403.33799999999,19.621001399999994,signal
2024-12-23,000002,BUY,7.797789999999999,7500,58483.424999999996,17.545027499999996,signal
2024-12-23,000571,BUY,3.4534499999999997,15400,53183.13,15.954938999999998,signal
2024-12-24,000400,SELL,27.82215,2600,72337.59,94.038867,hold_days
2024-12-24,000630,SELL,3.08691,18900,58342.599,75.8453787,hold_days
2024-12-24,000636,SELL,14.95503,3500,52342.605,68.0453865,hold_days
2024-12-24,000036,SELL,4.3164956834999995,16300,70358.87964104999,91.46654353336498,stop_loss
2024-12-24,000428,SELL,3.4822965176999996,18200,63377.79662213999,82.39113560878198,stop_loss
2024-12-24,000571,SELL,3.3464966534999996,15400,51536.04846389999,66.99686300306999,stop_loss
2024-12-24,000061,BUY,7.03703,12000,84444.36,25.333308,signal
2024-12-24,000571,BUY,3.2732699999999997,23300,76267.19099999999,22.880157299999997,signal
2024-12-24,000561,BUY,8.31831,8200,68210.142,20.4630426,signal
2024-12-24,000630,BUY,3.0930899999999997,20000,61861.799999999996,18.558539999999997,signal
2024-12-24,000407,BUY,3.29329,16900,55656.600999999995,16.696980299999996,signal
2024-12-25,000612,SELL,6.103890000000001,11300,68973.95700000001,89.66614410000001,hold_days
2024-12-25,000551,SELL,9.826090173899999,5500,54043.495956449995,70.25654474338499,stop_loss
2024-12-25,000603,SELL,11.960088039899999,4100,49036.36096358999,63.74726925266699,stop_loss
2024-12-25,000002,SELL,7.5562924436999985,7500,56672.19332774999,73.67385132607498,stop_loss
2024-12-25,000571,SELL,3.1718968280999995,23300,73905.19609473,96.076754923149,stop_loss
2024-12-25,000561,SELL,8.0606919393,8200,66097.67390226,85.92697607293799,stop_loss
2024-12-25,000407,SELL,3.1912968086999998,16900,53932.91606703,70.112790887139,stop_loss
2024-12-25,000036,BUY,4.274269999999999,21600,92324.23199999997,27.69726959999999,signal
2024-12-25,000007,BUY,6.79679,12200,82920.83799999999,24.876251399999994,signal
2024-12-25,000571,BUY,3.23323,23100,74687.613,22.4062839,signal
2024-12-25,000338,BUY,13.08307,5100,66723.65699999999,20.017097099999997,signal
2024-12-25,000411,BUY,10.600589999999999,5700,60423.36299999999,18.127008899999996,signal
2024-12-26,000036,SELL,4.141895858099998,21600,89464.95053495996,116.30443569544795,stop_loss
2024-12-26,000506,BUY,4.224219999999999,15000,63363.29999999998,19.008989999999994,signal
2024-12-26,000567,BUY,7.017009999999999,8100,56837.780999999995,17.051334299999997,signal
2024-12-26,000036,BUY,4.15415,12400,51511.45999999999,15.453437999999997,signal
2024-12-26,000425,BUY,7.527519999999999,6100,45917.871999999996,13.775361599999998,signal
2024-12-27,000061,SELL,7.042949999999999,12000,84515.4,109.87001999999998,hold_days
2024-12-27,000630,SELL,3.08691,20000,61738.200000000004,80.25966,hold_days
2024-12-27,000007,SELL,7.1294928705,12200,86979.8130201,113.07375692613,take_profit
2024-12-27,000571,SELL,3.3914966085,23100,78343.57165634999,101.84664315325497,take_profit
2024-12-27,000411,SELL,10.272289727699999,5700,58552.05144788999,76.11766688225698,stop_loss
2024-12-27,000506,SELL,4.093395906599999,15000,61400.93859899998,79.82122017869997,stop_loss
2024-12-27,000506,BUY,4.434429999999999,19100,84697.61299999998,25.40928389999999,signal
2024-12-27,000100,BUY,5.03503,15100,76028.953,22.808685899999997,signal
2024-12-27,000571,BUY,3.3032999999999992,20800,68708.63999999998,20.612591999999992,signal
2024-12-27,000002,BUY,7.517509999999999,8200,61643.58199999999,18.493074599999996,signal
2024-12-27,000029,BUY,15.025009999999998,3700,55592.537,16.677761099999998,signal
2024-12-30,000338,SELL,13.106879999999999,5100,66845.08799999999,86.89861439999999,hold_days
2024-12-30,000506,SELL,4.297095702899999,19100,82074.52792538998,106.69688630300696,stop_loss
2024-12-30,000571,SELL,3.464996534999999,20800,72071.92792799998,93.69350630639997,take_profit
2024-12-30,000510,BUY,3.7337299999999995,19300,72060.98899999999,21.618296699999995,signal
2024-12-30,000049,BUY,24.00398,2700,64810.746,19.4432238,signal
2024-12-30,000633,BUY,4.644639999999999,12600,58522.463999999985,17.556739199999996,signal
2024-12-30,000020,BUY,13.103089999999998,4000,52412.35999999999,15.723707999999997,signal
2024-12-31,000567,SELL,7.062930000000001,8100,57209.73300000001,74.3726529,hold_days
2024-12-31,000036,SELL,4.15584,12400,51532.416000000005,66.9921408,hold_days
2024-12-31,000425,SELL,7.582409999999999,6100,46252.700999999994,60.12851129999999,hold_days
2024-12-31,000100,SELL,4.8790951209,15100,73674.33632558999,95.77663722326699,stop_loss
2024-12-31,000002,SELL,7.2846927152999985,8200,59734.480265459984,77.65482434509798,stop_loss
2024-12-31,000510,SELL,3.6180963818999996,19300,69829.26017067,90.77803822187099,stop_loss
2024-12-31,000049,SELL,23.260576739399998,2700,62803.557196379996,81.64462435529398,stop_loss
2024-12-31,000633,SELL,4.500795499199999,12600,56710.023289919984,73.72303027689597,stop_loss
2024-12-31,000020,SELL,12.697287302699998,4000,50789.14921079999,66.02589397403997,stop_loss
2024-12-31,000546,BUY,4.86486,20500,99729.63,29.918889,signal
2024-12-31,000036,BUY,4.16416,21600,89945.856,26.9837568,signal
2024-12-31,000155,BUY,10.800789999999997,7500,81005.92499999997,24.30177749999999,signal
2024-12-31,000426,BUY,11.881869999999997,6100,72479.40699999998,21.743822099999992,signal
2024-12-31,000567,BUY,7.077069999999999,9300,65816.75099999999,19.745025299999995,signal
2025-01-02,000029,SELL,15.00498,3700,55518.426,72.17395379999999,hold_days
2025-01-02,000036,SELL,4.0351959648,21600,87160.23283968,113.30830269158399,stop_loss
2025-01-02,000155,SELL,10.466289533699998,7500,78497.17150274999,102.04632295357499,stop_loss
2025-01-02,000426,SELL,11.513888486099997,6100,70234.71976520999,91.30513569477297,stop_loss
2025-01-02,000567,SELL,6.857893142099999,9300,63778.40622152999,82.91192808798898,stop_loss
2025-01-02,000567,BUY,6.806799999999999,13900,94614.51999999999,28.384355999999993,signal
2025-01-02,000426,BUY,11.171159999999999,7600,84900.81599999999,25.470244799999996,signal
2025-01-02,000636,BUY,14.16415,5400,76486.41,22.945923,signal
2025-01-02,000069,BUY,2.6726699999999997,25900,69222.15299999999,20.766645899999997,signal
2025-01-02,000155,BUY,10.56055,5900,62307.244999999995,18.692173499999996,signal
2025-01-03,000546,SELL,4.714195285800001,20500,96641.00335890001,125.63330436657,stop_loss
2025-01-03,000567,SELL,6.595993404,13900,91684.30831559999,119.18960081027998,stop_loss
2025-01-03,000426,SELL,11.717988281999999,7600,89056.71094319999,115.77372422615997,take_profit
2025-01-03,000636,SELL,13.7254862745,5400,74117.6258823,96.35291364698999,stop_loss
2025-01-03,000069,SELL,2.5898974100999994,25900,67078.34292158998,87.20184579806697,stop_loss
2025-01-03,000400,BUY,25.3253,3800,96236.14,28.870841999999996,signal
2025-01-03,000617,BUY,6.476469999999999,13600,88079.99199999998,26.423997599999993,signal
2025-01-03,000002,BUY,7.177169999999999,11000,78948.87,23.684660999999995,signal
2025-01-03,000422,BUY,11.861849999999999,6000,71171.09999999999,21.351329999999997,signal
2025-01-03,000629,BUY,2.81281,22900,64413.348999999995,19.324004699999996,signal
2025-01-06,000400,SELL,24.540975459,3800,93255.7067442,121.23241876745999,stop_loss
2025-01-06,000617,SELL,6.275893724099999,13600,85352.15464775998,110.95780104208797,stop_loss
2025-01-06,000002,SELL,6.9548930450999995,11000,76503.8234961,99.45497054492999,stop_loss
2025-01-06,000422,SELL,11.494488505499998,6000,68966.93103299999,89.65701034289998,stop_loss
2025-01-06,000629,SELL,2.7256972743,22900,62418.467581469995,81.14400785591098,stop_loss
2025-01-06,000061,BUY,6.53653,14700,96086.991,28.826097299999997,signal
2025-01-06,000617,BUY,6.28628,13800,86750.66399999999,26.025199199999996,signal
2025-01-06,000567,BUY,6.266259999999999,12400,77701.62399999998,23.310487199999994,signal
2025-01-06,000029,BUY,14.25424,4900,69845.776,20.953732799999997,signal
2025-01-06,000657,BUY,8.57857,7400,63481.41799999999,19.044425399999994,signal
2025-01-07,000155,SELL,10.65933,5900,62890.047000000006,81.7570611,hold_days
2025-01-07,000629,BUY,2.7627599999999997,22900,63267.20399999999,18.980161199999994,signal
2025-01-07,000422,BUY,11.66165,4900,57142.085,17.142625499999998,signal
2025-01-07,000036,BUY,3.7637599999999996,13600,51187.13599999999,15.356140799999997,signal
2025-01-07,000035,BUY,4.53453,10200,46252.206,13.875661799999998,signal
2025-01-07,000065,BUY,9.039029999999999,4600,41579.53799999999,12.473861399999997,signal
2025-01-08,000567,SELL,6.072193927799999,12400,75295.20470471999,97.88376611613599,stop_loss
2025-01-08,000422,SELL,11.3004886995,4900,55372.394627550006,71.984113015815,stop_loss
2025-01-08,000036,SELL,3.6471963527999995,13600,49601.87039807999,64.48243151750398,stop_loss
2025-01-08,000035,SELL,4.3940956059,10200,44819.77518018,58.26570773423399,stop_loss
2025-01-08,000065,SELL,8.759091240899998,4600,40291.81970813999,52.379365620581986,stop_loss
2025-01-08,000069,BUY,2.5525499999999997,25000,63813.74999999999,19.144124999999995,signal
2025-01-08,000567,BUY,6.336329999999999,9000,57026.969999999994,17.108090999999998,signal
2025-01-08,000514,BUY,3.9739699999999996,13000,51661.60999999999,15.498482999999997,signal
2025-01-08,000543,BUY,6.906899999999999,6700,46276.229999999996,13.882868999999998,signal
2025-01-08,000422,BUY,11.67166,3600,42017.975999999995,12.605392799999997,signal
2025-01-09,000061,SELL,6.44355,14700,94720.185,123.13624049999999,hold_days
2025-01-09,000617,SELL,6.35364,13800,87680.232,113.9843016,hold_days
2025-01-09,000029,SELL,14.605379999999998,4900,71566.362,93.0362706,hold_days
2025-01-09,000657,SELL,8.998491001499998,7400,66588.83341109999,86.56548343442998,take_profit
2025-01-09,000567,SELL,6.1400938598999995,9000,55260.84473909999,71.83909816082999,stop_loss
2025-01-09,000514,SELL,4.1684958315,13000,54190.44580949999,70.44757955234999,take_profit
2025-01-09,000543,SELL,6.692993306999999,6700,44843.055156899994,58.29597170396999,stop_loss
2025-01-09,000422,SELL,11.310188689799999,3600,40716.67928328,52.93168306826399,stop_loss
2025-01-09,000567,BUY,6.246239999999999,14300,89321.23199999999,26.796369599999995,signal
2025-01-09,000415,BUY,3.43343,23400,80342.262,24.102678599999997,signal
2025-01-09,000420,BUY,3.3433399999999995,21600,72216.14399999999,21.664843199999993,signal
2025-01-09,000065,BUY,8.88888,7300,64888.824,19.466647199999997,signal
2025-01-09,000524,BUY,8.98898,6500,58428.369999999995,17.528510999999998,signal
2025-01-10,000629,SELL,2.6771973227999997,22900,61307.818692119996,79.700164299756,stop_loss
2025-01-10,000069,SELL,2.473497526499999,25000,61837.43816249998,80.38866961124997,stop_loss
2025-01-10,000567,SELL,6.0527939472,14300,86554.95344495999,112.52143947844797,stop_loss
2025-01-10,000524,SELL,8.7105912894,6500,56618.8433811,73.60449639542999,stop_loss
2025-01-10,000567,BUY,6.336329999999999,12500,79204.12499999999,23.761237499999993,signal
2025-01-10,000061,BUY,6.436429999999999,11100,71444.37299999999,21.433311899999996,signal
2025-01-10,000422,BUY,11.381369999999999,5600,63735.67199999999,19.120701599999997,signal
2025-01-10,000543,BUY,6.696689999999999,8600,57591.53399999999,17.277460199999997,signal
2025-01-10,000029,BUY,14.454439999999998,3600,52035.984,15.610795199999998,signal
2025-01-13,000415,SELL,3.3270966729,23400,77854.06214586,101.21028078961801,stop_loss
2025-01-13,000420,SELL,3.2397967601999995,21600,69979.61002031999,90.97349302641598,stop_loss
2025-01-13,000065,SELL,8.6135913864,7300,62879.21712071999,81.74298225693599,stop_loss
2025-01-13,000567,SELL,6.1400938598999995,12500,76751.17324875,99.77652522337499,stop_loss
2025-01-13,000061,SELL,6.237093762899999,11100,69231.74076819,90.001262998647,stop_loss
2025-01-13,000422,SELL,11.028888971099997,5600,61761.77823815998,80.29031170960798,stop_loss
2025-01-13,000543,SELL,6.4892935107,8600,55807.92419202,72.55030144962599,stop_loss
2025-01-13,000029,SELL,14.006785993199998,3600,50424.42957551999,65.55175844817599,stop_loss
2025-01-13,000029,BUY,13.73372,7200,98882.784,29.6648352,signal
2025-01-13,000069,BUY,2.41241,37100,89500.411,26.850123299999996,signal
2025-01-13,000061,BUY,6.306299999999999,12700,80090.01,24.027002999999997,signal
2025-01-13,000049,BUY,21.131109999999996,3400,71845.77399999999,21.553732199999995,signal
2025-01-13,000065,BUY,8.64864,7500,64864.8,19.45944,signal
2025-01-14,000069,SELL,2.5304974695,37100,93881.45611845,122.045892953985,take_profit
2025-01-14,000049,SELL,22.1654778345,3400,75362.6246373,97.97141202849,take_profit
2025-01-14,000567,BUY,6.026019999999999,12500,75325.24999999999,22.597574999999992,signal
2025-01-14,000543,BUY,6.476469999999999,10500,68002.93499999998,20.400880499999992,signal
2025-01-14,000532,BUY,12.24223,5000,61211.149999999994,18.363344999999995,signal
2025-01-14,000425,BUY,7.097089999999999,7800,55357.30199999999,16.607190599999996,signal
2025-01-14,000523,BUY,2.75275,18100,49824.774999999994,14.947432499999996,signal
2025-01-15,000061,SELL,6.614993384999999,12700,84010.41598949999,109.21354078634998,take_profit
2025-01-15,000543,SELL,6.793493206499999,10500,71331.67866825,92.731182268725,take_profit
2025-01-15,000523,SELL,2.8874971125,18100,52263.697736250004,67.94280705712501,take_profit
2025-01-15,000639,BUY,3.49349,18700,65328.263,19.598478899999996,signal
2025-01-15,000582,BUY,8.298289999999998,7100,58917.85899999998,17.675357699999992,signal
2025-01-15,000543,BUY,6.766759999999999,7800,52780.72799999999,15.834218399999996,signal
2025-01-15,000415,BUY,3.5335299999999994,13500,47702.65499999999,14.310796499999997,signal
2025-01-15,000545,BUY,2.2022,19500,42942.9,12.882869999999999,signal
2025-01-16,000029,SELL,14.405985594,7200,103723.0962768,134.84002515984,take_profit
2025-01-16,000065,SELL,9.071990928,7500,68039.93196,88.451911548,take_profit
2025-01-16,000567,SELL,6.320993679,12500,79012.4209875,102.71614728374999,take_profit
2025-01-16,000532,SELL,12.8414871585,5000,64207.4357925,83.46966653025,take_profit
2025-01-16,000425,SELL,7.444492555499999,7800,58067.04193289999,75.48715451276999,take_profit
2025-01-16,000029,BUY,14.264249999999999,5300,75600.525,22.680157499999996,signal
2025-01-16,000555,BUY,10.64063,6400,68100.03199999999,20.430009599999995,signal
2025-01-16,000039,BUY,7.417409999999999,8300,61564.503,18.4693509,signal
2025-01-16,000572,BUY,4.014009999999999,13800,55393.33799999999,16.618001399999994,signal
2025-01-16,000567,BUY,6.246239999999999,8000,49969.92,14.990975999999998,signal
2025-01-20,000639,SELL,3.51648,18700,65758.176,85.4856288,hold_days
2025-01-20,000582,SELL,8.34165,7100,59225.715,76.99342949999999,hold_days
2025-01-20,000543,SELL,6.557193442799998,7800,51146.108853839985,66.48994150999198,stop_loss
2025-01-20,000415,SELL,3.6063899999999998,13500,48686.265,63.2921445,hold_days
2025-01-20,000545,SELL,2.1339978659999996,19500,41612.95838699999,54.09684590309999,stop_loss
2025-01-20,000555,SELL,10.3110896889,6400,65990.97400896,85.788266211648,stop_loss
2025-01-20,000408,BUY,29.659629999999996,2600,77115.03799999999,23.134511399999994,signal
2025-01-20,000603,BUY,13.363349999999999,5200,69489.42,20.846825999999997,signal
2025-01-20,000065,BUY,9.53953,6600,62960.897999999994,18.888269399999995,signal
2025-01-20,000428,BUY,3.1331299999999995,18200,57022.96599999999,17.106889799999998,signal
2025-01-20,000007,BUY,7.12712,7200,51315.263999999996,15.394579199999997,signal
2025-01-21,000029,SELL,14.275709999999998,5300,75661.26299999999,98.35964189999999,hold_days
2025-01-21,000039,SELL,7.50249,8300,62270.667,80.9518671,hold_days
2025-01-21,000572,SELL,4.02597,13800,55558.386,72.22590179999999,hold_days
2025-01-21,000567,SELL,6.45354,8000,51628.32,67.116816,hold_days
2025-01-21,000408,SELL,28.741071258899996,2600,74726.78527313999,97.14482085508199,stop_loss
2025-01-21,000609,BUY,2.69269,29100,78357.279,23.507183699999995,signal
2025-01-21,000612,BUY,6.756749999999999,10400,70270.2,21.081059999999997,signal
2025-01-21,000100,BUY,4.954949999999999,12800,63423.35999999999,19.027007999999995,signal
2025-01-21,000582,BUY,8.288279999999999,6800,56360.30399999999,16.908091199999994,signal
2025-01-21,000617,BUY,6.53653,7800,50984.934,15.295480199999998,signal
2025-01-22,000065,SELL,9.2440907559,6600,61010.99898894,79.314298685622,stop_loss
2025-01-22,000428,SELL,3.0360969638999995,18200,55256.96474297999,71.83405416587398,stop_loss
2025-01-22,000612,SELL,6.5474934524999995,10400,68093.931906,88.5221114778,stop_loss
2025-01-22,000582,SELL,8.031591968399997,6800,54614.825385119984,70.99927300065598,stop_loss
2025-01-22,000617,SELL,6.334093665899999,7800,49405.93059401999,64.22770977222599,stop_loss
2025-01-22,000036,BUY,3.9939899999999997,18800,75087.01199999999,22.526103599999995,signal
2025-01-22,000029,BUY,14.234219999999999,4700,66900.83399999999,20.070250199999993,signal
2025-01-22,000426,BUY,12.162149999999999,5000,60810.74999999999,18.243224999999995,signal
2025-01-22,000403,BUY,16.37636,3300,54041.988,16.2125964,signal
2025-01-22,000069,BUY,2.5125099999999994,19700,49496.446999999986,14.848934099999994,signal
2025-01-23,000603,SELL,13.51647,5200,70285.644,91.3713372,hold_days
2025-01-23,000007,SELL,7.00299,7200,50421.528,65.5479864,hold_days
2025-01-23,000609,SELL,2.8244971755,29100,82192.86780705,106.850728149165,take_profit
2025-01-23,000035,BUY,4.49449,14400,64720.655999999995,19.416196799999998,signal
2025-01-23,000532,BUY,12.712699999999998,4500,57207.149999999994,17.162144999999995,signal
2025-01-23,000032,BUY,16.3163,3200,52212.159999999996,15.663647999999997,signal
2025-01-23,000612,BUY,6.61661,7100,46977.931,14.093379299999997,signal
2025-01-24,000100,SELL,4.845149999999999,12800,62017.91999999999,80.62329599999998,hold_days
2025-01-24,000532,SELL,13.334986664999999,4500,60007.439992499996,78.00967199025,take_profit
2025-01-24,000061,BUY,6.2062,8800,54614.56,16.384368,signal
2025-01-24,000532,BUY,12.962949999999998,3800,49259.20999999999,14.777762999999997,signal
2025-01-27,000036,SELL,4.01598,18800,75500.424,98.1505512,hold_days
2025-01-27,000029,SELL,14.17581,4700,66626.307,86.6141991,hold_days
2025-01-27,000426,SELL,12.4875,5000,62437.5,81.16875,hold_days
2025-01-27,000403,SELL,16.23375,3300,53571.375,69.6427875,hold_days
2025-01-27,000069,SELL,2.434697565299999,19700,47963.542036409985,62.352604647332974,stop_loss
2025-01-27,000061,SELL,6.50999349,8800,57287.942712000004,74.47432552560001,take_profit
2025-01-27,000532,SELL,13.597486402499998,3800,51670.44832949999,67.17158282834998,take_profit
2025-01-27,000029,BUY,14.204189999999999,6000,85225.14,25.567541999999996,signal
2025-01-27,000526,BUY,41.801759999999994,1800,75243.16799999999,22.572950399999996,signal
2025-01-27,000636,BUY,14.544529999999998,4800,69813.74399999999,20.944123199999996,signal
2025-01-27,000021,BUY,19.359339999999996,3200,61949.887999999984,18.584966399999995,signal
2025-01-27,000070,BUY,5.525519999999999,10200,56360.304,16.908091199999998,signal
2025-02-05,000035,SELL,4.53546,14400,65310.623999999996,84.90381119999999,hold_days
2025-02-05,000032,SELL,16.54344,3200,52939.008,68.8207104,hold_days
2025-02-05,000612,SELL,6.74325,7100,47877.075,62.240197499999994,hold_days
2025-02-05,000526,SELL,43.847956151999995,1800,78926.32107359999,102.60421739567998,take_profit
2025-02-05,000567,BUY,6.056049999999999,12400,75095.01999999999,22.528505999999997,signal
2025-02-05,000545,BUY,2.0720699999999996,32800,67963.896,20.389168799999997,signal
2025-02-05,000582,BUY,8.438429999999999,7200,60756.69599999999,18.227008799999997,signal
2025-02-05,000612,BUY,6.756749999999999,8100,54729.674999999996,16.418902499999998,signal
2025-02-05,000061,BUY,6.576569999999999,7500,49324.274999999994,14.797282499999996,signal
2025-02-06,000029,SELL,13.764286235699998,6000,82585.71741419999,107.36143263845997,stop_loss
2025-02-06,000582,SELL,8.177091822899998,7200,58875.06112487998,76.53757946234397,stop_loss
2025-02-06,000501,BUY,7.727719999999999,7600,58730.67199999999,17.619201599999997,signal
2025-02-06,000039,BUY,7.877869999999999,6700,52781.72899999999,15.834518699999997,signal
2025-02-06,000426,BUY,12.93292,3600,46558.511999999995,13.967553599999997,signal
2025-02-07,000636,SELL,14.865120000000001,4800,71352.576,92.7583488,hold_days
2025-02-07,000021,SELL,19.66032,3200,62913.024,81.7869312,hold_days
2025-02-07,000070,SELL,5.7642299999999995,10200,58795.14599999999,76.43368979999998,hold_days
2025-02-07,000567,SELL,6.352493647499999,12400,78770.92122899999,102.40219759769998,take_profit
2025-02-07,000545,SELL,2.1734978265,32800,71290.72870919999,92.67794732195998,take_profit
2025-02-07,000559,BUY,5.95595,12900,76831.75499999999,23.049526499999995,signal
2025-02-07,000049,BUY,23.41339,2900,67898.831,20.3696493,signal
2025-02-07,000155,BUY,11.051039999999999,5600,61885.82399999999,18.565747199999997,signal
2025-02-07,000564,BUY,2.6426399999999997,21400,56552.49599999999,16.965748799999997,signal
2025-02-07,000032,BUY,17.78777,2800,49805.755999999994,14.941726799999996,signal
2025-02-10,000612,SELL,6.87312,8100,55672.272000000004,72.37395360000001,hold_days
2025-02-10,000061,SELL,6.8984931015,7500,51738.69826125,67.26030773962499,take_profit
2025-02-10,000501,SELL,8.105991893999999,7600,61605.53839439999,80.08719991271998,take_profit
2025-02-10,000564,SELL,2.7719972279999996,21400,59320.74067919999,77.11696288295998,take_profit
2025-02-10,000032,SELL,18.658481341499996,2800,52243.74775619999,67.91687208305999,take_profit
2025-02-10,000547,BUY,7.207199999999999,10200,73513.43999999999,22.054031999999996,signal
2025-02-10,000630,BUY,3.1931899999999995,20800,66418.35199999998,19.925505599999994,signal
2025-02-10,000636,BUY,15.165149999999999,3900,59144.08499999999,17.743225499999998,signal
2025-02-10,000514,BUY,4.13413,13100,54157.102999999996,16.2471309,signal
2025-02-10,000546,BUY,4.84484,10000,48448.399999999994,14.534519999999997,signal
2025-02-11,000039,SELL,7.8921,6700,52877.07,68.740191,hold_days
2025-02-11,000426,SELL,12.89709,3600,46429.524000000005,60.358381200000004,hold_days
2025-02-11,000506,BUY,4.53453,11800,53507.454000000005,16.0522362,signal
2025-02-11,000555,BUY,11.981969999999999,4000,47927.88,14.378363999999998,signal
2025-02-12,000559,SELL,5.95404,12900,76807.116,99.8492508,hold_days
2025-02-12,000049,SELL,23.16681,2900,67183.74900000001,87.33887370000001,hold_days
2025-02-12,000155,SELL,10.708789291199999,5600,59969.22003071999,77.95998603993598,stop_loss
2025-02-12,000506,SELL,4.7564952435,11800,56126.643873299996,72.96463703529,take_profit
2025-02-12,000506,BUY,4.63463,15000,69519.45,20.855835,signal
2025-02-12,000070,BUY,5.855849999999999,10700,62657.594999999994,18.797278499999997,signal
2025-02-12,000020,BUY,13.3133,4200,55915.86,16.774758,signal
2025-02-12,000408,BUY,29.229199999999995,1700,49689.63999999999,14.906891999999996,signal
2025-02-13,000547,SELL,7.302689999999999,10200,74487.438,96.83366939999999,hold_days
2025-02-13,000630,SELL,3.1568400000000003,20800,65662.27200000001,85.36095360000002,hold_days
2025-02-13,000636,SELL,15.32466,3900,59766.174,77.69602619999999,hold_days
2025-02-13,000514,SELL,4.21578,13100,55226.71799999999,71.79473339999998,hold_days
2025-02-13,000546,SELL,4.845149999999999,10000,48451.49999999999,62.986949999999986,hold_days
2025-02-13,000555,SELL,11.610888389099998,4000,46443.55355639999,60.37661962331998,stop_loss
2025-02-13,000506,SELL,4.491095508899999,15000,67366.4326335,87.57636242354998,stop_loss
2025-02-13,000408,SELL,30.659969339999996,1700,52121.94787799999,67.75853224139999,take_profit
2025-02-13,000338,BUY,14.07406,6500,91481.39,27.444416999999998,signal
2025-02-13,000636,BUY,15.355339999999998,5400,82918.836,24.875650799999995,signal
2025-02-13,000400,BUY,25.155129999999996,2900,72949.877,21.884963099999997,signal
2025-02-13,000665,BUY,4.36436,15500,67647.57999999999,20.294273999999994,signal
2025-02-13,000555,BUY,11.921909999999999,5100,60801.740999999995,18.2405223,signal
2025-02-14,000065,BUY,9.97997,5500,54889.835,16.4669505,signal
2025-02-14,000571,BUY,3.7137099999999994,13300,49392.34299999999,14.817702899999997,signal
2025-02-14,000069,BUY,2.6026,17100,44504.46,13.351337999999998,signal
2025-02-17,000070,SELL,6.142493857499999,10700,65724.68427525,85.44208955782499,take_profit
2025-02-17,000020,SELL,13.25673,4200,55678.265999999996,72.38174579999999,hold_days
2025-02-17,000665,SELL,4.577995422,15500,70958.929041,92.24660775329998,take_profit
2025-02-17,000555,SELL,12.505487494499999,5100,63777.98622194999,82.91138208853499,take_profit
2025-02-17,000065,SELL,9.670890329099999,5500,53189.89681004999,69.14686585306498,stop_loss
2025-02-17,000069,SELL,2.521997478,17100,43126.1568738,56.06400393593999,stop_loss
2025-02-17,000065,BUY,9.879869999999999,7600,75087.01199999999,22.526103599999995,signal
2025-02-17,000426,BUY,12.882869999999997,5200,66990.92399999998,20.097277199999994,signal
2025-02-17,000425,BUY,7.887879999999999,7700,60736.67599999999,18.221002799999997,signal
2025-02-17,000600,BUY,5.075069999999999,10800,54810.755999999994,16.443226799999998,signal
2025-02-17,000061,BUY,6.626619999999999,7500,49699.649999999994,14.909894999999997,signal
2025-02-18,000338,SELL,14.00598,6500,91038.87,118.35053099999999,hold_days
2025-02-18,000636,SELL,14.8797851202,5400,80350.83964908,104.45609154380399,stop_loss
2025-02-18,000400,SELL,25.35462,2900,73528.398,95.58691739999999,hold_days
2025-02-18,000571,SELL,3.8954961044999994,13300,51810.09818984999,67.35312764680498,take_profit
2025-02-18,000065,SELL,10.363489636499999,7600,78762.5212374,102.39127760861999,take_profit
2025-02-18,000426,SELL,12.483887516099996,5200,64916.21508371998,84.39107960883597,stop_loss
2025-02-18,000571,BUY,3.8037999999999994,23300,88628.53999999998,26.588561999999992,signal
2025-02-18,000403,BUY,16.596579999999996,4800,79663.58399999997,23.89907519999999,signal
2025-02-18,000543,BUY,6.936929999999999,10300,71450.379,21.4351137,signal
2025-02-18,000545,BUY,2.2522499999999996,28700,64639.57499999999,19.391872499999995,signal
2025-02-18,000630,BUY,3.1031,18700,58027.97,17.408390999999998,signal
2025-02-19,000425,SELL,8.273991725999998,7700,63709.73629019999,82.82265717725998,take_profit
2025-02-19,000600,SELL,4.917895082099999,10800,53113.266886679994,69.04724695268399,stop_loss
2025-02-19,000061,SELL,6.421393578599999,7500,48160.45183949999,62.608587391349985,stop_loss
2025-02-19,000571,SELL,3.685996313999999,23300,85883.71411619998,111.64882835105996,stop_loss
2025-02-19,000403,SELL,16.082583917399997,4800,77196.40280351999,100.35532364457598,stop_loss
2025-02-19,000545,SELL,2.1824978175,28700,62637.68736224999,81.42899357092499,stop_loss
2025-02-19,000659,BUY,2.7827799999999994,32800,91275.18399999998,27.38255519999999,signal
2025-02-19,000049,BUY,23.07305,3500,80755.67499999999,24.226702499999995,signal
2025-02-19,000078,BUY,2.42242,30600,74126.052,22.237815599999998,signal
2025-02-19,000510,BUY,3.6536499999999994,18300,66861.79499999998,20.058538499999994,signal
2025-02-19,000029,BUY,15.495479999999999,3800,58882.82399999999,17.664847199999997,signal
2025-02-20,000659,SELL,2.6965973033999995,32800,88448.39155151998,114.98290901697597,stop_loss
2025-02-20,000425,BUY,8.33833,7500,62537.47499999999,18.761242499999994,signal
2025-02-20,000629,BUY,2.9028999999999994,19500,56606.54999999999,16.981964999999995,signal
2025-02-20,000035,BUY,4.644639999999999,11000,51091.039999999986,15.327311999999994,signal
2025-02-20,000546,BUY,5.05505,9100,46000.954999999994,13.800286499999997,signal
2025-02-21,000543,SELL,7.276492723499999,10300,74947.87505204999,97.43223756766498,take_profit
2025-02-21,000630,SELL,3.04695,18700,56977.965,74.0713545,hold_days
2025-02-21,000049,SELL,24.2024757975,3500,84708.66529125,110.121264878625,take_profit
2025-02-21,000425,SELL,8.0800919199,7500,60600.68939925,78.780896219025,stop_loss
2025-02-21,000543,BUY,7.297289999999999,9400,68594.526,20.5783578,signal
2025-02-21,000422,BUY,11.631619999999998,5300,61647.58599999999,18.494275799999993,signal
2025-02-21,000070,BUY,6.216209999999999,9000,55945.88999999999,16.783766999999997,signal
2025-02-21,000049,BUY,24.164139999999996,2000,48328.27999999999,14.498483999999996,signal
2025-02-24,000078,SELL,2.4075900000000003,30600,73672.25400000002,95.77393020000001,hold_days
2025-02-24,000510,SELL,3.61638,18300,66179.754,86.03368019999999,hold_days
2025-02-24,000029,SELL,15.37461,3800,58423.518000000004,75.9505734,hold_days
2025-02-24,000546,SELL,5.3024946975,9100,48252.70174725,62.728512271425,take_profit
2025-02-24,000543,SELL,7.071292928699998,9400,66470.15352977999,86.41119958871398,stop_loss
2025-02-24,000070,SELL,6.5204934795,9000,58684.4413155,76.28977371015,take_profit
2025-02-24,000061,BUY,6.486479999999999,12700,82378.29599999999,24.713488799999993,signal
2025-02-24,000659,BUY,2.6726699999999997,27900,74567.49299999999,22.370247899999995,signal
2025-02-24,000070,BUY,6.28628,10600,66634.568,19.9903704,signal
2025-02-24,000036,BUY,3.89389,15500,60355.295,18.106588499999997,signal
2025-02-24,000558,BUY,3.4033999999999995,15900,54114.05999999999,16.234217999999995,signal
2025-02-25,000629,SELL,2.86713,19500,55909.034999999996,72.68174549999999,hold_days
2025-02-25,000035,SELL,4.71528,11000,51868.08,67.428504,hold_days
2025-02-25,000049,SELL,25.346974652999997,2000,50693.949305999995,65.90213409779999,take_profit
2025-02-25,000061,SELL,6.2855937144,12700,79827.04017288,103.775152224744,stop_loss
2025-02-25,000070,SELL,6.593993406,10600,69896.3301036,90.86522913468,take_profit
2025-02-25,000036,SELL,3.7732962266999994,15500,58486.09151384999,76.03191896800499,stop_loss
2025-02-25,000061,BUY,6.186179999999999,13800,85369.28399999999,25.61078519999999,signal
2025-02-25,000547,BUY,7.9079,9700,76706.62999999999,23.011988999999996,signal
2025-02-25,000006,BUY,6.44644,10700,68976.908,20.6930724,signal
2025-02-25,000070,BUY,6.366359999999999,9800,62390.327999999994,18.717098399999998,signal
2025-02-25,000599,BUY,4.434429999999999,12600,55873.817999999985,16.762145399999994,signal
2025-02-26,000422,SELL,11.43855,5300,60624.314999999995,78.81160949999999,hold_days
2025-02-26,000006,SELL,6.7619932380000005,10700,72353.32764660001,94.05932594058001,take_profit
2025-02-26,000070,SELL,6.677993322,9800,65444.3345556,85.07763492228,take_profit
2025-02-26,000002,BUY,7.717709999999999,9100,70231.161,21.069348299999994,signal
2025-02-26,000415,BUY,3.5335299999999994,17900,63250.18699999999,18.975056099999996,signal
2025-02-26,000006,BUY,6.4064,8900,57016.96,17.105088,signal
2025-02-26,000155,BUY,11.461449999999997,4400,50430.37999999999,15.129113999999996,signal
2025-02-26,000620,BUY,1.8218199999999998,25400,46274.227999999996,13.882268399999997,signal
2025-02-27,000659,SELL,2.8034971965,27900,78217.57178235,101.682843317055,take_profit
2025-02-27,000558,SELL,3.37662,15900,53688.258,69.7947354,hold_days
2025-02-27,000006,SELL,6.719993280000001,8900,59807.94019200001,77.7503222496,take_profit
2025-02-27,000155,SELL,11.106488893499998,4400,48868.55113139999,63.529116470819986,stop_loss
2025-02-27,000620,SELL,1.9109980889999998,25400,48539.351460599995,63.10115689877999,take_profit
2025-02-27,000639,BUY,3.2632599999999994,21600,70486.41599999998,21.145924799999992,signal
2025-02-27,000559,BUY,6.37637,9900,63126.062999999995,18.937818899999996,signal
2025-02-27,000659,BUY,2.72272,21000,57177.119999999995,17.153135999999996,signal
2025-02-27,000069,BUY,2.5325299999999995,20300,51410.35899999999,15.423107699999996,signal
2025-02-27,000632,BUY,3.5435399999999997,13100,46420.373999999996,13.926112199999997,signal
2025-02-28,000061,SELL,6.23376,13800,86025.888,111.8336544,hold_days
2025-02-28,000547,SELL,7.6629923369999995,9700,74331.0256689,96.63033336956998,stop_loss
2025-02-28,000599,SELL,4.651495348499999,12600,58608.84139109999,76.19149380842998,take_profit
2025-02-28,000415,SELL,3.4240965758999993,17900,61291.32870860999,79.67872732119298,stop_loss
2025-02-28,000559,SELL,6.1788938211,9900,61171.04882889,79.522363477557,stop_loss
2025-02-28,000659,SELL,2.6383973615999996,21000,55406.34459359999,72.02824797167999,stop_loss
2025-02-28,000632,SELL,3.4337965661999994,13100,44982.735017219995,58.47755552238599,stop_loss
2025-02-28,000428,BUY,3.16316,27100,85721.636,25.7164908,signal
2025-02-28,000505,BUY,6.005999999999999,12800,76876.79999999999,23.063039999999994,signal
2025-02-28,000514,BUY,4.344339999999999,16000,69509.43999999999,20.852831999999996,signal
2025-02-28,000600,BUY,5.015009999999999,12500,62687.62499999999,18.806287499999996,signal
2025-02-28,000048,BUY,13.74373,4100,56349.293,16.9047879,signal
2025-03-03,000002,SELL,7.74225,9100,70454.475,91.5908175,hold_days
2025-03-03,000639,SELL,3.1621968377999994,21600,68303.45169647998,88.79448720542398,stop_loss
2025-03-03,000069,SELL,2.4540975458999994,20300,49818.18018176999,64.76363423630099,stop_loss
2025-03-03,000428,SELL,3.0651969348,27100,83066.83693307999,107.98688801300398,stop_loss
2025-03-03,000514,SELL,4.2097957901999985,16000,67356.73264319998,87.56375243615997,stop_loss
2025-03-03,000609,BUY,2.6726699999999997,31600,84456.37199999999,25.336911599999993,signal
2025-03-03,000599,BUY,4.594589999999999,16500,75810.73499999999,22.743220499999993,signal
2025-03-03,000400,BUY,23.853829999999995,2800,66790.72399999999,20.037217199999994,signal
2025-03-03,000559,BUY,6.056049999999999,10200,61771.70999999999,18.531512999999997,signal
2025-03-03,000603,BUY,12.852839999999999,4300,55267.21199999999,16.580163599999995,signal
2025-03-04,000609,SELL,2.5898974100999994,31600,81840.75815915999,106.39298560690798,stop_loss
2025-03-04,000524,BUY,9.709699999999998,6000,58258.19999999999,17.477459999999997,signal
2025-03-04,000408,BUY,30.150119999999998,1700,51255.204,15.376561199999998,signal
2025-03-04,000663,BUY,5.69569,8300,47274.227,14.182268099999998,signal
2025-03-05,000505,SELL,6.04395,12800,77362.56,100.571328,hold_days
2025-03-05,000600,SELL,4.995,12500,62437.5,81.16875,hold_days
2025-03-05,000048,SELL,13.60638,4100,55786.157999999996,72.5220054,hold_days
2025-03-05,000510,BUY,3.8838799999999996,16000,62142.079999999994,18.642623999999998,signal
2025-03-05,000528,BUY,11.261586335999999,4900,55181.77304639999,16.554531913919995,signal
2025-03-05,000048,BUY,13.633619999999997,3700,50444.393999999986,15.133318199999994,signal
2025-03-06,000599,SELL,4.8194951805,16500,79521.67047825,103.378171621725,take_profit
2025-03-06,000400,SELL,23.94603,2800,67048.884,87.1635492,hold_days
2025-03-06,000559,SELL,6.352493647499999,10200,64795.43520449999,84.23406576584999,take_profit
2025-03-06,000603,SELL,13.481986518,4300,57972.5420274,75.36430463562,take_profit
2025-03-06,000510,SELL,3.7635962363999993,16000,60217.53978239999,78.28280171711998,stop_loss
2025-03-06,000528,SELL,11.812840987147199,4900,57882.92083702127,75.24779708812765,take_profit
2025-03-06,000048,SELL,14.300985698999998,3700,52913.64708629999,68.78774121218999,take_profit
2025-03-06,000060,BUY,4.65465,19200,89369.28,26.810783999999998,signal
2025-03-06,000528,BUY,11.84343496336,6700,79351.014254512,23.8053042763536,signal
2025-03-06,000048,BUY,13.913899999999998,5200,72352.27999999998,21.705683999999994,signal
2025-03-06,000426,BUY,13.012999999999998,5000,65064.99999999999,19.519499999999997,signal
2025-03-06,000561,BUY,8.548539999999997,6800,58130.071999999986,17.439021599999993,signal
2025-03-07,000524,SELL,9.87012,6000,59220.72,76.986936,hold_days
2025-03-07,000408,SELL,30.48948,1700,51832.116,67.3817508,hold_days
2025-03-07,000663,SELL,5.6943,8300,47262.69,61.441497,hold_days
2025-03-07,000048,SELL,14.594985405,5200,75893.92410599999,98.66210133779998,take_profit
2025-03-07,000426,SELL,13.649986349999999,5000,68249.93174999999,88.72491127499998,take_profit
2025-03-07,000657,BUY,9.74974,8500,82872.79,24.861836999999994,signal
2025-03-07,000617,BUY,6.46646,11500,74364.29,22.309286999999998,signal
2025-03-07,000006,BUY,6.666659999999999,10100,67333.26599999999,20.199979799999994,signal
2025-03-07,000546,BUY,4.91491,12300,60453.393,18.1360179,signal
2025-03-07,000564,BUY,3.0029999999999997,18200,54654.59999999999,16.396379999999997,signal
2025-03-10,000528,SELL,12.423171104816474,6700,83235.24640227038,108.20582032295148,take_profit
2025-03-10,000657,SELL,10.226989773,8500,86929.4130705,113.00823699165,take_profit
2025-03-10,000617,SELL,6.266193733799999,11500,72061.22793869999,93.67959632030998,stop_loss
2025-03-10,000006,SELL,6.460193539799999,10100,65247.95475197999,84.82234117757397,stop_loss
2025-03-10,000603,BUY,14.094079999999998,5600,78926.84799999998,23.678054399999994,signal
2025-03-10,000048,BUY,15.14513,4700,71182.111,21.3546333,signal
2025-03-10,000571,BUY,3.95395,16400,64844.78,19.453433999999998,signal
2025-03-10,000049,BUY,24.21419,2400,58114.056,17.434216799999998,signal
2025-03-10,000524,BUY,9.92992,5300,52628.575999999994,15.788572799999997,signal
2025-03-11,000060,SELL,4.70529,19200,90341.568,117.4440384,hold_days
2025-03-11,000561,SELL,8.58141,6800,58353.588,75.8596644,hold_days
2025-03-11,000564,SELL,2.9099970899999996,18200,52961.94703799999,68.85053114939998,stop_loss
2025-03-11,000408,BUY,30.830799999999996,2100,64744.67999999999,19.423403999999998,signal
2025-03-11,000547,BUY,7.6876799999999985,7900,60732.67199999999,18.219801599999997,signal
2025-03-11,000035,BUY,4.69469,11700,54927.87299999999,16.478361899999996,signal
2025-03-11,000582,BUY,8.168159999999999,6000,49008.95999999999,14.702687999999997,signal
2025-03-12,000546,SELL,4.92507,12300,60578.361,78.7518693,hold_days
2025-03-12,000408,SELL,32.33996765999999,2100,67913.93208599999,88.28811171179998,take_profit
2025-03-12,000408,BUY,32.65261999999999,1700,55509.45399999998,16.652836199999992,signal
2025-03-12,000060,BUY,4.854849999999999,10600,51461.40999999999,15.438422999999995,signal
2025-03-13,000603,SELL,14.445540000000001,5600,80895.024,105.16353120000001,hold_days
2025-03-13,000048,SELL,15.174809999999999,4700,71321.60699999999,92.71808909999999,hold_days
2025-03-13,000571,SELL,3.94605,16400,64715.22,84.129786,hold_days
2025-03-13,000049,SELL,23.464276535699998,2400,56314.263685679995,73.20854279138399,stop_loss
2025-03-13,000524,SELL,9.960030000000001,5300,52788.15900000001,68.6246067,hold_days
2025-03-13,000408,SELL,34.250965748999995,1700,58226.64177329999,75.69463430528998,take_profit
2025-03-13,000665,BUY,7.007,12100,84784.7,25.435409999999997,signal
2025-03-13,000407,BUY,3.2432399999999997,23600,76540.46399999999,22.962139199999996,signal
2025-03-13,000630,BUY,3.2532499999999995,21100,68643.575,20.593072499999998,signal
2025-03-13,000420,BUY,3.6436399999999995,17000,61941.87999999999,18.582563999999994,signal
2025-03-13,000659,BUY,2.9028999999999994,19200,55735.679999999986,16.720703999999994,signal
2025-03-14,000547,SELL,7.74225,7900,61163.775,79.5129075,hold_days
2025-03-14,000035,SELL,4.72527,11700,55285.659,71.87135669999999,hold_days
2025-03-14,000582,SELL,8.02197,6000,48131.82,62.571366,hold_days
2025-03-14,000665,SELL,6.78999321,12100,82158.91784099999,106.80659319329997,stop_loss
2025-03-14,000543,BUY,7.017009999999999,10600,74380.306,22.314091799999996,signal
2025-03-14,000532,BUY,15.675659999999999,4300,67405.33799999999,20.221601399999994,signal
2025-03-14,000415,BUY,3.23323,18700,60461.401,18.138420299999996,signal
2025-03-14,000564,BUY,2.87287,19000,54584.53,16.375359,signal
2025-03-14,000048,BUY,15.555539999999997,3100,48222.17399999999,14.466652199999997,signal
2025-03-17,000060,SELL,4.8551400000000005,10600,51464.484000000004,66.9038292,hold_days
2025-03-17,000415,SELL,3.3914966085,18700,63420.986578949996,82.44728255263499,take_profit
2025-03-17,000564,SELL,3.0134969865,19000,57256.442743499996,74.43337556655,take_profit
2025-03-17,000048,SELL,15.073784926199997,3100,46728.733271219986,60.74735325258598,stop_loss
2025-03-17,000428,BUY,3.2432399999999997,20400,66162.09599999999,19.848628799999997,signal
2025-03-17,000636,BUY,15.295279999999998,3900,59651.59199999999,17.895477599999996,signal
2025-03-17,000567,BUY,6.2762699999999985,8500,53348.294999999984,16.004488499999994,signal
2025-03-17,000415,BUY,3.3733699999999995,14300,48239.19099999999,14.471757299999997,signal
2025-03-18,000407,SELL,3.37662,23600,79688.232,103.5947016,hold_days
2025-03-18,000630,SELL,3.30669,21100,69771.159,90.7025067,hold_days
2025-03-18,000420,SELL,3.8219961779999996,17000,64973.93502599999,84.46611553379998,take_profit
2025-03-18,000659,SELL,2.93706,19200,56391.551999999996,73.30901759999999,hold_days
2025-03-18,000593,BUY,5.805799999999999,12100,70250.17999999998,21.07505399999999,signal
2025-03-18,000069,BUY,2.5225199999999997,25100,63315.25199999999,18.994575599999997,signal
2025-03-18,000546,BUY,5.065059999999999,11200,56728.67199999999,17.018601599999997,signal
2025-03-18,000061,BUY,6.386379999999999,8000,51091.03999999999,15.327311999999997,signal
2025-03-19,000543,SELL,7.00299,10600,74231.69399999999,96.50120219999998,hold_days
2025-03-19,000532,SELL,16.21377,4300,69719.211,90.6349743,hold_days
2025-03-19,000061,SELL,6.698993300999999,8000,53591.94640799999,69.66953033039998,take_profit
2025-03-19,000407,BUY,3.35335,19700,66060.995,19.818298499999997,signal
2025-03-19,000530,BUY,5.971250885599999,9900,59115.38376743999,17.734615130231997,signal
2025-03-19,000510,BUY,4.2042,12700,53393.340000000004,16.018002,signal
2025-03-20,000428,SELL,3.18681,20400,65010.924,84.51420119999999,hold_days
2025-03-20,000636,SELL,14.821585178399998,3900,57804.18219575999,75.14543685448798,stop_loss
2025-03-20,000567,SELL,6.15384,8500,52307.64,67.999932,hold_days
2025-03-20,000415,SELL,3.35664,14300,47999.952,62.399937599999994,hold_days
2025-03-20,000069,SELL,2.4443975555999997,25100,61354.37864555999,79.76069223922798,stop_loss
2025-03-20,000039,BUY,8.88888,8600,76444.368,22.9333104,signal
2025-03-20,000532,BUY,16.156139999999997,4200,67855.78799999999,20.356736399999996,signal
2025-03-20,000048,BUY,14.884869999999998,4100,61027.96699999999,18.308390099999997,signal
2025-03-20,000528,BUY,11.777742376399999,4700,55355.389169079994,16.606616750723997,signal
2025-03-20,000582,BUY,8.31831,6000,49909.86,14.972957999999998,signal
2025-03-21,000593,SELL,5.70429,12100,69021.909,89.72848169999999,hold_days
2025-03-21,000546,SELL,5.03496,11200,56391.551999999996,73.30901759999999,hold_days
2025-03-21,000530,SELL,6.263543616450119,9900,62009.08180285618,80.61180634371303,take_profit
2025-03-21,000039,SELL,9.323990676000001,8600,80186.31981360001,104.24221575768001,take_profit
2025-03-21,000048,SELL,14.423885576099996,4100,59137.930862009984,76.87931012061297,stop_loss
2025-03-21,000426,BUY,13.953939999999998,5600,78142.06399999998,23.442619199999992,signal
2025-03-21,000600,BUY,5.255249999999999,13400,70420.34999999999,21.126104999999995,signal
2025-03-21,000617,BUY,6.366359999999999,9900,63026.96399999999,18.908089199999996,signal
2025-03-21,000048,BUY,14.72471,3800,55953.898,16.7861694,signal
2025-03-21,000063,BUY,35.42539,1400,49595.546,14.8786638,signal
2025-03-24,000407,SELL,3.2494967504999996,19700,64015.08598484999,83.21961178030499,stop_loss
2025-03-24,000510,SELL,4.073995926,12700,51739.7482602,67.26167273826,stop_loss
2025-03-24,000532,SELL,15.655784344199997,4200,65754.29424563999,85.48058251933199,stop_loss
2025-03-24,000426,SELL,13.521786478199997,5600,75722.00427791999,98.43860556129597,stop_loss
2025-03-24,000048,SELL,14.2686857313,3800,54221.00577894,70.487307512622,stop_loss
2025-03-24,000063,SELL,34.328265671699995,1400,48059.571940379996,62.47744352249399,stop_loss
2025-03-24,000657,BUY,9.98998,8200,81917.836,24.575350799999995,signal
2025-03-24,000048,BUY,14.534519999999999,5100,74126.052,22.237815599999998,signal
2025-03-24,000526,BUY,48.298249999999996,1300,62787.72499999999,18.836317499999996,signal
2025-03-24,000547,BUY,7.69769,7800,60041.981999999996,18.012594599999996,signal
2025-03-24,000035,BUY,4.96496,10900,54118.064,16.2354192,signal
2025-03-25,000528,SELL,11.41298569500289,4700,53641.032766513585,69.73334259646765,stop_loss
2025-03-25,000582,SELL,8.211780000000001,6000,49270.68000000001,64.051884,hold_days
2025-03-25,000600,SELL,5.5124944875,13400,73867.4261325,96.02765397225,take_profit
2025-03-25,000526,SELL,46.80245319749999,1300,60843.18915674999,79.09614590377498,stop_loss
2025-03-25,000547,SELL,7.4592925407,7800,58182.48181746,75.637226362698,stop_loss
2025-03-25,000528,BUY,11.740203755279998,6700,78659.36516037598,23.597809548112792,signal
2025-03-25,000408,BUY,33.47344,2100,70294.22399999999,21.088267199999994,signal
2025-03-25,000060,BUY,4.98498,12700,63309.246,18.9927738,signal
2025-03-25,000526,BUY,47.217169999999996,1200,56660.60399999999,16.998181199999998,signal
2025-03-25,000002,BUY,7.177169999999999,7200,51675.623999999996,15.502687199999997,signal
2025-03-26,000617,SELL,6.25374,9900,61912.026,80.48563379999999,hold_days
2025-03-26,000048,SELL,15.245984754,5100,77754.5222454,101.08087891902,take_profit
2025-03-26,000528,SELL,11.376609644978975,6700,76223.28462135914,99.09027000776688,stop_loss
2025-03-26,000029,BUY,15.15514,4400,66682.616,20.004784799999996,signal
2025-03-26,000628,BUY,48.768719999999995,1200,58522.46399999999,17.556739199999996,signal
2025-03-26,000063,BUY,33.61357999999999,1600,53781.72799999999,16.134518399999994,signal
2025-03-26,000155,BUY,11.231219999999999,4400,49417.367999999995,14.825210399999998,signal
2025-03-27,000657,SELL,9.83016,8200,80607.31199999999,104.78950559999998,hold_days
2025-03-27,000035,SELL,4.811195188799999,10900,52442.027557919995,68.174635825296,stop_loss
2025-03-27,000633,BUY,5.9059,9900,58468.409999999996,17.540522999999997,signal
2025-03-27,000065,BUY,10.800789999999997,4800,51843.79199999999,15.553137599999994,signal
2025-03-28,000408,SELL,33.52644,2100,70405.524,91.5271812,hold_days
2025-03-28,000060,SELL,4.8951,12700,62167.770000000004,80.818101,hold_days
2025-03-28,000526,SELL,48.33162,1200,57997.944,75.3973272,hold_days
2025-03-28,000002,SELL,7.16283,7200,51572.376,67.0440888,hold_days
2025-03-28,000633,SELL,5.722994277,9900,56657.6433423,73.65493634498999,stop_loss
2025-03-28,000065,SELL,10.466289533699998,4800,50238.18976175999,65.30964669028798,stop_loss
2025-03-28,000048,BUY,16.416399999999996,5000,82081.99999999999,24.624599999999994,signal
2025-03-28,000506,BUY,5.41541,13700,74191.117,22.2573351,signal
2025-03-28,000566,BUY,4.714709999999999,14100,66477.411,19.943223299999996,signal
2025-03-28,000603,BUY,15.865849999999998,3700,58703.645,17.6110935,signal
2025-03-28,000564,BUY,2.75275,19700,54229.174999999996,16.268752499999998,signal
2025-03-31,000029,SELL,15.31467,4400,67384.548,87.5999124,hold_days
2025-03-31,000628,SELL,47.25835274159999,1200,56710.02328991999,73.72303027689598,stop_loss
2025-03-31,000063,SELL,33.85611,1600,54169.776,70.4207088,hold_days
2025-03-31,000155,SELL,11.14884,4400,49054.896,63.7713648,hold_days
2025-03-31,000506,SELL,5.6804943195,13700,77822.77217715001,101.169603830295,take_profit
2025-03-31,000566,SELL,4.568695431299999,14100,64418.60558132999,83.74418725572899,stop_loss
2025-03-31,000603,SELL,15.374484625499997,3700,56885.59311434999,73.95127104865499,stop_loss
2025-03-31,000564,SELL,2.6674973325,19700,52549.69745025,68.314606685325,stop_loss
2025-03-31,000546,BUY,4.57457,21100,96523.427,28.957028099999995,signal
2025-03-31,000564,BUY,2.6526499999999995,32800,87006.91999999998,26.102075999999993,signal
2025-03-31,000526,BUY,47.12707999999999,1600,75403.328,22.620998399999998,signal
2025-03-31,000338,BUY,15.595579999999998,4500,70180.10999999999,21.054032999999993,signal
2025-03-31,000021,BUY,18.488469999999996,3400,62860.79799999999,18.858239399999995,signal
2025-04-01,000048,SELL,17.21998278,5000,86099.9139,111.92988806999999,take_profit
2025-04-01,000039,BUY,8.618609999999999,7600,65501.43599999999,19.650430799999995,signal
2025-04-01,000528,BUY,10.55773719,5600,59123.328263999996,17.736998479199997,signal
2025-04-01,000408,BUY,33.5335,1500,50300.24999999999,15.090074999999997,signal
2025-04-01,000572,BUY,3.9639599999999997,12200,48360.312,14.508093599999999,signal
2025-04-01,000543,BUY,7.15715,6100,43658.615,13.097584499999998,signal
2025-04-02,000338,SELL,15.112584887399997,4500,68006.63199329999,88.40862159128999,stop_loss
2025-04-02,000069,BUY,2.5125099999999994,18300,45978.93299999999,13.793679899999995,signal
2025-04-03,000546,SELL,4.432895567099999,21100,93534.09646580998,121.59432540555298,stop_loss
2025-04-03,000564,SELL,2.7824972174999996,32800,91265.90873399998,118.64568135419997,take_profit
2025-04-03,000526,SELL,49.43395056599999,1600,79094.32090559999,102.82261717727998,take_profit
2025-04-03,000021,SELL,18.04194,3400,61342.596,79.7453748,hold_days
2025-04-03,000039,SELL,8.351691648299997,7600,63472.85652707998,82.51471348520397,stop_loss
2025-04-03,000069,SELL,2.434697565299999,18300,44554.96544498998,57.92145507848697,stop_loss
2025-04-03,000063,BUY,34.01398,2400,81633.552,24.490065599999998,signal
2025-04-03,000415,BUY,3.2132099999999997,23800,76474.39799999999,22.942319399999995,signal
2025-04-03,000039,BUY,8.31831,8200,68210.142,20.4630426,signal
2025-04-03,000620,BUY,1.6816799999999998,36900,62053.99199999999,18.616197599999996,signal
2025-04-03,000069,BUY,2.4424399999999995,22900,55931.87599999999,16.779562799999994,signal
2025-04-07,000528,SELL,10.230764069225698,5600,57292.278787663905,74.47996242396307,stop_loss
2025-04-07,000572,SELL,3.8411961588,12200,46862.593137359996,60.921371078567994,stop_loss
2025-04-07,000543,SELL,6.935493064499999,6100,42306.507693449996,54.99846000148499,stop_loss
2025-04-07,000063,SELL,32.9605670394,2400,79105.36089456,102.836969162928,stop_loss
2025-04-07,000415,SELL,3.1136968862999996,23800,74105.98589393999,96.33778166212198,stop_loss
2025-04-07,000039,SELL,8.0606919393,8200,66097.67390226,85.92697607293799,stop_loss
2025-04-07,000620,SELL,1.6295983703999997,36900,60132.17986775999,78.17183382808798,stop_loss
2025-04-07,000069,SELL,2.3667976331999996,22900,54199.66580027999,70.45956554036398,stop_loss
2025-04-07,000063,BUY,31.81178,3000,95435.34,28.630601999999996,signal
2025-04-07,000058,BUY,7.817809999999999,11300,88341.25299999998,26.502375899999993,signal
2025-04-07,000505,BUY,6.186179999999999,12900,79801.722,23.940516599999995,signal
2025-04-07,000506,BUY,5.41541,13200,71483.412,21.445023599999995,signal
2025-04-07,000069,BUY,2.43243,26600,64702.638,19.410791399999997,signal
2025-04-08,000408,SELL,32.494967505,1500,48742.4512575,63.365186634749996,stop_loss
2025-04-08,000063,SELL,30.826569173399996,3000,92479.70752019998,120.22361977625997,stop_loss
2025-04-08,000058,SELL,7.575692424299999,11300,85605.32439458999,111.28692171296699,stop_loss
2025-04-08,000505,SELL,6.488993510999999,12900,83708.0162919,108.82042117946999,take_profit
2025-04-08,000506,SELL,5.247694752299999,13200,69269.57073035999,90.05044194946798,stop_loss
2025-04-08,000069,SELL,2.3570976429000003,26600,62698.79730114001,81.50843649148202,stop_loss
2025-04-09,000629,BUY,2.5325299999999995,39400,99781.68199999999,29.934504599999993,signal
2025-04-09,000567,BUY,5.15515,17900,92277.185,27.683155499999998,signal
2025-04-09,000630,BUY,2.7027,30800,83243.16,24.972948,signal
2025-04-09,000582,BUY,8.15815,9100,74239.165,22.271749499999995,signal
2025-04-09,000002,BUY,6.7067,10000,67067.0,20.120099999999997,signal
2025-04-10,000629,SELL,2.6564973434999994,39400,104665.99533389998,136.06579393406997,take_profit
2025-04-10,000567,SELL,5.4074945925,17900,96794.15320575,125.83239916747499,take_profit
2025-04-10,000630,SELL,2.8349971650000003,30800,87317.91268200001,113.51328648660001,take_profit
2025-04-10,000582,SELL,8.5574914425,9100,77873.17212675,101.235123764775,take_profit
2025-04-10,000002,SELL,7.034992965,10000,70349.92964999999,91.45490854499998,take_profit
2025-04-10,000060,BUY,4.37437,22800,99735.636,29.920690799999996,signal
2025-04-10,000657,BUY,9.039029999999999,10400,94005.91199999998,28.201773599999992,signal
2025-04-10,000155,BUY,10.130119999999998,8400,85093.00799999999,25.527902399999995,signal
2025-04-10,000338,BUY,14.514499999999998,5200,75475.4,22.642619999999997,signal
2025-04-10,000100,BUY,3.83383,18000,69008.94,20.702682,signal
2025-04-11,000506,BUY,5.555549999999999,11100,61666.604999999996,18.499981499999997,signal
2025-04-11,000078,BUY,2.27227,24600,55897.842,16.769352599999998,signal
2025-04-11,000411,BUY,9.72972,5100,49621.572,14.886471599999998,signal
2025-04-14,000506,SELL,5.827494172499999,11100,64685.185314749986,84.09074090917498,take_profit
2025-04-14,000069,BUY,2.43243,21300,51810.759000000005,15.543227700000001,signal
2025-04-14,000061,BUY,6.806799999999999,6800,46286.23999999999,13.885871999999996,signal
2025-04-14,000002,BUY,7.067059999999999,5900,41695.653999999995,12.508696199999997,signal
2025-04-15,000060,SELL,4.47552,22800,102041.85600000001,132.65441280000002,hold_days
2025-04-15,000657,SELL,9.34065,10400,97142.76,126.28558799999999,hold_days
2025-04-15,000155,SELL,10.29969,8400,86517.396,112.47261479999999,hold_days
2025-04-15,000338,SELL,14.71527,5200,76519.404,99.47522519999998,hold_days
2025-04-15,000100,SELL,3.85614,18000,69410.52,90.233676,hold_days
2025-04-15,000567,BUY,6.036029999999999,13400,80882.802,24.264840599999996,signal
2025-04-15,000523,BUY,3.41341,21300,72705.633,21.811689899999998,signal
2025-04-15,000017,BUY,5.815809999999999,11200,65137.071999999986,19.541121599999993,signal
2025-04-15,000663,BUY,5.65565,10400,58818.759999999995,17.645628,signal
2025-04-15,000620,BUY,1.6316299999999997,32600,53191.13799999999,15.957341399999995,signal
2025-04-16,000078,SELL,2.2977,24600,56523.42,73.480446,hold_days
2025-04-16,000411,SELL,9.90009,5100,50490.459,65.6375967,hold_days
2025-04-16,000061,SELL,6.595993404,6800,44852.7551472,58.30858169136,stop_loss
2025-04-16,000567,SELL,5.849094150899999,13400,78377.86162206,101.89122010867798,stop_loss
2025-04-16,000663,SELL,5.4804945195,10400,56997.143002799996,74.09628590364,stop_loss
2025-04-16,000620,SELL,1.5810984188999997,32600,51543.80845613999,67.00695099298198,stop_loss
2025-04-16,000415,BUY,2.9028999999999994,28100,81571.48999999998,24.47144699999999,signal
2025-04-16,000021,BUY,16.786769999999997,4300,72183.11099999999,21.654933299999996,signal
2025-04-16,000629,BUY,2.69269,24600,66240.174,19.8720522,signal
2025-04-16,000407,BUY,3.08308,19300,59503.443999999996,17.851033199999996,signal
2025-04-16,000636,BUY,13.4134,4000,53653.6,16.096079999999997,signal
2025-04-17,000069,SELL,2.3975999999999997,21300,51068.88,66.38954399999999,hold_days
2025-04-17,000002,SELL,7.01298,5900,41376.582,53.7895566,hold_days
2025-04-17,000017,SELL,6.100493899499999,11200,68325.53167439999,88.82319117671997,take_profit
2025-04-17,000506,BUY,6.456449999999999,9900,63918.854999999996,19.1756565,signal
2025-04-17,000609,BUY,2.39239,24300,58135.077,17.440523099999997,signal
2025-04-17,000049,BUY,19.54953,2600,50828.778,15.248633399999997,signal
2025-04-17,000060,BUY,4.44444,10600,47111.064,14.133319199999999,signal
2025-04-18,000523,SELL,3.45654,21300,73624.302,95.71159259999999,hold_days
2025-04-18,000506,SELL,6.256493743499999,9900,61939.28806064999,80.52107447884498,stop_loss
2025-04-18,000526,BUY,50.30024999999999,1100,55330.27499999999,16.599082499999994,signal
2025-04-18,000523,BUY,3.4634599999999995,14500,50220.16999999999,15.066050999999996,signal
2025-04-21,000415,SELL,2.86713,28100,80566.353,104.7362589,hold_days
2025-04-21,000021,SELL,16.65333,4300,71609.319,93.0921147,hold_days
2025-04-21,000629,SELL,2.64735,24600,65124.81,84.66225299999999,hold_days
2025-04-21,000407,SELL,3.07692,19300,59384.556,77.1999228,hold_days
2025-04-21,000636,SELL,13.436549999999999,4000,53746.2,69.87006,hold_days
2025-04-21,000526,SELL,52.7624472375,1100,58038.69196125,75.450299549625,take_profit
2025-04-21,000551,BUY,8.98898,9300,83597.514,25.079254199999998,signal
2025-04-21,000063,BUY,32.032,2300,73673.59999999999,22.102079999999994,signal
2025-04-21,000555,BUY,10.520509999999998,6500,68383.31499999999,20.514994499999993,signal
2025-04-21,000532,BUY,14.25424,4300,61293.231999999996,18.387969599999998,signal
2025-04-21,000065,BUY,10.190179999999998,5400,55026.97199999999,16.508091599999993,signal
2025-04-22,000609,SELL,2.5094974905,24300,60980.78901915,79.27502572489499,take_profit
2025-04-22,000049,SELL,19.97001,2600,51922.026,67.4986338,hold_days
2025-04-22,000060,SELL,4.5954,10600,48711.24,63.324611999999995,hold_days
2025-04-22,000555,SELL,11.035488964499999,6500,71730.67826925,93.249881750025,take_profit
2025-04-22,000532,SELL,14.951985048,4300,64293.5357064,83.58159641831999,take_profit
2025-04-22,000555,BUY,11.10109,7100,78817.739,23.645321699999997,signal
2025-04-22,000665,BUY,4.684679999999999,15300,71675.60399999999,21.502681199999994,signal
2025-04-22,000021,BUY,16.986969999999996,3800,64550.48599999998,19.365145799999993,signal
2025-04-22,000049,BUY,20.009989999999995,2900,58028.97099999998,17.408691299999994,signal
2025-04-22,000663,BUY,5.605599999999999,9300,52132.079999999994,15.639623999999998,signal
2025-04-23,000523,SELL,3.5264699999999998,14500,51133.814999999995,66.47395949999999,hold_days
2025-04-23,000551,SELL,9.428990571,9300,87689.6123103,113.99649600338999,take_profit
2025-04-23,000065,SELL,10.688989310999997,5400,57720.54227939998,75.03670496321998,take_profit
2025-04-23,000561,BUY,7.397389999999999,9000,66576.51,19.972952999999997,signal
2025-04-23,000036,BUY,3.7337299999999995,16100,60113.05299999999,18.033915899999997,signal
2025-04-23,000523,BUY,3.5335299999999994,15300,54063.00899999999,16.218902699999997,signal
2025-04-23,000069,BUY,2.5125099999999994,19400,48742.69399999999,14.622808199999996,signal
2025-04-24,000063,SELL,31.97799,2300,73549.377,95.61419009999999,hold_days
2025-04-24,000555,SELL,10.757289242699999,7100,76376.75362316999,99.28977971012098,stop_loss
2025-04-24,000665,SELL,4.539595460399999,15300,69455.81054411999,90.29255370735598,stop_loss
2025-04-24,000069,SELL,2.434697565299999,19400,47233.13276681998,61.403072596865975,stop_loss
2025-04-24,000063,BUY,32.04201,2200,70492.42199999999,21.147726599999995,signal
2025-04-24,000665,BUY,4.63463,13700,63494.431,19.0483293,signal
2025-04-24,000545,BUY,2.002,28500,57056.99999999999,17.117099999999997,signal
2025-04-24,000403,BUY,16.516499999999997,3100,51201.149999999994,15.360344999999997,signal
2025-04-25,000021,SELL,17.07291,3800,64877.058000000005,84.3401754,hold_days
2025-04-25,000049,SELL,20.41956,2900,59216.724,76.9817412,hold_days
2025-04-25,000663,SELL,5.62437,9300,52306.640999999996,67.9986333,hold_days
2025-04-25,000408,BUY,33.643609999999995,1900,63922.85899999999,19.176857699999996,signal
2025-04-25,000663,BUY,5.635629999999999,10200,57483.42599999999,17.245027799999995,signal
2025-04-25,000021,BUY,17.10709,3000,51321.27,15.396380999999998,signal
2025-04-28,000561,SELL,7.168292831699999,9000,64514.63548529999,83.86902613088998,stop_loss
2025-04-28,000036,SELL,3.6180963818999996,16100,58251.351748589994,75.72675727316698,stop_loss
2025-04-28,000523,SELL,3.4240965758999993,15300,52388.67761126999,68.10528089465099,stop_loss
2025-04-28,000665,SELL,4.491095508899999,13700,61528.008471929985,79.98641101350897,stop_loss
2025-04-28,000545,SELL,1.9399980599999997,28500,55289.944709999996,71.87692812299998,stop_loss
2025-04-28,000663,SELL,5.4610945388999985,10200,55703.164296779985,72.41411358581398,stop_loss
2025-04-28,000663,BUY,5.545539999999999,14600,80964.88399999999,24.289465199999995,signal
2025-04-28,000002,BUY,6.976969999999999,10500,73258.18499999998,21.977455499999994,signal
2025-04-28,000633,BUY,5.015009999999999,13100,65696.631,19.708989299999995,signal
2025-04-28,000657,BUY,9.49949,6200,58896.837999999996,17.669051399999997,signal
2025-04-28,000628,BUY,46.02597999999999,1100,50628.57799999999,15.188573399999994,signal
2025-04-29,000063,SELL,31.30866,2200,68879.052,89.54276759999999,hold_days
2025-04-29,000403,SELL,16.40358,3100,50851.098000000005,66.1064274,hold_days
2025-04-29,000663,SELL,5.3737946262,14600,78457.40154251999,101.99462200527599,stop_loss
2025-04-29,000058,BUY,7.947939999999999,8500,67557.48999999999,20.267246999999994,signal
2025-04-29,000665,BUY,4.384379999999999,14000,61381.31999999999,18.414395999999996,signal
2025-04-29,000546,BUY,4.09409,13500,55270.215,16.581064499999997,signal
2025-04-29,000411,BUY,9.8098,5000,49048.99999999999,14.714699999999997,signal
2025-04-30,000408,SELL,33.2667,1900,63206.73,82.168749,hold_days
2025-04-30,000021,SELL,17.21277,3000,51638.31,67.129803,hold_days
2025-04-30,000002,SELL,6.760893239099999,10500,70989.37901055,92.28619271371498,stop_loss
2025-04-30,000665,SELL,4.598995400999999,14000,64385.93561399999,83.70171629819998,take_profit
2025-04-30,000032,BUY,21.81179,3200,69797.72799999999,20.939318399999994,signal
2025-04-30,000100,BUY,3.95395,15900,62867.805,18.860341499999997,signal
2025-04-30,000567,BUY,5.435429999999999,10400,56528.471999999994,16.958541599999997,signal
2025-04-30,000533,BUY,5.59559,9100,50919.869,15.275960699999999,signal
2025-05-06,000633,SELL,5.2604947394999995,13100,68912.48108745,89.58622541368499,take_profit
2025-05-06,000657,SELL,9.42057,6200,58407.534,75.92979419999999,hold_days
2025-05-06,000628,SELL,48.27895172099999,1100,53106.84689309999,69.03890096102998,take_profit
2025-05-06,000058,SELL,8.336991663,8500,70864.42913549999,92.12375787614998,take_profit
2025-05-06,000546,SELL,4.294495705499999,13500,57975.69202424999,75.36839963152498,take_profit
2025-05-06,000032,SELL,22.8794771205,3200,73214.3267856,95.17862482128,take_profit
2025-05-06,000567,SELL,5.701494298499999,10400,59295.540704399995,77.08420291571998,take_profit
2025-05-06,000533,SELL,5.8694941305,9100,53412.39658755,69.436115563815,take_profit
2025-05-06,000063,BUY,32.262229999999995,2900,93560.46699999999,28.068140099999994,signal
2025-05-06,000530,BUY,5.2459575168,16300,85509.10752384,25.652732257151996,signal
2025-05-06,000532,BUY,14.25424,5400,76972.896,23.091868799999997,signal
2025-05-06,000006,BUY,6.32632,11000,69589.52,20.876856,signal
2025-05-06,000536,BUY,4.384379999999999,14300,62696.63399999999,18.808990199999997,signal
2025-05-07,000411,SELL,10.009979999999999,5000,50049.899999999994,65.06486999999998,hold_days
2025-05-07,000100,SELL,4.1474958525000005,15900,65945.18405475,85.728739271175,take_profit
2025-05-07,000532,SELL,14.951985048,5400,80740.71925919999,104.96293503695999,take_profit
2025-05-07,000006,SELL,6.635993364000001,11000,72995.92700400001,94.89470510520002,take_profit
2025-05-07,000536,SELL,4.598995400999999,14300,65765.63423429999,85.49532450458997,take_profit
2025-05-07,000021,BUY,18.32831,4900,89808.719,26.942615699999998,signal
2025-05-07,000100,BUY,4.19419,19300,80947.867,24.284360099999997,signal
2025-05-07,000426,BUY,13.343329999999998,5400,72053.98199999999,21.616194599999996,signal
2025-05-07,000006,BUY,6.556549999999999,10000,65565.49999999999,19.669649999999994,signal
2025-05-07,000039,BUY,7.6876799999999985,7600,58426.36799999999,17.527910399999996,signal
2025-05-08,000530,SELL,5.5027471372473595,16300,89694.77833713197,116.60321183827155,take_profit
2025-05-08,000078,BUY,2.3423399999999996,26500,62072.00999999999,18.621602999999993,signal
2025-05-08,000029,BUY,15.875859999999998,3500,55565.509999999995,16.669652999999997,signal
2025-05-08,000408,BUY,33.95392,1400,47535.488,14.260646399999999,signal
2025-05-08,000629,BUY,2.6526499999999995,17200,45625.579999999994,13.687673999999998,signal
2025-05-09,000063,SELL,32.93703,2900,95517.387,124.1726031,hold_days
2025-05-09,000021,SELL,17.760682239299996,4900,87027.34297256998,113.13554586434097,stop_loss
2025-05-09,000426,SELL,12.930087069899997,5400,69822.47017745998,90.76921123069798,stop_loss
2025-05-09,000029,SELL,16.652983346999996,3500,58285.44171449998,75.77107422884997,take_profit
2025-05-09,000547,BUY,7.527519999999999,9500,71511.43999999999,21.453431999999996,signal
2025-05-09,000659,BUY,3.4534499999999997,18800,64924.85999999999,19.477457999999995,signal
2025-05-09,000007,BUY,6.976969999999999,8300,57908.85099999999,17.372655299999995,signal
2025-05-09,000561,BUY,8.078069999999999,6500,52507.45499999999,15.752236499999995,signal
2025-05-12,000100,SELL,4.15584,19300,80207.71200000001,104.27002560000001,hold_days
2025-05-12,000006,SELL,6.4935,10000,64935.0,84.4155,hold_days
2025-05-12,000039,SELL,7.602390000000001,7600,57778.164000000004,75.11161320000001,hold_days
2025-05-12,000659,SELL,3.3464966534999996,18800,62914.137085799994,81.78837821153999,stop_loss
2025-05-12,000561,SELL,8.473491526499998,6500,55077.69492224999,71.60100339892499,take_profit
2025-05-12,000659,BUY,3.3733699999999995,23500,79274.19499999999,23.782258499999994,signal
2025-05-12,000029,BUY,16.8168,4200,70630.56,21.189168,signal
2025-05-12,000014,BUY,11.031019999999998,5800,63979.91599999999,19.193974799999996,signal
2025-05-12,000520,BUY,4.554549999999999,12700,57842.78499999999,17.352835499999994,signal
2025-05-12,000571,BUY,4.48448,11600,52019.96799999999,15.605990399999996,signal
2025-05-13,000078,SELL,2.33766,26500,61947.990000000005,80.532387,hold_days
2025-05-13,000408,SELL,33.85611,1400,47398.554000000004,61.6181202,hold_days
2025-05-13,000629,SELL,2.6773200000000004,17200,46049.90400000001,59.86487520000001,hold_days
2025-05-13,000007,SELL,7.318492681499999,8300,60743.48925644999,78.96653603338498,take_profit
2025-05-13,000659,SELL,3.2688967310999995,23500,76819.07318084998,99.86479513510497,stop_loss
2025-05-13,000520,SELL,4.777495222499999,12700,60674.18932574998,78.87644612347498,take_profit
2025-05-13,000571,SELL,4.703995296,11600,54566.34543360001,70.93624906368001,take_profit
2025-05-13,000100,BUY,4.3043,20400,87807.71999999999,26.342315999999993,signal
2025-05-13,000039,BUY,8.028019999999998,9800,78674.59599999998,23.60237879999999,signal
2025-05-13,000070,BUY,6.58658,10800,71135.064,21.3405192,signal
2025-05-13,000035,BUY,4.564559999999999,14000,63903.83999999999,19.171151999999996,signal
2025-05-13,000049,BUY,21.901879999999995,2600,56944.887999999984,17.083466399999995,signal
2025-05-14,000547,SELL,7.46253,9500,70894.035,92.1622455,hold_days
2025-05-14,000014,SELL,10.689389310599998,5800,61998.45800147999,80.59799540192398,stop_loss
2025-05-14,000100,SELL,4.170995829,20400,85088.3149116,110.61480938508,stop_loss
2025-05-14,000070,SELL,6.3825936173999995,10800,68932.01106792,89.61161438829599,stop_loss
2025-05-14,000035,SELL,4.4231955767999995,14000,61924.738075199995,80.50215949775999,stop_loss
2025-05-14,000630,BUY,3.0330299999999997,28600,86744.658,26.023397399999997,signal
2025-05-14,000400,BUY,21.711689999999997,3600,78162.08399999999,23.448625199999995,signal
2025-05-14,000533,BUY,5.935929999999999,11800,70043.97399999999,21.013192199999995,signal
2025-05-14,000558,BUY,3.8838799999999996,16300,63307.24399999999,18.992173199999996,signal
2025-05-14,000063,BUY,32.83279999999999,1700,55815.75999999999,16.744727999999995,signal
2025-05-15,000029,SELL,17.15283,4200,72041.88600000001,93.65445180000002,hold_days
2025-05-15,000039,SELL,8.420991578999997,9800,82525.71747419998,107.28343271645997,take_profit
2025-05-15,000049,SELL,21.223578776399993,2600,55181.30481863998,71.73569626423198,stop_loss
2025-05-15,000039,BUY,8.38838,8600,72140.068,21.642020399999996,signal
2025-05-15,000600,BUY,6.246239999999999,10400,64960.89599999999,19.488268799999997,signal
2025-05-15,000060,BUY,4.53453,12900,58495.437000000005,17.5486311,signal
2025-05-15,000061,BUY,6.556549999999999,8000,52452.39999999999,15.735719999999995,signal
2025-05-15,000419,BUY,5.285279999999999,9000,47567.52,14.270255999999998,signal
2025-05-16,000558,SELL,4.073995926,16300,66406.1335938,86.32797367193999,take_profit
2025-05-16,000039,SELL,8.1285918714,8600,69905.89009403999,90.87765712225199,stop_loss
2025-05-16,000600,SELL,6.0527939472,10400,62949.057050879994,81.83377416614398,stop_loss
2025-05-16,000039,BUY,8.27827,7500,62087.024999999994,18.626107499999996,signal
2025-05-16,000612,BUY,6.716709999999999,8400,56420.363999999994,16.926109199999996,signal
2025-05-16,000536,BUY,4.434429999999999,11400,50552.501999999986,15.165750599999994,signal
2025-05-19,000630,SELL,2.97702,28600,85142.772,110.6856036,hold_days
2025-05-19,000400,SELL,21.31866,3600,76747.176,99.7713288,hold_days
2025-05-19,000533,SELL,5.87412,11800,69314.616,90.10900079999999,hold_days
2025-05-19,000063,SELL,31.815968183999992,1700,54087.145912799984,70.31328968663998,stop_loss
2025-05-19,000039,SELL,8.0218919781,7500,60164.189835749996,78.21344678647499,stop_loss
2025-05-19,000612,SELL,7.045492954499999,8400,59182.14081779999,76.93678306313998,take_profit
2025-05-19,000628,BUY,47.997949999999996,1700,81596.515,24.478954499999997,signal
2025-05-19,000415,BUY,3.2632599999999994,23900,77991.91399999999,23.397574199999994,signal
2025-05-19,000014,BUY,11.121109999999998,6300,70062.99299999999,21.018897899999995,signal
2025-05-19,000555,BUY,11.011,5700,62762.7,18.828809999999997,signal
2025-05-19,000411,BUY,10.430419999999998,5400,56324.26799999999,16.897280399999996,signal
2025-05-20,000060,SELL,4.44555,12900,57347.595,74.5518735,hold_days
2025-05-20,000061,SELL,6.53346,8000,52267.68,67.94798399999999,hold_days
2025-05-20,000419,SELL,5.34465,9000,48101.85,62.532405,hold_days
2025-05-20,000536,SELL,4.651495348499999,11400,53027.04697289999,68.93516106476999,take_profit
2025-05-20,000628,SELL,50.347449652499996,1700,85590.66440924999,111.26786373202498,take_profit
2025-05-20,000014,SELL,11.6654883345,6300,73492.57650735,95.54034945955499,take_profit
2025-05-20,000534,BUY,14.694679999999998,6000,88168.07999999999,26.450423999999995,signal
2025-05-20,000058,BUY,8.39839,9400,78944.866,23.683459799999998,signal
2025-05-20,000070,BUY,6.626619999999999,10800,71567.49599999998,21.470248799999993,signal
2025-05-20,000592,BUY,3.1031,20700,64234.17,19.270251,signal
2025-05-20,000400,BUY,21.611589999999996,2600,56190.13399999999,16.857040199999997,signal
2025-05-21,000415,SELL,3.4229965769999993,23900,81809.61819029998,106.35250364738997,take_profit
2025-05-21,000058,SELL,8.8094911905,9400,82809.21719069999,107.65198234790998,take_profit
2025-05-21,000007,BUY,7.537529999999999,9100,68591.523,20.577456899999998,signal
2025-05-21,000530,BUY,5.514216708,11200,61759.2271296,18.52776813888,signal
2025-05-21,000505,BUY,6.576569999999999,8400,55243.187999999995,16.572956399999995,signal
2025-05-21,000528,BUY,9.450347866959998,5300,50086.84369488799,15.026053108466396,signal
2025-05-22,000555,SELL,11.06892,5700,63092.844000000005,82.0206972,hold_days
2025-05-22,000411,SELL,10.40958,5400,56211.732,73.0752516,hold_days
2025-05-22,000534,SELL,14.239585760399997,6000,85437.51456239999,111.06876893111998,stop_loss
2025-05-22,000592,SELL,3.006996993,20700,62244.8377551,80.91828908163,stop_loss
2025-05-22,000007,SELL,7.9064920935,9100,71949.07805085,93.533801466105,take_profit
2025-05-22,000530,SELL,5.34344141655324,11200,59846.54386539629,77.80050702501518,stop_loss
2025-05-22,000526,BUY,54.93488,1500,82402.31999999999,24.720695999999997,signal
2025-05-22,000600,BUY,6.296289999999999,12200,76814.73799999998,23.044421399999994,signal
2025-05-22,000630,BUY,3.0130099999999995,22900,68997.92899999999,20.699378699999993,signal
2025-05-22,000058,BUY,8.57857,7200,61765.70399999999,18.529711199999994,signal
2025-05-22,000555,BUY,11.091079999999998,5000,55455.39999999999,16.636619999999994,signal
2025-05-23,000070,SELL,6.60339,10800,71316.61200000001,92.71159560000001,hold_days
2025-05-23,000400,SELL,21.28869,2600,55350.594,71.9557722,hold_days
2025-05-23,000505,SELL,6.372893627099999,8400,53532.30646763999,69.59199840793198,stop_loss
2025-05-23,000526,SELL,53.2335467664,1500,79850.32014960001,103.80541619448,stop_loss
2025-05-23,000058,SELL,8.312891687099999,7200,59852.82014711999,77.808666191256,stop_loss
2025-05-23,000571,BUY,4.48448,18300,82065.984,24.619795199999995,signal
2025-05-23,000415,BUY,3.43343,21600,74162.088,22.2486264,signal
2025-05-23,000029,BUY,18.108089999999997,3600,65189.12399999999,19.556737199999993,signal
2025-05-23,000665,BUY,5.015009999999999,12000,60180.11999999999,18.054035999999996,signal
2025-05-23,000523,BUY,3.3133099999999995,16400,54338.28399999999,16.301485199999995,signal
2025-05-26,000528,SELL,9.29097748224,5300,49242.180655872005,64.0148348526336,hold_days
2025-05-26,000600,SELL,6.6044933955,12200,80574.8194251,104.74726525262999,take_profit
2025-05-26,000415,SELL,3.3270966729,21600,71865.28813464001,93.424874575032,stop_loss
2025-05-26,000665,SELL,4.8596951402999995,12000,58316.341683599996,75.81124418867999,stop_loss
2025-05-26,000528,BUY,9.30957803776,8000,74476.62430208,22.342987290624,signal
2025-05-26,000534,BUY,13.953939999999998,4800,66978.91199999998,20.093673599999992,signal
2025-05-26,000065,BUY,10.3103,5800,59799.74,17.939922,signal
2025-05-26,000338,BUY,14.514499999999998,3700,53703.649999999994,16.111094999999995,signal
2025-05-26,000657,BUY,10.520509999999998,4600,48394.34599999999,14.518303799999996,signal
2025-05-27,000630,SELL,2.97702,22900,68173.758,88.6258854,hold_days
2025-05-27,000555,SELL,11.118870000000001,5000,55594.350000000006,72.272655,hold_days
2025-05-27,000338,SELL,14.064985934999997,3700,52040.447959499994,67.65258234734999,stop_loss
2025-05-27,000408,BUY,35.255219999999994,1700,59933.87399999999,17.980162199999995,signal
2025-05-27,000547,BUY,7.377369999999999,7600,56068.011999999995,16.8204036,signal
2025-05-27,000506,BUY,7.607599999999999,6600,50210.15999999999,15.063047999999995,signal
2025-05-28,000571,SELL,4.4955,18300,82267.65,106.94794499999999,hold_days
2025-05-28,000029,SELL,17.75223,3600,63908.028000000006,83.08043640000001,hold_days
2025-05-28,000523,SELL,3.3366599999999997,16400,54721.223999999995,71.13759119999999,hold_days
2025-05-28,000400,BUY,20.920899999999996,3100,64854.789999999986,19.456436999999994,signal
2025-05-28,000505,BUY,6.436429999999999,9100,58571.51299999999,17.571453899999995,signal
2025-05-28,000029,BUY,17.78777,2900,51584.532999999996,15.475359899999997,signal
2025-05-29,000528,SELL,9.20668433976,8000,73653.47471808,95.749517133504,hold_days
2025-05-29,000534,SELL,13.75623,4800,66029.904,85.83887519999999,hold_days
2025-05-29,000065,SELL,10.24974,5800,59448.492,77.2830396,hold_days
2025-05-29,000657,SELL,11.035488964499999,4600,50763.249236699994,65.99222400770999,take_profit
2025-05-29,000408,SELL,34.16336583659999,1700,58077.721922219986,75.50103849888598,stop_loss
2025-05-29,000506,SELL,7.371992627999998,6600,48655.15134479999,63.251696748239986,stop_loss
2025-05-29,000029,SELL,17.2368827631,2900,49986.96001299,64.983048016887,stop_loss
2025-05-29,000524,BUY,11.131119999999997,7900,87935.84799999998,26.380754399999994,signal
2025-05-29,000014,BUY,11.611599999999997,6800,78958.87999999999,23.687663999999995,signal
2025-05-29,000029,BUY,17.757739999999995,4000,71030.95999999998,21.30928799999999,signal
2025-05-29,000558,BUY,3.9239199999999994,16500,64744.67999999999,19.423403999999998,signal
2025-05-29,000417,BUY,5.565559999999999,10400,57881.823999999986,17.364547199999993,signal
2025-05-30,000547,SELL,7.38261,7600,56107.835999999996,72.94018679999999,hold_days
2025-05-30,000029,SELL,18.626981372999992,4000,74507.92549199997,96.86030313959995,take_profit
2025-05-30,000069,BUY,2.3723699999999996,27600,65477.41199999999,19.643223599999995,signal
2025-05-30,000571,BUY,4.674669999999999,12600,58900.84199999999,17.670252599999994,signal
2025-05-30,000032,BUY,19.67966,2700,53135.081999999995,15.940524599999996,signal
2025-05-30,000665,BUY,5.065059999999999,9400,47611.56399999999,14.283469199999995,signal
2025-06-03,000400,SELL,20.809169999999998,3100,64508.426999999996,83.86095509999998,hold_days
2025-06-03,000505,SELL,6.32367,9100,57545.397,74.8090161,hold_days
2025-06-03,000571,SELL,4.5298954701,12600,57076.68292325999,74.19968780023798,stop_loss
2025-06-03,000665,SELL,4.908195091799999,9400,46137.03386291999,59.978144021795984,stop_loss
2025-06-03,000029,BUY,19.719699999999996,3300,65075.00999999999,19.522502999999993,signal
2025-06-03,000403,BUY,16.82681,3500,58893.83499999999,17.668150499999996,signal
2025-06-03,000411,BUY,10.570559999999999,5000,52852.799999999996,15.855839999999997,signal
2025-06-03,000007,BUY,7.837829999999999,6100,47810.763,14.343228899999998,signal
2025-06-04,000524,SELL,11.675988323999999,7900,92240.3077596,119.91240008747998,take_profit
2025-06-04,000014,SELL,11.56842,6800,78665.256,102.2648328,hold_days
2025-06-04,000558,SELL,4.115995883999999,16500,67913.93208599999,88.28811171179998,take_profit
2025-06-04,000417,SELL,5.52447,10400,57454.488,74.6908344,hold_days
2025-06-04,000029,SELL,19.108980890999995,3300,63059.636940299984,81.97752802238998,stop_loss
2025-06-04,000007,SELL,8.2214917785,6100,50151.099848850004,65.196429803505,take_profit
2025-06-04,000061,BUY,6.576569999999999,12700,83522.439,25.056731699999997,signal
2025-06-04,000617,BUY,6.756749999999999,11100,74999.92499999999,22.499977499999993,signal
2025-06-04,000612,BUY,7.017009999999999,9700,68064.99699999999,20.419499099999996,signal
2025-06-04,000428,BUY,3.2432399999999997,18900,61297.236,18.3891708,signal
2025-06-04,000070,BUY,6.686679999999999,8200,54830.77599999999,16.449232799999997,signal
2025-06-05,000069,SELL,2.35764,27600,65070.864,84.5921232,hold_days
2025-06-05,000032,SELL,19.7802,2700,53406.54,69.428502,hold_days
2025-06-05,000600,BUY,6.82682,9000,61441.38,18.432413999999998,signal
2025-06-05,000567,BUY,5.69569,9700,55248.193,16.5744579,signal
2025-06-05,000060,BUY,4.46446,11100,49555.506,14.8666518,signal
2025-06-06,000411,SELL,10.62936,5000,53146.8,69.09084,hold_days
2025-06-06,000612,SELL,7.360492639499999,9700,71396.77860315,92.815812184095,take_profit
2025-06-06,000070,SELL,7.013992985999999,8200,57514.74248519999,74.76916523075998,take_profit
2025-06-06,000600,SELL,6.6153933846,9000,59538.5404614,77.40010259982,stop_loss
2025-06-06,000610,BUY,12.552539999999997,5500,69038.96999999999,20.711690999999995,signal
2025-06-06,000532,BUY,15.105089999999999,4100,61930.86899999999,18.579260699999995,signal
2025-06-06,000612,BUY,7.217209999999999,7700,55572.51699999999,16.671755099999995,signal
2025-06-06,000600,BUY,6.566559999999999,7600,49905.85599999999,14.971756799999996,signal
2025-06-09,000061,SELL,6.6233699999999995,12700,84116.799,109.35183869999999,hold_days
2025-06-09,000617,SELL,6.77322,11100,75182.742,97.7375646,hold_days
2025-06-09,000428,SELL,3.2967,18900,62307.63,80.99991899999999,hold_days
2025-06-09,000532,SELL,15.8444841555,4100,64962.38503755,84.45110054881499,take_profit
2025-06-09,000070,BUY,7.057049999999999,10400,73393.31999999999,22.017995999999997,signal
2025-06-09,000532,BUY,15.105089999999999,4400,66462.396,19.938718799999997,signal
2025-06-09,000408,BUY,35.135099999999994,1700,59729.66999999999,17.918900999999995,signal
2025-06-09,000603,BUY,14.844829999999998,3600,53441.38799999999,16.032416399999995,signal
2025-06-10,000403,SELL,17.6504823495,3500,61776.68822325,80.309694690225,take_profit
2025-06-10,000567,SELL,5.774220000000001,9700,56009.93400000001,72.81291420000001,hold_days
2025-06-10,000060,SELL,4.4955,11100,49900.049999999996,64.870065,hold_days
2025-06-10,000610,SELL,13.166986832999998,5500,72418.42758149999,94.14395585594998,take_profit
2025-06-10,000532,SELL,15.8444841555,4400,69715.7302842,90.63044936946001,take_profit
2025-06-10,000603,SELL,15.571484428499998,3600,56057.34394259999,72.87454712537998,take_profit
2025-06-10,000551,BUY,10.460449999999998,8100,84729.64499999999,25.418893499999996,signal
2025-06-10,000505,BUY,6.486479999999999,11800,76540.46399999999,22.962139199999996,signal
2025-06-10,000620,BUY,1.7117099999999998,40300,68981.913,20.694573899999998,signal
2025-06-10,000338,BUY,14.714699999999997,4200,61801.73999999999,18.540521999999996,signal
2025-06-10,000400,BUY,21.471449999999997,2600,55825.76999999999,16.747730999999995,signal
2025-06-11,000612,SELL,7.23276,7700,55692.252,72.3999276,hold_days
2025-06-11,000600,SELL,6.77322,7600,51476.472,66.9194136,hold_days
2025-06-11,000408,SELL,36.85496314499999,1700,62653.43734649999,81.44946855044998,take_profit
2025-06-11,000408,BUY,36.01597999999999,1800,64828.76399999999,19.448629199999996,signal
2025-06-11,000600,BUY,6.786779999999999,8900,60402.342,18.120702599999998,signal
2025-06-11,000593,BUY,5.945939999999999,9200,54702.647999999994,16.410794399999997,signal
2025-06-11,000021,BUY,17.3173,2800,48488.439999999995,14.546531999999997,signal
2025-06-12,000070,SELL,7.1128800000000005,10400,73973.952,96.1661376,hold_days
2025-06-12,000620,SELL,1.6586983412999998,40300,66845.54315438999,86.89920610070698,stop_loss
2025-06-12,000408,SELL,37.778962220999986,1800,68002.13199779998,88.40277159713997,take_profit
2025-06-12,000408,BUY,37.49746,1700,63745.68199999999,19.123704599999996,signal
2025-06-12,000007,BUY,8.24824,7100,58562.50399999999,17.568751199999998,signal
2025-06-12,000058,BUY,8.15815,6500,53027.97499999999,15.908392499999996,signal
2025-06-13,000551,SELL,10.3896,8100,84155.76,109.40248799999999,hold_days
2025-06-13,000505,SELL,6.3936,11800,75444.48,98.07782399999999,hold_days
2025-06-13,000338,SELL,14.80518,4200,62181.756,80.83628279999999,hold_days
2025-06-13,000400,SELL,20.806479193499996,2600,54096.84590309999,70.32589967402998,stop_loss
2025-06-13,000021,SELL,16.780983219,2800,46986.753013199996,61.08277891715999,stop_loss
2025-06-13,000007,SELL,7.992792007199999,7100,56748.82325112,73.773470226456,stop_loss
2025-06-13,000559,BUY,7.757749999999999,11000,85335.24999999999,25.600574999999992,signal
2025-06-13,000628,BUY,42.79275,1800,77026.95,23.108084999999996,signal
2025-06-13,000070,BUY,7.177169999999999,9600,68900.832,20.6702496,signal
2025-06-13,000629,BUY,2.54254,24600,62546.484,18.7639452,signal
2025-06-13,000007,BUY,8.13813,6900,56153.097,16.8459291,signal
2025-06-16,000600,SELL,6.6933,8900,59570.369999999995,77.441481,hold_days
2025-06-16,000593,SELL,5.97402,9200,54960.984000000004,71.4492792,hold_days
2025-06-16,000559,SELL,7.517492482499999,11000,82692.41730749999,107.50014249974997,stop_loss
2025-06-16,000007,SELL,7.8860921139,6900,54414.03558591,70.738246261683,stop_loss
2025-06-16,000523,BUY,3.3433399999999995,22700,75893.81799999998,22.768145399999995,signal
2025-06-16,000039,BUY,7.727719999999999,8800,68003.93599999999,20.401180799999995,signal
2025-06-16,000617,BUY,6.936929999999999,8800,61044.984,18.3134952,signal
2025-06-16,000032,BUY,19.059039999999996,2900,55271.215999999986,16.581364799999996,signal
2025-06-16,000007,BUY,7.937929999999999,6200,49215.16599999999,14.764549799999996,signal
2025-06-17,000408,SELL,38.291669999999996,1700,65095.83899999999,84.62459069999998,hold_days
2025-06-17,000058,SELL,7.992,6500,51948.0,67.5324,hold_days
2025-06-17,000408,BUY,38.36832999999999,1400,53715.66199999999,16.114698599999997,signal
2025-06-17,000543,BUY,7.107099999999999,7200,51171.119999999995,15.351335999999998,signal
2025-06-18,000628,SELL,41.92803,1800,75470.454,98.1115902,hold_days
2025-06-18,000070,SELL,7.392600000000001,9600,70968.96,92.259648,hold_days
2025-06-18,000629,SELL,2.53746,24600,62421.515999999996,81.1479708,hold_days
2025-06-18,000617,SELL,7.276492723499999,8800,64033.135966799986,83.24307675683998,take_profit
2025-06-18,000070,BUY,7.4074,9900,73333.26,21.999977999999995,signal
2025-06-18,000400,BUY,20.760739999999995,3100,64358.29399999999,19.307488199999995,signal
2025-06-18,000063,BUY,31.531499999999998,1800,56756.7,17.027009999999997,signal
2025-06-18,000632,BUY,3.7537499999999997,14300,53678.62499999999,16.103587499999996,signal
2025-06-19,000523,SELL,3.2397967601999995,22700,73543.38645653999,95.60640239350198,stop_loss
2025-06-19,000039,SELL,7.488392511599998,8800,65897.85410207999,85.66721033270399,stop_loss
2025-06-19,000032,SELL,18.96102,2900,54986.958000000006,71.48304540000001,hold_days
2025-06-19,000007,SELL,7.6920923078999985,6200,47690.97230897999,61.99826400167398,stop_loss
2025-06-19,000070,SELL,7.177992821999999,9900,71062.1289378,92.38076761913999,stop_loss
2025-06-19,000632,SELL,3.6374963625,14300,52016.19798375,67.621057378875,stop_loss
2025-06-19,000021,BUY,17.04703,4900,83530.447,25.059134099999998,signal
2025-06-19,000630,BUY,3.0930899999999997,24800,76708.632,23.0125896,signal
2025-06-19,000632,BUY,3.7137099999999994,18500,68703.635,20.611090499999996,signal
2025-06-19,000403,BUY,18.348329999999997,3300,60549.488999999994,18.1648467,signal
2025-06-19,000610,BUY,12.522509999999999,4400,55099.043999999994,16.529713199999996,signal
2025-06-20,000408,SELL,38.22174,1400,53510.435999999994,69.56356679999999,hold_days
2025-06-20,000543,SELL,7.02297,7200,50565.384,65.73499919999999,hold_days
2025-06-20,000400,SELL,20.117779882199994,3100,62365.11763481998,81.07465292526597,stop_loss
2025-06-20,000632,SELL,3.5986964012999993,18500,66575.88342404999,86.54864845126498,stop_loss
2025-06-20,000524,BUY,11.301289999999998,6500,73458.38499999998,22.03751549999999,signal
2025-06-20,000582,BUY,7.99799,8300,66383.317,19.914995099999995,signal
2025-06-20,000620,BUY,1.57157,38100,59876.816999999995,17.9630451,signal
2025-06-20,000559,BUY,7.107099999999999,7500,53303.24999999999,15.990974999999997,signal
2025-06-20,000564,BUY,2.23223,21700,48439.390999999996,14.531817299999998,signal
2025-06-23,000063,SELL,30.554969444999998,1800,54998.94500099999,71.49862850129999,stop_loss
2025-06-23,000021,SELL,16.519083480899997,4900,80943.50905640998,105.22656177333297,stop_loss
2025-06-23,000564,SELL,2.1630978368999996,21700,46939.22306072999,61.02098997894899,stop_loss
2025-06-23,000426,BUY,15.095079999999998,4100,61889.82799999999,18.566948399999994,signal
2025-06-23,000029,BUY,18.98897,2900,55068.01299999999,16.520403899999994,signal
2025-06-23,000564,BUY,2.15215,23300,50145.094999999994,15.043528499999997,signal
2025-06-24,000630,SELL,3.0669299999999997,24800,76059.86399999999,98.87782319999998,hold_days
2025-06-24,000403,SELL,18.451529999999998,3300,60890.04899999999,79.15706369999998,hold_days
2025-06-24,000610,SELL,12.3876,4400,54505.44,70.857072,hold_days
2025-06-24,000564,SELL,2.2574977425,23300,52599.69740025,68.37960662032499,take_profit
2025-06-24,000032,BUY,18.77876,3700,69481.412,20.844423599999995,signal
2025-06-24,000546,BUY,4.774769999999999,13100,62549.486999999994,18.764846099999996,signal
2025-06-24,000408,BUY,38.96892999999999,1400,54556.50199999999,16.366950599999996,signal
2025-06-24,000628,BUY,41.30125999999999,1200,49561.51199999999,14.868453599999995,signal
2025-06-25,000524,SELL,11.62836,6500,75584.34000000001,98.25964200000001,hold_days
2025-06-25,000582,SELL,8.131860000000001,8300,67494.43800000001,87.74276940000001,hold_days
2025-06-25,000620,SELL,1.6484983515,38100,62807.78719215,81.650123349795,take_profit
2025-06-25,000559,SELL,7.454992545,7500,55912.4440875,72.68617731375,take_profit
2025-06-25,000032,SELL,19.697980301999998,3700,72882.5271174,94.74728525261999,take_profit
2025-06-25,000049,BUY,22.30228,3500,78057.98,23.417393999999998,signal
2025-06-25,000415,BUY,3.2432399999999997,22000,71351.28,21.405383999999998,signal
2025-06-25,000629,BUY,2.54254,25300,64326.261999999995,19.297878599999997,signal
2025-06-25,000536,BUY,4.39439,13200,58005.948,17.401784399999997,signal
2025-06-25,000551,BUY,10.290279999999997,5000,51451.39999999999,15.435419999999995,signal
2025-06-26,000426,SELL,15.40458,4100,63158.778,82.1064114,hold_days
2025-06-26,000029,SELL,19.22076,2900,55740.204,72.46226519999999,hold_days
2025-06-26,000546,SELL,5.008494991499999,13100,65611.28438864999,85.29466970524498,take_profit
2025-06-26,000628,SELL,43.32295667699999,1200,51987.548012399995,67.58381241612,take_profit
2025-06-26,000039,BUY,7.69769,9100,70048.97899999999,21.014693699999995,signal
2025-06-26,000628,BUY,42.592549999999996,1400,59629.56999999999,17.888870999999995,signal
2025-06-26,000528,BUY,9.29186106849,6200,57609.538624638,17.282861587391398,signal
2025-06-26,000021,BUY,17.987969999999997,2800,50366.31599999999,15.109894799999996,signal
2025-06-27,000408,SELL,40.8764591235,1400,57227.0427729,74.39515560477,take_profit
2025-06-27,000049,SELL,23.393976606000003,3500,81878.91812100001,106.44259355730001,take_profit
2025-06-27,000415,SELL,3.4019965979999998,22000,74843.925156,97.29710270279999,take_profit
2025-06-27,000639,BUY,3.2032,21300,68228.16,20.468448,signal
2025-06-27,000426,BUY,15.57556,3900,60744.684,18.2234052,signal
2025-06-27,000532,BUY,15.24523,3600,54882.828,16.464848399999997,signal
2025-06-30,000629,SELL,2.56743,25300,64955.979,84.44277269999999,hold_days
2025-06-30,000536,SELL,4.3956,13200,58021.92,75.428496,hold_days
2025-06-30,000551,SELL,10.55943,5000,52797.15,68.636295,hold_days
2025-06-30,000612,BUY,7.437429999999999,9000,66936.87,20.081061,signal
2025-06-30,000400,BUY,21.291269999999997,2800,59615.55599999999,17.884666799999994,signal
2025-06-30,000408,BUY,41.42138,1300,53847.794,16.154338199999998,signal
2025-07-01,000039,SELL,7.68231,9100,69909.02100000001,90.88172730000001,hold_days
2025-07-01,000628,SELL,42.50745,1400,59510.43,77.363559,hold_days
2025-07-01,000528,SELL,9.2444071392,6200,57315.32426304,74.509921541952,hold_days
2025-07-01,000021,SELL,18.868481131499998,2800,52831.747168199996,68.68127131866,take_profit
2025-07-01,000408,SELL,40.1385598614,1300,52180.127819819994,67.83416616576599,stop_loss
2025-07-01,000021,BUY,18.468449999999997,4200,77567.48999999999,23.270246999999994,signal
2025-07-01,000534,BUY,14.904889999999998,4700,70052.983,21.015894899999996,signal
2025-07-01,000630,BUY,3.2432399999999997,19600,63567.50399999999,19.070251199999998,signal
2025-07-01,000566,BUY,5.895889999999999,9700,57190.13299999999,17.157039899999994,signal
2025-07-01,000665,BUY,5.15515,10000,51551.5,15.465449999999999,signal
2025-07-02,000639,SELL,3.22677,21300,68730.201,89.3492613,hold_days
2025-07-02,000426,SELL,16.337983662,3900,63718.1362818,82.83357716633999,take_profit
2025-07-02,000532,SELL,14.7730852269,3600,53183.106816839994,69.13803886189199,stop_loss
2025-07-02,000566,SELL,6.184493815499999,9700,59989.59001034999,77.98646701345498,take_profit
2025-07-02,000633,BUY,6.98698,10100,70568.498,21.1705494,signal
2025-07-02,000070,BUY,8.168159999999999,7800,63711.64799999999,19.113494399999993,signal
2025-07-02,000017,BUY,6.486479999999999,8800,57081.024,17.124307199999997,signal
2025-07-02,000663,BUY,7.007,7400,51851.799999999996,15.555539999999997,signal
2025-07-03,000612,SELL,7.62237,9000,68601.33,89.181729,hold_days
2025-07-03,000400,SELL,21.52845,2800,60279.659999999996,78.363558,hold_days
2025-07-03,000633,SELL,6.770593229399999,10100,68382.99161694,88.89788910202199,stop_loss
2025-07-03,000070,SELL,7.915192084799998,7800,61738.498261439985,80.26004773987198,stop_loss
2025-07-03,000060,BUY,4.714709999999999,15400,72606.53399999999,21.781960199999993,signal
2025-07-03,000428,BUY,3.3733699999999995,19300,65106.04099999999,19.531812299999995,signal
2025-07-03,000514,BUY,4.604599999999999,12700,58478.419999999984,17.543525999999993,signal
2025-07-03,000629,BUY,2.62262,20200,52976.924,15.893077199999999,signal
2025-07-04,000021,SELL,17.896482103499995,4200,75165.22483469998,97.71479228510998,stop_loss
2025-07-04,000534,SELL,15.21477,4700,71509.419,92.96224469999999,hold_days
2025-07-04,000630,SELL,3.31668,19600,65006.928,84.50900639999999,hold_days
2025-07-04,000665,SELL,5.14485,10000,51448.5,66.88305,hold_days
2025-07-04,000017,SELL,6.2855937144,8800,55313.22468672,71.907192092736,stop_loss
2025-07-04,000514,SELL,4.829995169999998,12700,61340.93865899998,79.74322025669997,take_profit
2025-07-04,000032,BUY,19.88987,4300,85526.44099999999,25.657932299999995,signal
2025-07-04,000403,BUY,18.24823,4200,76642.56599999999,22.992769799999994,signal
2025-07-04,000063,BUY,32.70267,2100,68675.60699999999,20.602682099999996,signal
2025-07-04,000100,BUY,4.384379999999999,14200,62258.19599999999,18.677458799999997,signal
2025-07-04,000534,BUY,15.24523,3600,54882.828,16.464848399999997,signal
2025-07-07,000663,SELL,7.042949999999999,7400,52117.829999999994,67.75317899999999,hold_days
2025-07-07,000100,SELL,4.248595751399999,14200,60330.059669879985,78.42907757084397,stop_loss
2025-07-07,000534,SELL,14.7730852269,3600,53183.106816839994,69.13803886189199,stop_loss
2025-07-07,000665,BUY,5.065059999999999,13300,67365.29799999998,20.20958939999999,signal
2025-07-07,000536,BUY,4.33433,13900,60247.18699999999,18.074156099999996,signal
2025-07-07,000567,BUY,5.99599,9100,54563.509,16.369052699999997,signal
2025-07-07,000546,BUY,4.9049,10000,49048.99999999999,14.714699999999997,signal
2025-07-08,000060,SELL,4.6453500000000005,15400,71538.39000000001,92.99990700000001,hold_days
2025-07-08,000428,SELL,3.38661,19300,65361.573000000004,84.9700449,hold_days
2025-07-08,000629,SELL,2.5874099999999998,20200,52265.68199999999,67.94538659999999,hold_days
2025-07-08,000599,BUY,5.095089999999999,12300,62669.60699999999,18.800882099999995,signal
2025-07-08,000593,BUY,6.23623,9100,56749.693,17.0249079,signal
2025-07-08,000428,BUY,3.3933899999999997,15000,50900.85,15.270254999999999,signal
2025-07-09,000032,SELL,20.15982,4300,86687.226,112.6933938,hold_days
2025-07-09,000403,SELL,17.80218,4200,74769.156,97.1999028,hold_days
2025-07-09,000063,SELL,32.62734,2100,68517.41399999999,89.07263819999999,hold_days
2025-07-09,000665,SELL,5.312994686999999,13300,70662.82933709999,91.86167813822998,take_profit
2025-07-09,000567,SELL,6.2894937105,9100,57234.39276555,74.404710595215,take_profit
2025-07-09,000546,SELL,5.144994855,10000,51449.94855,66.884933115,take_profit
2025-07-09,000425,BUY,8.3083,10400,86406.31999999999,25.921895999999997,signal
2025-07-09,000632,BUY,4.104099999999999,19000,77977.89999999998,23.39336999999999,signal
2025-07-09,000620,BUY,1.6516499999999996,42700,70525.45499999999,21.157636499999995,signal
2025-07-09,000663,BUY,6.976969999999999,9100,63490.42699999999,19.047128099999995,signal
2025-07-09,000567,BUY,6.23623,9100,56749.693,17.0249079,signal
2025-07-10,000536,SELL,4.3956,13900,61098.84,79.42849199999999,hold_days
2025-07-10,000400,BUY,21.771749999999997,2600,56606.549999999996,16.981965,signal
2025-07-10,000526,BUY,47.94789999999999,1000,47947.89999999999,14.384369999999995,signal
2025-07-11,000599,SELL,5.054939999999999,12300,62175.761999999995,80.8284906,hold_days
2025-07-11,000593,SELL,6.1938,9100,56363.58,73.272654,hold_days
2025-07-11,000428,SELL,3.4265700000000003,15000,51398.55,66.818115,hold_days
2025-07-11,000415,BUY,3.5435399999999997,18000,63783.719999999994,19.135115999999996,signal
2025-07-11,000534,BUY,14.144129999999999,4000,56576.52,16.972955999999996,signal
2025-07-11,000017,BUY,6.366359999999999,8100,51567.515999999996,15.470254799999998,signal
2025-07-14,000425,SELL,8.26173,10400,85921.992,111.69858959999999,hold_days
2025-07-14,000632,SELL,4.065930000000001,19000,77252.67000000001,100.42847100000002,hold_days
2025-07-14,000620,SELL,1.68831,42700,72090.837,93.71808809999999,hold_days
2025-07-14,000663,SELL,6.94305,9100,63181.755000000005,82.1362815,hold_days
2025-07-14,000567,SELL,6.5414934585,9100,59527.59047235,77.385867614055,take_profit
2025-07-14,000063,BUY,33.48345,2400,80360.28,24.108083999999998,signal
2025-07-14,000630,BUY,3.3233199999999994,22400,74442.36799999999,22.332710399999993,signal
2025-07-14,000629,BUY,2.66266,25200,67099.03199999999,20.129709599999995,signal
2025-07-14,000593,BUY,6.13613,9800,60134.07399999999,18.040222199999995,signal
2025-07-14,000663,BUY,6.956949999999999,7800,54264.20999999999,16.279262999999997,signal
2025-07-15,000400,SELL,21.89808,2600,56935.008,74.0155104,hold_days
2025-07-15,000526,SELL,50.29494970499999,1000,50294.94970499999,65.38343461649998,take_profit
2025-07-15,000415,SELL,3.4337965661999994,18000,61808.33819159999,80.35083964907999,stop_loss
2025-07-15,000593,SELL,5.9460940539,9800,58271.72172821999,75.75323824668598,stop_loss
2025-07-15,000663,SELL,6.7414932584999985,7800,52583.64741629999,68.35874164118998,stop_loss
2025-07-15,000070,BUY,7.73773,9900,76603.527,22.9810581,signal
2025-07-15,000526,BUY,52.58253,1300,68357.289,20.5071867,signal
2025-07-15,000524,BUY,12.212199999999998,5100,62282.21999999999,18.684665999999993,signal
2025-07-15,000528,BUY,9.8418466146,5700,56098.525703219995,16.829557710965997,signal
2025-07-15,000408,BUY,40.540499999999994,1200,48648.59999999999,14.594579999999995,signal
2025-07-16,000534,SELL,14.17581,4000,56703.24,73.71421199999999,hold_days
2025-07-16,000017,SELL,6.32367,8100,51221.727,66.5882451,hold_days
2025-07-16,000526,SELL,50.95404904589999,1300,66240.26375967,86.11234288757099,stop_loss
2025-07-16,000524,SELL,11.833988165999996,5100,60353.339646599976,78.45934154057997,stop_loss
2025-07-16,000545,BUY,3.3032999999999992,20900,69038.96999999999,20.711690999999995,signal
2025-07-16,000612,BUY,7.887879999999999,7800,61525.46399999999,18.457639199999996,signal
2025-07-16,000524,BUY,11.791779999999997,4700,55421.36599999999,16.626409799999994,signal
2025-07-16,000593,BUY,6.04604,8300,50182.132,15.054639599999998,signal
2025-07-17,000063,SELL,33.14682,2400,79552.368,103.4180784,hold_days
2025-07-17,000630,SELL,3.2203967795999993,22400,72136.88786303998,93.77795422195197,stop_loss
2025-07-17,000629,SELL,2.6073899999999997,25200,65706.22799999999,85.41809639999998,hold_days
2025-07-17,000408,SELL,39.284960715,1200,47141.952858,61.2845387154,stop_loss
2025-07-17,000545,SELL,3.200996798999999,20900,66900.83309909998,86.97108302882997,stop_loss
2025-07-17,000526,BUY,51.81175999999999,1500,77717.63999999998,23.315291999999992,signal
2025-07-17,000017,BUY,6.436429999999999,11000,70800.72999999998,21.240218999999993,signal
2025-07-17,000572,BUY,4.554549999999999,14000,63763.69999999998,19.129109999999994,signal
2025-07-17,000609,BUY,3.2532499999999995,17600,57257.19999999999,17.177159999999997,signal
2025-07-17,000571,BUY,4.764759999999999,10800,51459.40799999999,15.437822399999995,signal
2025-07-18,000070,SELL,7.64235,9900,75659.265,98.3570445,hold_days
2025-07-18,000528,SELL,9.71625708693,5700,55382.665395501,71.99746501415129,hold_days
2025-07-18,000572,SELL,4.777495222499999,14000,66884.93311499998,86.95041304949997,take_profit
2025-07-18,000021,BUY,18.65864,3500,65305.23999999999,19.591571999999996,signal
2025-07-18,000425,BUY,8.3083,7100,58988.92999999999,17.696678999999996,signal
2025-07-18,000567,BUY,6.436429999999999,8300,53422.36899999999,16.026710699999995,signal
2025-07-21,000612,SELL,8.273991725999998,7800,64537.13546279999,83.89827610163998,take_profit
2025-07-21,000524,SELL,12.0879,4700,56813.13,73.857069,hold_days
2025-07-21,000593,SELL,6.06393,8300,50330.619,65.42980469999999,hold_days
2025-07-21,000425,SELL,8.714991285,7100,61876.4381235,80.43936956054999,take_profit
2025-07-21,000567,SELL,6.751493248499999,8300,56037.39396254999,72.84861215131498,take_profit
2025-07-21,000505,BUY,7.03703,11000,77407.33,23.222199,signal
2025-07-21,000063,BUY,34.25422,2000,68508.43999999999,20.552531999999996,signal
2025-07-21,000572,BUY,4.764759999999999,13100,62418.355999999985,18.725506799999994,signal
2025-07-21,000532,BUY,15.90589,3500,55670.615,16.701184499999997,signal
2025-07-21,000534,BUY,14.844829999999998,3400,50472.42199999999,15.141726599999997,signal
2025-07-22,000526,SELL,50.20714979279999,1500,75310.72468919998,97.90394209595998,stop_loss
2025-07-22,000017,SELL,6.45354,11000,70988.94,92.285622,hold_days
2025-07-22,000609,SELL,3.1524968474999997,17600,55483.944515999996,72.12912787079999,stop_loss
2025-07-22,000571,SELL,4.845149999999999,10800,52327.619999999995,68.02590599999999,hold_days
2025-07-22,000534,SELL,14.385085614899998,3400,48909.291090659994,63.582078417857986,stop_loss
2025-07-22,000078,BUY,2.7327299999999997,27900,76243.16699999999,22.872950099999994,signal
2025-07-22,000551,BUY,11.081069999999999,6100,67594.52699999999,20.278358099999995,signal
2025-07-22,000630,BUY,3.4234199999999997,18000,61621.56,18.486468,signal
2025-07-22,000571,BUY,4.854849999999999,11400,55345.289999999986,16.603586999999994,signal
2025-07-22,000408,BUY,42.2422,1100,46466.42,13.939925999999998,signal
2025-07-23,000021,SELL,18.32166,3500,64125.810000000005,83.363553,hold_days
2025-07-23,000505,SELL,6.8190931808999995,11000,75010.02498989999,97.51303248686999,stop_loss
2025-07-23,000572,SELL,4.6171953827999985,13100,60485.25951467998,78.63083736908396,stop_loss
2025-07-23,000630,SELL,3.5909964089999997,18000,64637.935362,84.0293159706,take_profit
2025-07-23,000571,SELL,4.704495295499998,11400,53631.24636869998,69.72062027930997,stop_loss
2025-07-23,000408,SELL,44.309955689999995,1100,48740.951258999994,63.36323663669999,take_profit
2025-07-23,000630,BUY,3.6035999999999997,22700,81801.71999999999,24.540515999999993,signal
2025-07-23,000629,BUY,2.93293,25200,73909.836,22.172950799999995,signal
2025-07-23,000048,BUY,16.216199999999997,4100,66486.41999999998,19.945925999999993,signal
2025-07-23,000069,BUY,2.39239,25000,59809.74999999999,17.942924999999995,signal
2025-07-23,000060,BUY,5.015009999999999,10700,53660.60699999999,16.098182099999995,signal
2025-07-24,000063,SELL,33.85611,2000,67712.22,88.025886,hold_days
2025-07-24,000532,SELL,15.50448,3500,54265.68,70.545384,hold_days
2025-07-24,000629,SELL,2.8420971579,25200,71620.84837908,93.107102892804,stop_loss
2025-07-24,000629,BUY,2.8228199999999997,24000,67747.68,20.324303999999994,signal
2025-07-24,000600,BUY,7.167159999999999,8500,60920.85999999999,18.276257999999995,signal
2025-07-24,000501,BUY,9.38938,5800,54458.403999999995,16.337521199999998,signal
2025-07-24,000599,BUY,5.11511,9600,49105.056,14.731516799999998,signal
2025-07-25,000078,SELL,2.75724,27900,76926.996,100.0050948,hold_days
2025-07-25,000551,SELL,11.00898,6100,67154.77799999999,87.30121139999999,hold_days
2025-07-25,000633,BUY,6.156149999999999,9500,58483.424999999996,17.545027499999996,signal
2025-07-25,000428,BUY,3.4834799999999997,15200,52948.89599999999,15.884668799999996,signal
2025-07-28,000630,SELL,3.4919965079999997,22700,79268.32073159999,103.04881695107998,stop_loss
2025-07-28,000048,SELL,16.11387,4100,66066.867,85.8869271,hold_days
2025-07-28,000069,SELL,2.37762,25000,59440.49999999999,77.27264999999998,hold_days
2025-07-28,000060,SELL,4.95504,10700,53018.92800000001,68.9246064,hold_days
2025-07-28,000501,SELL,9.848990150999999,5800,57124.1428758,74.26138573853999,take_profit
2025-07-28,000501,BUY,9.789779999999999,8100,79297.218,23.789165399999995,signal
2025-07-28,000021,BUY,18.648629999999997,3800,70864.794,21.259438199999998,signal
2025-07-28,000547,BUY,8.23823,7800,64258.193999999996,19.277458199999998,signal
2025-07-28,000524,BUY,12.042029999999999,4800,57801.74399999999,17.340523199999996,signal
2025-07-28,000564,BUY,2.4023999999999996,21600,51891.83999999999,15.567551999999996,signal
2025-07-29,000629,SELL,2.7971999999999997,24000,67132.79999999999,87.27263999999998,hold_days
2025-07-29,000600,SELL,6.945193054799999,8500,59034.14096579999,76.74438325553999,stop_loss
2025-07-29,000599,SELL,5.08491,9600,48815.136,63.4596768,hold_days
2025-07-29,000428,SELL,3.3755966243999995,15200,51309.06869087999,66.70178929814398,stop_loss
2025-07-29,000501,SELL,9.486590513399998,8100,76841.38315853997,99.89379810610197,stop_loss
2025-07-29,000501,BUY,10.08007,7600,76608.53199999999,22.982559599999995,signal
2025-07-29,000593,BUY,6.526519999999999,10600,69181.112,20.754333599999995,signal
2025-07-29,000006,BUY,6.356349999999999,9800,62292.22999999999,18.687668999999996,signal
2025-07-29,000061,BUY,6.726719999999999,8300,55831.776,16.749532799999997,signal
2025-07-29,000592,BUY,3.0330299999999997,16700,50651.600999999995,15.195480299999998,signal
2025-07-30,000633,SELL,6.0939,9500,57892.049999999996,75.25966499999998,hold_days
2025-07-30,000501,SELL,9.7678902321,7600,74235.96576395999,96.50675549314798,stop_loss
2025-07-30,000593,SELL,6.324393675599999,10600,67038.57296135998,87.15014484976797,stop_loss
2025-07-30,000555,BUY,13.213199999999997,4900,64744.679999999986,19.423403999999994,signal
2025-07-30,000593,BUY,6.44644,9100,58662.604,17.598781199999998,signal
2025-07-30,000633,BUY,6.106099999999999,8700,53123.06999999999,15.936920999999996,signal
2025-07-31,000021,SELL,18.47151,3800,70191.738,91.2492594,hold_days
2025-07-31,000547,SELL,8.16183,7800,63662.274,82.7609562,hold_days
2025-07-31,000524,SELL,12.43755,4800,59700.24,77.610312,hold_days
2025-07-31,000564,SELL,2.3279976719999995,21600,50284.74971519999,65.37017462975999,stop_loss
2025-07-31,000006,SELL,6.159493840499999,9800,60363.03963689999,78.47195152796998,stop_loss
2025-07-31,000061,SELL,6.518393481599999,8300,54102.66589727999,70.333465666464,stop_loss
2025-07-31,000555,SELL,12.803987195999996,4900,62739.53726039998,81.56139843851997,stop_loss
2025-07-31,000593,SELL,6.2467937531999995,9100,56845.82315411999,73.89957010035599,stop_loss
2025-07-31,000526,BUY,51.96190999999999,1800,93531.43799999998,28.05943139999999,signal
2025-07-31,000528,BUY,10.536565199159998,8100,85346.17811319599,25.603853433958793,signal
2025-07-31,000628,BUY,44.2442,1700,75215.14,22.564542,signal
2025-07-31,000061,BUY,6.7067,10400,69749.68,20.924903999999994,signal
2025-07-31,000014,BUY,12.39238,5100,63201.138,18.960341399999997,signal
2025-08-01,000592,SELL,2.98701,16700,49883.067,64.8479871,hold_days
2025-08-01,000526,SELL,54.50544549449999,1800,98109.80189009997,127.54274245712996,take_profit
2025-08-01,000061,SELL,6.498993500999999,10400,67589.53241039999,87.86639213351998,stop_loss
2025-08-01,000505,BUY,6.636629999999999,11800,78312.234,23.493670199999997,signal
2025-08-01,000426,BUY,17.447429999999997,4000,69789.71999999999,20.936915999999993,signal
2025-08-01,000636,BUY,13.92391,4500,62657.594999999994,18.797278499999997,signal
2025-08-01,000063,BUY,34.26422999999999,1600,54822.76799999998,16.446830399999993,signal
2025-08-01,000408,BUY,43.433389999999996,1100,47776.72899999999,14.333018699999997,signal
2025-08-04,000633,SELL,6.06393,8700,52756.191,68.5830483,hold_days
2025-08-04,000014,SELL,12.008587991399999,5100,61243.79875613999,79.61693838298199,stop_loss
2025-08-04,000426,SELL,18.301481698499998,4000,73205.926794,95.16770483219999,take_profit
2025-08-04,000408,SELL,45.5594544405,1100,50115.399884549995,65.150019849915,take_profit
2025-08-04,000501,BUY,9.05905,7800,70660.59,21.198176999999998,signal
2025-08-04,000609,BUY,3.2632599999999994,19500,63633.569999999985,19.090070999999995,signal
2025-08-04,000422,BUY,13.113099999999998,4300,56386.32999999999,16.915898999999996,signal
2025-08-04,000536,BUY,4.44444,11600,51555.504,15.4666512,signal
2025-08-04,000078,BUY,2.8027999999999995,16600,46526.47999999999,13.957943999999996,signal
2025-08-05,000528,SELL,10.60217943777,8100,85877.653445937,111.6409494797181,hold_days
2025-08-05,000628,SELL,43.956,1700,74725.20000000001,97.14276000000001,hold_days
2025-08-05,000501,SELL,9.5024904975,7800,74119.4258805,96.35525364464999,take_profit
2025-08-05,000536,SELL,4.6619953380000005,11600,54079.14592080001,70.30288969704,take_profit
2025-08-05,000528,BUY,10.62340502223,6600,70114.473146718,21.034341944015395,signal
2025-08-05,000571,BUY,4.65465,13700,63768.705,19.1306115,signal
2025-08-05,000547,BUY,8.298289999999998,6900,57258.20099999999,17.177460299999993,signal
2025-08-05,000007,BUY,7.217209999999999,7100,51242.19099999999,15.372657299999997,signal
2025-08-06,000505,SELL,6.6933,11800,78980.94,102.675222,hold_days
2025-08-06,000636,SELL,13.995989999999999,4500,62981.954999999994,81.87654149999999,hold_days
2025-08-06,000063,SELL,34.31565,1600,54905.03999999999,71.37655199999999,hold_days
2025-08-06,000049,BUY,23.002979999999997,2800,64408.34399999999,19.322503199999996,signal
2025-08-06,000411,BUY,11.381369999999999,5200,59183.123999999996,17.754937199999997,signal
2025-08-06,000663,BUY,7.15715,7500,53678.625,16.1035875,signal
2025-08-07,000609,SELL,3.26673,19500,63701.235,82.8116055,hold_days
2025-08-07,000422,SELL,13.13685,4300,56488.455,73.4349915,hold_days
2025-08-07,000078,SELL,2.7159972839999993,16600,45085.55491439999,58.61122138871998,stop_loss
2025-08-07,000400,BUY,22.78276,2800,63791.727999999996,19.137518399999998,signal
2025-08-07,000061,BUY,6.626619999999999,8800,58314.255999999994,17.494276799999998,signal
2025-08-07,000060,BUY,4.894889999999999,10700,52375.32299999999,15.712596899999996,signal
2025-08-08,000528,SELL,11.143420698068159,6600,73546.57660724985,95.6105495894248,take_profit
2025-08-08,000571,SELL,4.6453500000000005,13700,63641.295000000006,82.7336835,hold_days
2025-08-08,000547,SELL,8.46153,6900,58384.557,75.89992409999999,hold_days
2025-08-08,000007,SELL,7.570492429499999,7100,53750.49624944999,69.87564512428499,take_profit
2025-08-08,000551,BUY,11.681669999999999,6200,72426.35399999999,21.727906199999996,signal
2025-08-08,000029,BUY,20.78076,3100,64420.356,19.326106799999998,signal
2025-08-08,000048,BUY,15.835819999999998,3700,58592.53399999999,17.577760199999997,signal
2025-08-08,000069,BUY,2.3022999999999993,22900,52722.669999999984,15.816800999999995,signal
2025-08-11,000049,SELL,23.096880000000002,2800,64671.264,84.0726432,hold_days
2025-08-11,000411,SELL,11.24874,5200,58493.448,76.04148239999999,hold_days
2025-08-11,000663,SELL,7.14285,7500,53571.375,69.6427875,hold_days
2025-08-11,000551,SELL,12.2534877465,6200,75971.6240283,98.76311123678998,take_profit
2025-08-11,000551,BUY,11.9119,6100,72662.59,21.798776999999998,signal
2025-08-11,000403,BUY,18.8188,3400,63983.92,19.195175999999996,signal
2025-08-11,000006,BUY,6.636629999999999,8900,59066.007,17.7198021,signal
2025-08-11,000501,BUY,11.501489999999999,4600,52906.85399999999,15.872056199999996,signal
2025-08-12,000400,SELL,22.96701,2800,64307.628,83.5999164,hold_days
2025-08-12,000061,SELL,6.65334,8800,58549.392,76.1142096,hold_days
2025-08-12,000060,SELL,4.91508,10700,52591.356,68.3687628,hold_days
2025-08-12,000029,SELL,21.797978202000003,3100,67573.7324262,87.84585215406,take_profit
2025-08-12,000006,SELL,6.9614930385,8900,61957.28804265,80.544474455445,take_profit
2025-08-12,000501,SELL,11.145288854699999,4600,51268.32873161999,66.648827351106,stop_loss
2025-08-12,000049,BUY,23.593569999999996,3500,82577.49499999998,24.77324849999999,signal
2025-08-12,000021,BUY,18.89888,3900,73705.632,22.1116896,signal
2025-08-12,000612,BUY,8.36836,8100,67783.71599999999,20.335114799999992,signal
2025-08-12,000058,BUY,9.299289999999997,6500,60445.38499999998,18.133615499999994,signal
2025-08-12,000555,BUY,13.153139999999999,4100,53927.873999999996,16.1783622,signal
2025-08-13,000048,SELL,16.04394,3700,59362.577999999994,77.17135139999999,hold_days
2025-08-13,000069,SELL,2.3176799999999997,22900,53074.871999999996,68.99733359999999,hold_days
2025-08-13,000403,SELL,18.235981763999998,3400,62002.33799759999,80.60303939687999,stop_loss
2025-08-13,000063,BUY,34.58454999999999,1900,65710.64499999999,19.713193499999996,signal
2025-08-13,000020,BUY,14.3143,4200,60120.06,18.036018,signal
2025-08-13,000036,BUY,3.9639599999999997,13700,54306.25199999999,16.291875599999997,signal
2025-08-13,000600,BUY,7.15715,6800,48668.619999999995,14.600585999999998,signal
2025-08-14,000551,SELL,12.15783,6100,74162.763,96.4115919,hold_days
2025-08-14,000058,SELL,9.011290988699997,6500,58573.391426549984,76.14540885451498,stop_loss
2025-08-14,000020,SELL,13.870986128999998,4200,58258.14174179999,75.73558426433999,stop_loss
2025-08-14,000036,SELL,4.157995842,13700,56964.5430354,74.05390594602,take_profit
2025-08-14,000036,BUY,3.9639599999999997,17400,68972.904,20.691871199999998,signal
2025-08-14,000636,BUY,14.49448,4200,60876.816,18.2630448,signal
2025-08-14,000061,BUY,6.86686,8100,55621.566,16.686469799999998,signal
2025-08-14,000411,BUY,11.511499999999998,4300,49499.44999999999,14.849834999999995,signal
2025-08-15,000049,SELL,22.96701,3500,80384.53499999999,104.49989549999998,hold_days
2025-08-15,000021,SELL,18.811169999999997,3900,73363.563,95.37263189999999,hold_days
2025-08-15,000612,SELL,8.511479999999999,8100,68942.988,89.62588439999999,hold_days
2025-08-15,000555,SELL,13.39659,4100,54926.019,71.4038247,hold_days
2025-08-15,000036,SELL,4.157995842,17400,72349.1276508,94.05386594603999,take_profit
2025-08-15,000061,SELL,6.6541933458,8100,53898.966100980004,70.06865593127401,stop_loss
2025-08-15,000593,BUY,6.506499999999999,13100,85235.15,25.570544999999996,signal
2025-08-15,000612,BUY,8.528519999999999,9000,76756.68,23.027003999999994,signal
2025-08-15,000036,BUY,4.084079999999999,17000,69429.35999999999,20.828807999999995,signal
2025-08-15,000603,BUY,15.545529999999998,4000,62182.11999999999,18.654635999999996,signal
2025-08-15,000559,BUY,7.5675599999999985,7400,55999.94399999999,16.799983199999996,signal
2025-08-18,000063,SELL,36.277463722499995,1900,68927.18107274998,89.60533539457498,take_profit
2025-08-18,000600,SELL,7.042949999999999,6800,47892.06,62.259677999999994,hold_days
2025-08-18,000524,BUY,12.66265,4900,62046.98499999999,18.614095499999998,signal
2025-08-18,000058,BUY,9.17917,6100,55992.937,16.797881099999998,signal
2025-08-18,000609,BUY,3.2632599999999994,15500,50580.52999999999,15.174158999999996,signal
2025-08-19,000636,SELL,14.875110000000001,4200,62475.46200000001,81.2181006,hold_days
2025-08-19,000411,SELL,11.2887,4300,48541.41,63.103833,hold_days
2025-08-19,000612,SELL,8.945991054,9000,80513.919486,104.66809533179999,take_profit
2025-08-19,000559,SELL,7.937992061999999,7400,58741.141258799995,76.36348363644,take_profit
2025-08-19,000524,SELL,13.2824867175,4900,65084.18491575,84.60944039047499,take_profit
2025-08-19,000636,BUY,14.904889999999998,5100,76014.93899999998,22.804481699999993,signal
2025-08-19,000425,BUY,8.65865,8000,69269.2,20.780759999999997,signal
2025-08-19,000419,BUY,5.805799999999999,10700,62122.05999999998,18.636617999999995,signal
2025-08-19,000524,BUY,12.782769999999998,4400,56244.18799999999,16.873256399999995,signal
2025-08-19,000021,BUY,20.3203,2500,50800.75,15.240224999999999,signal
2025-08-20,000593,SELL,6.70329,13100,87813.099,114.1570287,hold_days
2025-08-20,000036,SELL,4.283995715999999,17000,72827.92717199998,94.67630532359998,take_profit
2025-08-20,000603,SELL,15.65433,4000,62617.32,81.40251599999999,hold_days
2025-08-20,000609,SELL,3.4229965769999993,15500,53056.44694349999,68.97338102654999,take_profit
2025-08-20,000612,BUY,8.798789999999999,8300,73029.957,21.908987099999997,signal
2025-08-20,000532,BUY,16.20619,4000,64824.759999999995,19.447427999999995,signal
2025-08-20,000049,BUY,23.663639999999997,2500,59159.09999999999,17.747729999999997,signal
2025-08-20,000400,BUY,22.48246,2300,51709.657999999996,15.512897399999998,signal
2025-08-21,000058,SELL,9.24075,6100,56368.575000000004,73.27914750000001,hold_days
2025-08-21,000636,SELL,15.634484365499999,5100,79735.87026405,103.65663134326499,take_profit
2025-08-21,000400,SELL,23.582976417,2300,54240.845759100004,70.51309948683,take_profit
2025-08-21,000559,BUY,8.168159999999999,8200,66978.91199999998,20.093673599999992,signal
2025-08-21,000603,BUY,16.146129999999996,3700,59740.68099999998,17.922204299999994,signal
2025-08-21,000609,BUY,3.6436399999999995,15000,54654.59999999999,16.396379999999997,signal
2025-08-22,000425,SELL,8.91108,8000,71288.64,92.675232,hold_days
2025-08-22,000419,SELL,5.96403,10700,63815.121,82.95965729999999,hold_days
2025-08-22,000524,SELL,12.957030000000001,4400,57010.93200000001,74.1142116,hold_days
2025-08-22,000021,SELL,20.23974,2500,50599.350000000006,65.779155,hold_days
2025-08-22,000559,SELL,7.915192084799998,8200,64904.575095359985,84.37594762396797,stop_loss
2025-08-22,000419,BUY,5.975969999999999,13300,79480.401,23.844120299999997,signal
2025-08-22,000617,BUY,10.660649999999999,6700,71426.355,21.427906499999995,signal
2025-08-22,000636,BUY,15.06505,4300,64779.715,19.433914499999997,signal
2025-08-22,000528,BUY,10.883924491439998,5300,57684.79980463199,17.305439941389597,signal
2025-08-22,000020,BUY,14.464449999999998,3600,52072.01999999999,15.621605999999996,signal
2025-08-25,000612,SELL,8.91108,8300,73961.964,96.1505532,hold_days
2025-08-25,000532,SELL,16.383599999999998,4000,65534.399999999994,85.19471999999999,hold_days
2025-08-25,000049,SELL,24.06591,2500,60164.774999999994,78.21420749999999,hold_days
2025-08-25,000603,SELL,16.936483063499995,3700,62664.98733494998,81.46448353543498,take_profit
2025-08-25,000609,SELL,3.8219961779999996,15000,57329.94267,74.528925471,take_profit
2025-08-25,000617,SELL,11.1824888175,6700,74922.67507725,97.39947760042499,take_profit
2025-08-25,000609,BUY,4.014009999999999,21600,86702.61599999998,26.010784799999993,signal
2025-08-25,000100,BUY,4.73473,16500,78123.045,23.436913499999996,signal
2025-08-25,000400,BUY,23.53351,2900,68247.179,20.4741537,signal
2025-08-25,000425,BUY,8.948939999999999,7100,63537.47399999999,19.061242199999995,signal
2025-08-25,000408,BUY,47.697649999999996,1100,52467.41499999999,15.740224499999997,signal
2025-08-26,000620,BUY,1.6916899999999997,30700,51934.88299999999,15.580464899999996,signal
2025-08-27,000419,SELL,6.02397,13300,80118.801,104.1544413,hold_days
2025-08-27,000636,SELL,15.8024841975,4300,67950.68204925,88.335886664025,take_profit
2025-08-27,000528,SELL,10.929585523950001,5300,57926.803276935,75.3048442600155,hold_days
2025-08-27,000020,SELL,14.016485983499997,3600,50459.34954059999,65.59715440277999,stop_loss
2025-08-27,000609,SELL,4.210495789499999,21600,90946.70905319997,118.23072176915996,take_profit
2025-08-27,000100,SELL,4.5880954119,16500,75703.57429635001,98.41464658525501,stop_loss
2025-08-27,000425,SELL,9.386990612999998,7100,66647.63335229999,86.64192335798998,take_profit
2025-08-27,000620,SELL,1.6392983606999996,30700,50326.45967348999,65.42439757553699,stop_loss
2025-08-27,000567,BUY,6.79679,14700,99912.813,29.973843899999995,signal
2025-08-27,000415,BUY,3.6636599999999997,24700,90492.40199999999,27.147720599999992,signal
2025-08-27,000593,BUY,6.86686,11800,81028.948,24.3086844,signal
2025-08-27,000630,BUY,4.354349999999999,16800,73153.07999999999,21.945923999999994,signal
2025-08-27,000547,BUY,8.878869999999997,7400,65703.63799999998,19.71109139999999,signal
2025-08-28,000400,SELL,22.8046771953,2900,66133.56386637,85.973633026281,stop_loss
2025-08-28,000408,SELL,47.0529,1100,51758.19,67.285647,hold_days
2025-08-28,000567,SELL,6.586293413699999,14700,96818.51318139,125.86406713580699,stop_loss
2025-08-28,000415,SELL,3.5501964497999996,24700,87689.85231005999,113.99680800307797,stop_loss
2025-08-28,000593,SELL,6.6541933458,11800,78519.48148044001,102.07532592457201,stop_loss
2025-08-28,000630,SELL,4.219495780499999,16800,70887.52911239998,92.15378784611997,stop_loss
2025-08-28,000547,SELL,8.603891396099996,7400,63668.79633113997,82.76943523048196,stop_loss
2025-08-28,000630,BUY,4.21421,23700,99876.77699999999,29.963033099999993,signal
2025-08-28,000036,BUY,4.28428,23300,99823.724,29.947117199999997,signal
2025-08-28,000559,BUY,7.73773,11700,90531.441,27.1594323,signal
2025-08-28,000564,BUY,2.3823799999999995,34400,81953.87199999999,24.586161599999993,signal
2025-08-28,000532,BUY,15.90589,4600,73167.094,21.950128199999998,signal
2025-08-29,000630,SELL,4.4204955795,23700,104765.74523415,136.195468804395,take_profit
2025-08-29,000036,SELL,4.1515958483999995,23300,96732.18326771999,125.75183824803598,stop_loss
2025-08-29,000425,BUY,9.609599999999999,9000,86486.4,25.945919999999997,signal
2025-08-29,000571,BUY,4.644639999999999,16800,78029.95199999999,23.408985599999994,signal
2025-08-29,000528,BUY,10.68129823761,6500,69428.438544465,20.828531563339496,signal
2025-08-29,000630,BUY,4.3043,14700,63273.20999999999,18.981962999999997,signal
2025-08-29,000065,BUY,11.39138,5000,56956.9,17.08707,signal
2025-09-01,000571,SELL,4.500795499199999,16800,75613.36438655997,98.29737370252796,stop_loss
2025-09-01,000630,SELL,4.514995485,14700,66370.4336295,86.28156371834999,take_profit
2025-09-01,000417,BUY,6.146139999999999,10600,65149.08399999999,19.544725199999995,signal
2025-09-01,000408,BUY,51.5515,1100,56706.649999999994,17.011994999999995,signal
2025-09-01,000524,BUY,13.373359999999998,3900,52156.10399999999,15.646831199999996,signal
2025-09-01,000060,BUY,5.305299999999999,9000,47747.69999999999,14.324309999999995,signal
2025-09-02,000559,SELL,7.4980925018999995,11700,87727.68227223,114.04598695389899,stop_loss
2025-09-02,000564,SELL,2.4989975009999994,34400,85965.51403439998,111.75516824471997,take_profit
2025-09-02,000532,SELL,15.413284586699998,4600,70901.10909881999,92.17144182846597,stop_loss
2025-09-02,000524,SELL,14.027985971999998,3900,54709.14529079999,71.12188887803998,take_profit
2025-09-02,000629,BUY,2.87287,25400,72970.898,21.8912694,signal
2025-09-02,000600,BUY,7.24724,9000,65225.159999999996,19.567548,signal
2025-09-02,000006,BUY,7.24724,8100,58702.644,17.6107932,signal
2025-09-02,000338,BUY,14.534519999999999,3600,52324.272,15.697281599999998,signal
2025-09-03,000425,SELL,10.07998992,9000,90719.90927999999,117.93588206399998,take_profit
2025-09-03,000528,SELL,10.505883530070001,6500,68288.242945455,88.77471582909149,hold_days
2025-09-03,000065,SELL,11.0385889614,5000,55192.944807,71.7508282491,stop_loss
2025-09-03,000408,SELL,54.074945925,1100,59482.4405175,77.32717267275,take_profit
2025-09-03,000600,SELL,7.0227929772,9000,63205.1367948,82.16667783323999,stop_loss
2025-09-03,000630,BUY,4.49449,18200,81799.718,24.539915399999995,signal
2025-09-03,000035,BUY,4.524519999999999,16200,73297.22399999999,21.989167199999994,signal
2025-09-03,000600,BUY,7.217209999999999,9100,65676.61099999999,19.702983299999996,signal
2025-09-03,000408,BUY,54.053999999999995,1100,59459.399999999994,17.837819999999997,signal
2025-09-03,000007,BUY,7.517509999999999,7100,53374.32099999999,16.012296299999996,signal
2025-09-04,000417,SELL,6.04395,10600,64065.869999999995,83.285631,hold_days
2025-09-04,000060,SELL,5.140994858999999,9000,46268.953730999994,60.14963985029999,stop_loss
2025-09-04,000629,SELL,2.7838972160999997,25400,70710.98928893999,91.92428607562199,stop_loss
2025-09-04,000006,SELL,7.601992398,8100,61576.1384238,80.04897995094,take_profit
2025-09-04,000630,SELL,4.3552956447,18200,79266.38073354,103.046294953602,stop_loss
2025-09-04,000408,SELL,52.379947619999996,1100,57617.942381999994,74.90332509659999,stop_loss
2025-09-04,000007,SELL,7.2846927152999985,7100,51721.31827862999,67.23771376221899,stop_loss
2025-09-04,000100,BUY,4.24424,21500,91251.15999999999,27.375347999999995,signal
2025-09-04,000002,BUY,6.596589999999999,12500,82457.37499999999,24.737212499999995,signal
2025-09-04,000532,BUY,14.784769999999998,5000,73923.84999999999,22.177154999999996,signal
2025-09-04,000419,BUY,5.95595,11200,66706.64,20.011992,signal
2025-09-04,000528,BUY,10.46902311455,5700,59673.431752935,17.902029525880497,signal
2025-09-05,000338,SELL,14.32566,3600,51572.376,67.0440888,hold_days
2025-09-05,000514,BUY,5.29529,11200,59307.24799999999,17.792174399999997,signal
2025-09-05,000636,BUY,14.474459999999999,3600,52108.056,15.632416799999998,signal
2025-09-05,000523,BUY,3.4033999999999995,14100,47987.939999999995,14.396381999999997,signal
2025-09-08,000035,SELL,4.745995253999999,16200,76885.1231148,99.95066004923999,take_profit
2025-09-08,000600,SELL,7.570492429499999,9100,68891.48110845,89.55892544098499,take_profit
2025-09-08,000636,SELL,15.182984817,3600,54658.745341199996,71.05636894355999,take_profit
2025-09-08,000035,BUY,4.66466,13500,62972.909999999996,18.891872999999997,signal
2025-09-08,000546,BUY,5.145139999999999,11000,56596.539999999986,16.978961999999996,signal
2025-09-08,000545,BUY,3.2632599999999994,15700,51233.18199999999,15.369954599999996,signal
2025-09-09,000100,SELL,4.28571,21500,92142.765,119.78559449999999,hold_days
2025-09-09,000002,SELL,6.78321,12500,84790.125,110.22716249999999,hold_days
2025-09-09,000532,SELL,15.00498,5000,75024.9,97.53236999999999,hold_days
2025-09-09,000419,SELL,6.103890000000001,11200,68363.56800000001,88.87263840000001,hold_days
2025-09-09,000528,SELL,10.61180902854,5700,60487.311462678,78.6335049014814,hold_days
2025-09-09,000514,SELL,5.5544944455,11200,62210.337789599995,80.87343912648,take_profit
2025-09-09,000035,SELL,4.892995107,13500,66055.4339445,85.87206412784998,take_profit
2025-09-09,000545,SELL,3.4229965769999993,15700,53741.04625889999,69.86336013656998,take_profit
2025-09-09,000035,BUY,4.78478,20800,99523.42399999998,29.857027199999994,signal
2025-09-09,000155,BUY,10.290279999999997,8900,91583.49199999998,27.475047599999993,signal
2025-09-09,000403,BUY,18.32831,4500,82477.39499999999,24.743218499999994,signal
2025-09-09,000600,BUY,7.517509999999999,9900,74423.34899999999,22.327004699999993,signal
2025-09-09,000629,BUY,2.9129099999999997,23200,67579.51199999999,20.273853599999995,signal
2025-09-10,000523,SELL,3.43656,14100,48455.496,62.9921448,hold_days
2025-09-10,000600,SELL,7.2846927152999985,9900,72118.45788146998,93.75399524591097,stop_loss
2025-09-10,000633,BUY,6.73673,10800,72756.684,21.827005199999995,signal
2025-09-10,000400,BUY,23.483459999999997,2700,63405.34199999999,19.021602599999994,signal
2025-09-10,000060,BUY,5.275269999999999,11200,59083.02399999999,17.724907199999997,signal
2025-09-10,000593,BUY,6.646639999999999,8000,53173.11999999999,15.951935999999995,signal
2025-09-10,000663,BUY,6.556549999999999,7300,47862.81499999999,14.358844499999995,signal
2025-09-11,000546,SELL,5.0949,11000,56043.9,72.85707,hold_days
2025-09-11,000035,SELL,5.018994981,20800,104395.0956048,135.71362428624,take_profit
2025-09-11,000403,SELL,17.760682239299996,4500,79923.07007684998,103.89999109990497,stop_loss
2025-09-11,000417,BUY,6.426419999999999,10400,66834.768,20.050430399999996,signal
2025-09-11,000403,BUY,17.88787,3300,59029.971,17.708991299999997,signal
2025-09-11,000620,BUY,1.7117099999999998,31900,54603.54899999999,16.381064699999996,signal
2025-09-12,000155,SELL,10.17981,8900,90600.309,117.78040169999998,hold_days
2025-09-12,000629,SELL,2.90709,23200,67444.488,87.6778344,hold_days
2025-09-12,000060,SELL,5.5334944665,11200,61975.1380248,80.56767943224,take_profit
2025-09-12,000620,SELL,1.7954982044999999,31900,57276.392723549994,74.459310540615,take_profit
2025-09-12,000561,BUY,11.34133,6700,75986.911,22.796073299999996,signal
2025-09-12,000420,BUY,4.25425,16300,69344.275,20.803282499999998,signal
2025-09-12,000571,BUY,5.185179999999999,12000,62222.15999999999,18.666647999999995,signal
2025-09-12,000599,BUY,5.45545,10300,56191.135,16.8573405,signal
2025-09-15,000633,SELL,6.81318,10800,73582.344,95.6570472,hold_days
2025-09-15,000400,SELL,23.4765,2700,63386.55,82.402515,hold_days
2025-09-15,000593,SELL,6.65334,8000,53226.72,69.19473599999999,hold_days
2025-09-15,000663,SELL,6.6833100000000005,7300,48788.163,63.424611899999995,hold_days
2025-09-15,000571,SELL,5.024594975399999,12000,60295.13970479999,78.38368161623998,stop_loss
2025-09-15,000069,BUY,2.48248,32400,80432.352,24.129705599999998,signal
2025-09-15,000636,BUY,15.435419999999999,4600,71002.932,21.3008796,signal
2025-09-15,000006,BUY,7.557549999999999,8600,64994.92999999999,19.498478999999996,signal
2025-09-15,000002,BUY,6.926919999999999,8400,58186.12799999999,17.455838399999994,signal
2025-09-15,000007,BUY,7.57757,6900,52285.233,15.685569899999999,signal
2025-09-16,000417,SELL,6.32367,10400,65766.168,85.4960184,hold_days
2025-09-16,000403,SELL,17.3338826661,3300,57201.81279813,74.362356637569,stop_loss
2025-09-16,000599,SELL,5.2864947135,10300,54450.89554905,70.786164213765,stop_loss
2025-09-16,000069,SELL,2.603997396,32400,84369.5156304,109.68037031952,take_profit
2025-09-16,000058,BUY,9.72972,7600,73945.872,22.1837616,signal
2025-09-16,000571,BUY,4.974969999999999,13300,66167.10099999998,19.850130299999993,signal
2025-09-16,000559,BUY,8.918909999999999,6700,59756.69699999999,17.927009099999996,signal
2025-09-16,000065,BUY,11.231219999999999,4800,53909.85599999999,16.172956799999998,signal
2025-09-17,000561,SELL,11.33865,6700,75968.955,98.7596415,hold_days
2025-09-17,000420,SELL,4.275720000000001,16300,69694.236,90.6025068,hold_days
2025-09-17,000006,SELL,7.9274920725,8600,68176.4318235,88.62936137054999,take_profit
2025-09-17,000058,SELL,9.428390571600001,7600,71655.76834416001,93.15249884740801,stop_loss
2025-09-17,000559,SELL,9.3554906445,6700,62681.787318149996,81.486323513595,take_profit
2025-09-17,000566,BUY,5.99599,13800,82744.662,24.823398599999997,signal
2025-09-17,000006,BUY,7.5675599999999985,9900,74918.84399999998,22.475653199999993,signal
2025-09-17,000078,BUY,2.72272,24800,67523.45599999999,20.257036799999995,signal
2025-09-17,000592,BUY,3.43343,17700,60771.711,18.2315133,signal
2025-09-17,000633,BUY,6.696689999999999,8100,54243.189,16.272956699999998,signal
2025-09-18,000636,SELL,16.190983809,4600,74478.52552139999,96.82208317781999,take_profit
2025-09-18,000002,SELL,6.97302,8400,58573.368,76.1453784,hold_days
2025-09-18,000007,SELL,7.342892657099999,6900,50665.959333989995,65.86574713418699,stop_loss
2025-09-18,000065,SELL,10.883389116599998,4800,52240.26775967999,67.91234808758398,stop_loss
2025-09-18,000006,SELL,7.937992061999999,9900,78586.12141379999,102.16195783793998,take_profit
2025-09-18,000633,SELL,6.4892935107,8100,52563.277436669996,68.332260667671,stop_loss
2025-09-18,000425,BUY,9.97997,8600,85827.742,25.748322599999998,signal
2025-09-18,000415,BUY,3.8138099999999997,20200,77038.962,23.111688599999997,signal
2025-09-18,000633,BUY,6.716709999999999,10300,69182.113,20.754633899999998,signal
2025-09-18,000555,BUY,14.134119999999998,4400,62190.12799999999,18.657038399999994,signal
2025-09-18,000546,BUY,5.185179999999999,10900,56518.46199999999,16.955538599999997,signal
2025-09-19,000571,SELL,4.88511,13300,64971.963,84.4635519,hold_days
2025-09-19,000078,SELL,2.6383973615999996,24800,65432.25456767999,85.06193093798399,stop_loss
2025-09-19,000425,SELL,10.468489531500001,8600,90029.0099709,117.03771296217,take_profit
2025-09-19,000415,SELL,3.6956963042999997,20200,74653.06534685999,97.04898495091798,stop_loss
2025-09-19,000633,SELL,6.508693491299999,10300,67039.54296038998,87.15140584850697,stop_loss
2025-09-19,000546,SELL,5.024594975399999,10900,54768.085231859994,71.19851080141798,stop_loss
2025-09-19,000533,BUY,6.98698,13200,92228.136,27.668440799999996,signal
2025-09-19,000058,BUY,9.339329999999999,8900,83120.03699999998,24.93601109999999,signal
2025-09-19,000593,BUY,6.516509999999999,11500,74939.86499999999,22.481959499999995,signal
2025-09-19,000551,BUY,11.49148,5800,66650.584,19.9951752,signal
2025-09-19,000663,BUY,6.566559999999999,9200,60412.35199999999,18.123705599999997,signal
2025-09-22,000566,SELL,5.8102941897000004,13800,80182.05981786,104.236677763218,stop_loss
2025-09-22,000592,SELL,3.3270966729,17700,58889.611110330006,76.556494443429,stop_loss
2025-09-22,000551,SELL,11.135588864399999,5800,64586.41541351999,83.96234003757598,stop_loss
2025-09-22,000408,BUY,53.453399999999995,1400,74834.76,22.450427999999995,signal
2025-09-22,000419,BUY,5.98598,11200,67042.976,20.112892799999997,signal
2025-09-22,000400,BUY,23.80378,2500,59509.45,17.852835,signal
2025-09-22,000639,BUY,3.2432399999999997,16900,54810.755999999994,16.443226799999998,signal
2025-09-22,000566,BUY,5.86586,8400,49273.223999999995,14.781967199999997,signal
2025-09-23,000555,SELL,13.696386303599997,4400,60264.09973583998,78.34332965659198,stop_loss
2025-09-23,000533,SELL,6.770593229399999,13200,89371.83062807999,116.18337981650397,stop_loss
2025-09-23,000058,SELL,9.050090949899998,8900,80545.80945410999,104.70955229034297,stop_loss
2025-09-23,000593,SELL,6.314693685299999,11500,72618.97738094999,94.40467059523498,stop_loss
2025-09-23,000663,SELL,6.363193636799999,9200,58541.38145855999,76.10379589612798,stop_loss
2025-09-23,000408,SELL,51.79794820199999,1400,72517.12748279999,94.27226572763998,stop_loss
2025-09-23,000419,SELL,5.8005941994,11200,64966.655033279996,84.45665154326399,stop_loss
2025-09-23,000639,SELL,3.1427968572,16900,53113.26688668,69.04724695268399,stop_loss
2025-09-23,000566,SELL,5.6841943158,8400,47747.23225272,62.071401928536,stop_loss
2025-09-23,000002,BUY,6.94694,14300,99341.242,29.802372599999998,signal
2025-09-23,000422,BUY,13.063049999999999,7200,94053.95999999999,28.216187999999995,signal
2025-09-23,000567,BUY,6.476469999999999,13100,84841.75699999998,25.452527099999994,signal
2025-09-23,000639,BUY,3.2032,23900,76556.48,22.966943999999998,signal
2025-09-23,000514,BUY,5.425419999999999,12700,68902.83399999999,20.670850199999993,signal
2025-09-24,000002,SELL,6.7317932682,14300,96264.64373525999,125.14403685583798,stop_loss
2025-09-24,000422,SELL,12.658487341499999,7200,91141.1088588,118.48344151644,stop_loss
2025-09-24,000567,SELL,6.275893724099999,13100,82214.20778570998,106.87847012142296,stop_loss
2025-09-24,000639,SELL,3.1039968959999995,23900,74185.52581439998,96.44118355871997,stop_loss
2025-09-24,000514,SELL,5.257394742599999,12700,66768.91323102,86.79958720032599,stop_loss
2025-09-24,000551,BUY,11.49148,8700,99975.87599999999,29.992762799999994,signal
2025-09-24,000530,BUY,6.336329999999999,14600,92510.41799999999,27.753125399999995,signal
2025-09-24,000020,BUY,14.214199999999998,5800,82442.35999999999,24.732707999999995,signal
2025-09-24,000100,BUY,4.21421,17900,75434.359,22.630307699999996,signal
2025-09-24,000567,BUY,6.28628,10800,67891.824,20.367547199999997,signal
2025-09-25,000400,SELL,24.13584,2500,60339.600000000006,78.44148,hold_days
2025-09-25,000020,SELL,13.773986225999996,5800,79889.12011079998,103.85585614403998,stop_loss
2025-09-25,000029,BUY,28.748719999999995,2600,74746.67199999999,22.424001599999997,signal
2025-09-25,000532,BUY,15.00499,4500,67522.455,20.2567365,signal
2025-09-25,000555,BUY,13.89388,4300,59743.683999999994,17.923105199999995,signal
2025-09-25,000425,BUY,10.540529999999999,5200,54810.755999999994,16.443226799999998,signal
2025-09-25,000592,BUY,3.4033999999999995,14500,49349.299999999996,14.804789999999997,signal
2025-09-26,000530,SELL,6.1400938598999995,14600,89645.37035453999,116.53898146090198,stop_loss
2025-09-26,000029,SELL,30.155969843999998,2600,78405.5215944,101.92717807271998,take_profit
2025-09-26,000532,SELL,14.540285459699998,4500,65431.28456864999,85.06066993924499,stop_loss
2025-09-26,000425,SELL,10.214089785899999,5200,53113.266886679994,69.04724695268399,stop_loss
2025-09-26,000592,SELL,3.297996702,14500,47820.952179,62.167237832699996,stop_loss
2025-09-26,000530,BUY,6.2062,12500,77577.5,23.273249999999997,signal
2025-09-26,000049,BUY,26.396369999999997,2600,68630.56199999999,20.589168599999997,signal
2025-09-26,000628,BUY,54.164109999999994,1100,59580.52099999999,17.874156299999996,signal
2025-09-26,000639,BUY,3.0730699999999995,18600,57159.10199999999,17.147730599999996,signal
2025-09-26,000632,BUY,3.7837799999999993,13600,51459.40799999999,15.437822399999995,signal
2025-09-29,000551,SELL,11.55843,8700,100558.341,130.7258433,hold_days
2025-09-29,000100,SELL,4.24575,17900,75998.925,98.7986025,hold_days
2025-09-29,000567,SELL,6.45354,10800,69698.232,90.6077016,hold_days
2025-09-29,000555,SELL,13.4635865364,4300,57893.422106519996,75.26144873847599,stop_loss
2025-09-29,000049,SELL,27.688472311499996,2600,71990.0280099,93.58703641286999,take_profit
2025-09-29,000628,SELL,52.48664751329999,1100,57735.31226462999,75.05590594401899,stop_loss
2025-09-29,000639,SELL,2.9778970220999996,18600,55388.88461105999,72.00554999437799,stop_loss
2025-09-29,000408,BUY,53.203149999999994,1700,90445.355,27.133606499999996,signal
2025-09-29,000617,BUY,10.120109999999999,8500,86020.93499999998,25.806280499999993,signal
2025-09-29,000663,BUY,6.486479999999999,11900,77189.112,23.156733599999995,signal
2025-09-29,000060,BUY,5.32532,13100,69761.692,20.928507599999996,signal
2025-09-29,000566,BUY,5.4054,11600,62702.64,18.810792,signal
2025-09-30,000408,SELL,55.8074441925,1700,94872.65512725001,123.33445166542501,take_profit
2025-09-30,000060,SELL,5.585994413999999,13100,73176.52682339998,95.12948487041997,take_profit
2025-09-30,000628,BUY,52.95289999999999,1300,68838.76999999999,20.651630999999995,signal
2025-09-30,000063,BUY,45.26521999999999,1400,63371.30799999999,19.011392399999995,signal
2025-09-30,000408,BUY,55.555499999999995,1000,55555.49999999999,16.666649999999997,signal
2025-09-30,000555,BUY,13.723709999999999,3900,53522.469,16.0567407,signal
2025-09-30,000636,BUY,15.595579999999998,3100,48346.297999999995,14.503889399999997,signal
2025-10-09,000530,SELL,6.11388,12500,76423.5,99.35055,hold_days
2025-10-09,000632,SELL,3.85614,13600,52443.504,68.1765552,hold_days
2025-10-09,000617,SELL,10.6154893845,8500,90231.65976825,117.30115769872499,take_profit
2025-10-09,000628,SELL,55.544944455,1300,72208.4277915,93.87095612895,take_profit
2025-10-09,000063,SELL,47.48095251899999,1400,66473.33352659999,86.41533358457998,take_profit
2025-10-09,000408,SELL,58.274941725,1000,58274.941725,75.7574242425,take_profit
2025-10-09,000039,BUY,8.298289999999998,10300,85472.38699999997,25.64171609999999,signal
2025-10-09,000035,BUY,5.645639999999999,13700,77345.268,23.203580399999996,signal
2025-10-09,000567,BUY,6.646639999999999,10500,69789.71999999999,20.936915999999993,signal
2025-10-09,000065,BUY,10.840829999999999,5800,62876.81399999999,18.863044199999997,signal
2025-10-09,000155,BUY,10.430419999999998,5400,56324.26799999999,16.897280399999996,signal
2025-10-10,000663,SELL,6.53346,11900,77748.174,101.07262619999999,hold_days
2025-10-10,000566,SELL,5.43456,11600,63040.896,81.9531648,hold_days
2025-10-10,000035,SELL,5.921994078,13700,81131.3188686,105.47071452918,take_profit
2025-10-10,000630,BUY,5.815809999999999,12500,72697.62499999999,21.809287499999993,signal
2025-10-10,000532,BUY,14.614599999999998,4500,65765.69999999998,19.729709999999994,signal
2025-10-10,000007,BUY,7.377369999999999,8000,59018.95999999999,17.705687999999995,signal
2025-10-10,000338,BUY,14.024009999999999,3800,53291.238,15.987371399999997,signal
2025-10-13,000555,SELL,13.298686701299998,3900,51864.878135069994,67.42434157559099,stop_loss
2025-10-13,000636,SELL,15.112584887399997,3100,46849.013150939994,60.90371709622199,stop_loss
2025-10-13,000630,SELL,5.635694364299999,12500,70446.17955374999,91.58003341987498,stop_loss
2025-10-13,000532,SELL,14.161985837999998,4500,63728.93627099999,82.84761715229999,stop_loss
2025-10-13,000007,SELL,7.148892851099999,8000,57191.142808799996,74.34848565143999,stop_loss
2025-10-13,000534,BUY,15.06505,5100,76831.75499999999,23.049526499999995,signal
2025-10-13,000411,BUY,11.211199999999998,6100,68388.31999999999,20.516495999999997,signal
2025-10-13,000536,BUY,4.504499999999999,13800,62162.09999999999,18.648629999999997,signal
2025-10-13,000532,BUY,14.364349999999998,3900,56020.965,16.8062895,signal
2025-10-13,000617,BUY,10.510499999999999,4800,50450.399999999994,15.135119999999997,signal
2025-10-14,000039,SELL,8.2917,10300,85404.51000000001,111.025863,hold_days
2025-10-14,000567,SELL,6.66333,10500,69964.965,90.9544545,hold_days
2025-10-14,000065,SELL,10.93905,5800,63446.49,82.480437,hold_days
2025-10-14,000155,SELL,10.6893,5400,57722.219999999994,75.03888599999999,hold_days
2025-10-14,000534,SELL,15.8024841975,5100,80592.66940725,104.77047022942499,take_profit
2025-10-14,000536,SELL,4.7249952749999995,13800,65204.934794999994,84.76641523349998,take_profit
2025-10-14,000617,SELL,11.024988975,4800,52919.94708,68.795931204,take_profit
2025-10-14,000543,BUY,7.887879999999999,11800,93076.984,27.923095199999995,signal
2025-10-14,000593,BUY,7.03703,11900,83740.65699999999,25.122197099999994,signal
2025-10-14,000547,BUY,7.827819999999999,9600,75147.07199999999,22.544121599999993,signal
2025-10-14,000620,BUY,1.6416399999999998,41300,67799.73199999999,20.339919599999995,signal
2025-10-14,000407,BUY,3.62362,16800,60876.816,18.2630448,signal
2025-10-15,000338,SELL,14.23575,3800,54095.85,70.32460499999999,hold_days
2025-10-15,000620,SELL,1.7219982779999998,41300,71118.5288814,92.45408754581999,take_profit
2025-10-15,000609,BUY,4.264259999999999,15800,67375.30799999999,20.212592399999995,signal
2025-10-15,000524,BUY,13.40339,4500,60315.255,18.0945765,signal
2025-10-15,000338,BUY,14.264249999999999,3800,54204.149999999994,16.261244999999995,signal
2025-10-15,000505,BUY,6.476469999999999,7600,49221.17199999999,14.766351599999997,signal
2025-10-16,000411,SELL,11.43855,6100,69775.155,90.7077015,hold_days
2025-10-16,000532,SELL,14.37561,3900,56064.879,72.8843427,hold_days
2025-10-16,000593,SELL,6.8190931808999995,11900,81147.20885271,105.49137150852299,stop_loss
2025-10-16,000609,SELL,4.132195867799999,15800,65288.69471123999,84.87530312461197,stop_loss
2025-10-16,000620,BUY,1.7217199999999997,41500,71451.37999999999,21.435413999999994,signal
2025-10-16,000566,BUY,5.585579999999999,11500,64234.16999999999,19.270250999999995,signal
2025-10-16,000032,BUY,20.61059,2800,57709.651999999995,17.312895599999997,signal
2025-10-16,000501,BUY,9.74974,5300,51673.621999999996,15.502086599999997,signal
2025-10-17,000543,SELL,7.75224,11800,91476.432,118.9193616,hold_days
2025-10-17,000547,SELL,7.585392414599999,9600,72819.76718016,94.66569733420799,stop_loss
2025-10-17,000407,SELL,3.65634,16800,61426.512,79.8544656,hold_days
2025-10-17,000505,SELL,6.793493206499999,7600,51630.54836939999,67.11971288021999,take_profit
2025-10-17,000620,SELL,1.6683983315999997,41500,69238.53076139999,90.01008998981999,stop_loss
2025-10-17,000566,SELL,5.858994140999999,11500,67378.43262149999,87.59196240794998,take_profit
2025-10-17,000032,SELL,19.972280027699995,2800,55922.38407755998,72.69909930082797,stop_loss
2025-10-17,000526,BUY,45.01496999999999,2000,90029.93999999999,27.008981999999992,signal
2025-10-17,000567,BUY,7.067059999999999,12000,84804.71999999999,25.441415999999993,signal
2025-10-17,000428,BUY,3.1731699999999994,24100,76473.39699999998,22.942019099999992,signal
2025-10-17,000599,BUY,5.555549999999999,12300,68333.26499999998,20.499979499999995,signal
2025-10-17,000547,BUY,7.627619999999999,8100,61783.721999999994,18.535116599999995,signal
2025-10-20,000524,SELL,14.0594859405,4500,63267.686732250004,82.247992751925,take_profit
2025-10-20,000338,SELL,14.125860000000001,3800,53678.268000000004,69.7817484,hold_days
2025-10-20,000526,SELL,43.62085637909999,2000,87241.71275819998,113.41422658565997,stop_loss
2025-10-20,000567,SELL,7.412992586999999,12000,88955.911044,115.64268435719998,take_profit
2025-10-20,000633,BUY,6.73673,12600,84882.798,25.464839399999995,signal
2025-10-20,000155,BUY,10.480469999999999,7300,76507.431,22.952229299999996,signal
2025-10-20,000514,BUY,5.355349999999999,12800,68548.47999999998,20.564543999999994,signal
2025-10-20,000065,BUY,10.870859999999999,5700,61963.901999999995,18.589170599999996,signal
2025-10-20,000629,BUY,3.0029999999999997,18600,55855.799999999996,16.756739999999997,signal
2025-10-21,000501,SELL,10.226989773,5300,54203.0457969,70.46395953596999,take_profit
2025-10-21,000633,SELL,7.0664929335,12600,89037.8109621,115.74915425073,take_profit
2025-10-21,000065,SELL,11.402988596999998,5700,64997.03500289999,84.49614550376998,take_profit
2025-10-21,000609,BUY,4.9049,14500,71121.04999999999,21.336314999999995,signal
2025-10-21,000007,BUY,7.237229999999999,8800,63687.623999999996,19.106287199999997,signal
2025-10-21,000065,BUY,11.121109999999998,5100,56717.66099999999,17.015298299999998,signal
2025-10-21,000505,BUY,6.766759999999999,7600,51427.37599999999,15.428212799999995,signal
2025-10-22,000428,SELL,3.24675,24100,78246.675,101.7206775,hold_days
2025-10-22,000599,SELL,5.827494172499999,12300,71678.17832174999,93.18163181827498,take_profit
2025-10-22,000547,SELL,7.632359999999999,8100,61822.115999999995,80.36875079999999,hold_days
2025-10-22,000514,SELL,5.617494382499999,12800,71903.92809599999,93.47510652479998,take_profit
2025-10-22,000065,SELL,11.6654883345,5100,59493.990505949994,77.34218765773498,take_profit
2025-10-22,000514,BUY,5.565559999999999,14500,80700.61999999998,24.210185999999993,signal
2025-10-22,000428,BUY,3.2532499999999995,22400,72872.79999999999,21.861839999999994,signal
2025-10-22,000048,BUY,16.95694,3800,64436.371999999996,19.330911599999997,signal
2025-10-22,000639,BUY,3.1231199999999997,18900,59026.96799999999,17.708090399999996,signal
2025-10-22,000610,BUY,12.202189999999998,4300,52469.416999999994,15.740825099999997,signal
2025-10-23,000155,SELL,10.993489006499999,7300,80252.46974745,104.328210671685,take_profit
2025-10-23,000629,SELL,2.9099970899999996,18600,54125.94587399999,70.36372963619998,stop_loss
2025-10-23,000609,SELL,5.144994855,14500,74602.4253975,96.98315301675,take_profit
2025-10-23,000048,SELL,16.4317835682,3800,62440.77755916,81.173010826908,stop_loss
2025-10-23,000609,BUY,5.41541,13800,74732.658,22.419797399999997,signal
2025-10-23,000546,BUY,5.025019999999999,13400,67335.26799999998,20.200580399999993,signal
2025-10-23,000547,BUY,7.8077999999999985,7800,60900.83999999999,18.270251999999996,signal
2025-10-23,000558,BUY,5.38538,10200,54930.876,16.479262799999997,signal
2025-10-24,000007,SELL,7.38261,8800,64966.96799999999,84.4570584,hold_days
2025-10-24,000505,SELL,6.86313,7600,52159.788,67.8077244,hold_days
2025-10-24,000514,SELL,5.393194606799999,14500,78201.32179859998,101.66171833817997,stop_loss
2025-10-24,000639,SELL,3.2759967239999996,18900,61916.33808359999,80.49123950867998,take_profit
2025-10-24,000547,SELL,8.189991809999999,7800,63881.93611799999,83.04651695339999,take_profit
2025-10-24,000639,BUY,3.2432399999999997,25100,81405.324,24.421597199999997,signal
2025-10-24,000636,BUY,15.935919999999998,4600,73305.23199999999,21.991569599999995,signal
2025-10-24,000060,BUY,5.65565,11600,65605.54,19.681661999999996,signal
2025-10-24,000532,BUY,14.34433,4100,58811.753,17.643525899999997,signal
2025-10-24,000048,BUY,17.017,3100,52752.7,15.825809999999997,signal
2025-10-27,000428,SELL,3.26673,22400,73174.752,95.12717759999998,hold_days
2025-10-27,000610,SELL,12.207780000000001,4300,52493.454000000005,68.2414902,hold_days
2025-10-27,000609,SELL,5.6804943195,13800,78390.8216091,101.90806809183,take_profit
2025-10-27,000636,SELL,16.715983284,4600,76893.5231064,99.96158003832,take_profit
2025-10-27,000609,BUY,5.965959999999999,12800,76364.28799999999,22.909286399999992,signal
2025-10-27,000566,BUY,5.725719999999999,12000,68708.63999999998,20.612591999999992,signal
2025-10-27,000629,BUY,2.9829799999999995,20700,61747.68599999999,18.524305799999993,signal
2025-10-27,000564,BUY,2.6126099999999997,21300,55648.59299999999,16.694577899999995,signal
2025-10-28,000546,SELL,5.04495,13400,67602.33,87.883029,hold_days
2025-10-28,000558,SELL,5.3346599999999995,10200,54413.53199999999,70.73759159999999,hold_days
2025-10-28,000060,SELL,5.4804945195,11600,63573.7364262,82.64585735406,stop_loss
2025-10-28,000048,SELL,16.48998351,3100,51118.948881,66.4546335453,stop_loss
2025-10-28,000408,BUY,58.908849999999994,1200,70690.62,21.207185999999997,signal
2025-10-28,000035,BUY,5.895889999999999,11300,66623.55699999999,19.987067099999994,signal
2025-10-28,000060,BUY,5.65565,10600,59949.89,17.984966999999997,signal
2025-10-28,000524,BUY,13.783769999999999,3900,53756.702999999994,16.1270109,signal
2025-10-29,000639,SELL,3.2567399999999997,25100,81744.174,106.26742619999999,hold_days
2025-10-29,000532,SELL,14.70528,4100,60291.648,78.37914239999999,hold_days
2025-10-29,000609,SELL,6.257993741999999,12800,80102.31989759998,104.13301586687997,take_profit
2025-10-29,000566,SELL,6.005993994,12000,72071.927928,93.6935063064,take_profit
2025-10-29,000609,BUY,6.576569999999999,11800,77603.526,23.281057799999996,signal
2025-10-29,000620,BUY,3.2532499999999995,21600,70270.2,21.081059999999997,signal
2025-10-29,000400,BUY,25.795769999999997,2400,61909.84799999999,18.572954399999997,signal
2025-10-29,000582,BUY,8.83883,6400,56568.511999999995,16.9705536,signal
2025-10-30,000629,SELL,3.03696,20700,62865.072,81.72459359999999,hold_days
2025-10-30,000564,SELL,2.6073899999999997,21300,55537.40699999999,72.19862909999999,hold_days
2025-10-30,000620,SELL,3.1524968474999997,21600,68093.931906,88.5221114778,stop_loss
2025-10-30,000558,BUY,5.23523,13300,69628.559,20.888567699999996,signal
2025-10-30,000428,BUY,3.2432399999999997,19400,62918.85599999999,18.875656799999994,signal
2025-10-30,000532,BUY,14.704689999999998,3800,55877.82199999999,16.763346599999995,signal
2025-10-31,000408,SELL,58.69125,1200,70429.5,91.55834999999999,hold_days
2025-10-31,000035,SELL,5.95404,11300,67280.652,87.4648476,hold_days
2025-10-31,000060,SELL,5.594399999999999,10600,59300.63999999999,77.09083199999999,hold_days
2025-10-31,000524,SELL,14.458485541499998,3900,56388.093611849996,73.30452169540499,take_profit
2025-10-31,000609,SELL,6.8984931015,11800,81402.21859769999,105.82288417700998,take_profit
2025-10-31,000558,SELL,5.0730949269,13300,67472.16252777,87.71381128610099,stop_loss
2025-10-31,000609,BUY,7.257249999999999,12500,90715.62499999999,27.214687499999993,signal
2025-10-31,000520,BUY,4.524519999999999,18100,81893.81199999998,24.568143599999992,signal
2025-10-31,000551,BUY,11.181169999999998,6600,73795.722,22.138716599999995,signal
2025-10-31,000060,BUY,5.605599999999999,11800,66146.07999999999,19.843823999999994,signal
2025-10-31,000408,BUY,58.808749999999996,1000,58808.74999999999,17.642624999999995,signal
2025-11-03,000400,SELL,26.2737,2400,63056.880000000005,81.973944,hold_days
2025-11-03,000582,SELL,8.65134,6400,55368.575999999994,71.97914879999999,hold_days
2025-11-03,000060,SELL,5.431994567999999,11800,64097.535902399984,83.32679667311997,stop_loss
2025-11-03,000408,SELL,56.987443012499995,1000,56987.44301249999,74.08367591624999,stop_loss
2025-11-03,000558,BUY,5.185179999999999,15000,77777.69999999998,23.333309999999994,signal
2025-11-03,000543,BUY,8.208199999999998,8500,69769.69999999998,20.930909999999994,signal
2025-11-03,000501,BUY,9.88988,6400,63295.231999999996,18.988569599999998,signal
2025-11-03,000035,BUY,5.895889999999999,9600,56600.54399999999,16.980163199999996,signal
2025-11-03,000338,BUY,15.06505,3400,51221.17,15.366350999999998,signal
2025-11-04,000428,SELL,3.2867100000000002,19400,63762.174000000006,82.8908262,hold_days
2025-11-04,000532,SELL,14.71527,3800,55918.026,72.6934338,hold_days
2025-11-04,000609,SELL,7.6124923875,12500,95156.15484375,123.703001296875,take_profit
2025-11-04,000558,SELL,5.4389945609999995,15000,81584.918415,106.06039393949999,take_profit
2025-11-04,000338,SELL,15.8024841975,3400,53728.4462715,69.84698015295,take_profit
2025-11-04,000558,BUY,5.26526,15400,81085.004,24.325501199999998,signal
2025-11-04,000338,BUY,15.535519999999998,4700,73016.94399999999,21.905083199999996,signal
2025-11-04,000609,BUY,7.99799,8200,65583.518,19.675055399999998,signal
2025-11-04,000639,BUY,3.3032999999999992,17900,59129.069999999985,17.738720999999995,signal
2025-11-04,000523,BUY,3.2732699999999997,16200,53026.973999999995,15.908092199999997,signal
2025-11-05,000520,SELL,4.44555,18100,80464.455,104.6037915,hold_days
2025-11-05,000551,SELL,11.00898,6600,72659.268,94.45704839999999,hold_days
2025-11-05,000558,SELL,5.522994477,15400,85054.1149458,110.57034942954,take_profit
2025-11-05,000338,SELL,16.295983704,4700,76591.1234088,99.56846043144,take_profit
2025-11-05,000582,BUY,8.81881,9000,79369.29,23.810786999999998,signal
2025-11-05,000428,BUY,3.3233199999999994,21500,71451.37999999999,21.435413999999994,signal
2025-11-05,000628,BUY,47.54749999999999,1300,61811.74999999999,18.543524999999995,signal
2025-11-05,000558,BUY,5.475469999999999,10600,58039.98199999999,17.411994599999996,signal
2025-11-06,000543,SELL,8.30169,8500,70564.365,91.7336745,hold_days
2025-11-06,000501,SELL,9.87012,6400,63168.768,82.1193984,hold_days
2025-11-06,000035,SELL,6.04395,9600,58021.92,75.428496,hold_days
2025-11-06,000609,SELL,8.3894916105,8200,68793.8312061,89.43198056793,take_profit
2025-11-06,000558,SELL,5.305894694099998,10600,56242.48375745998,73.11522888469797,stop_loss
2025-11-06,000609,BUY,8.81881,9500,83778.69499999999,25.133608499999994,signal
2025-11-06,000070,BUY,9.799789999999998,7700,75458.38299999999,22.637514899999996,signal
2025-11-06,000078,BUY,2.5825799999999997,26300,67921.85399999999,20.376556199999996,signal
2025-11-06,000551,BUY,11.351339999999999,5400,61297.23599999999,18.389170799999995,signal
2025-11-06,000020,BUY,15.014999999999999,3600,54053.99999999999,16.216199999999997,signal
2025-11-07,000639,SELL,3.2767199999999996,17900,58653.28799999999,76.24927439999999,hold_days
2025-11-07,000523,SELL,3.2867100000000002,16200,53244.702000000005,69.2181126,hold_days
2025-11-07,000070,SELL,9.4962905037,7700,73121.43687849,95.05786794203699,stop_loss
2025-11-07,000070,BUY,9.64964,7000,67547.48,20.264243999999998,signal
2025-11-07,000032,BUY,20.300279999999997,3000,60900.83999999999,18.270251999999996,signal
2025-11-07,000049,BUY,27.927899999999994,1900,53063.00999999999,15.918902999999995,signal
2025-11-10,000582,SELL,8.85114,9000,79660.26,103.55833799999999,hold_days
2025-11-10,000428,SELL,3.4859965139999995,21500,74948.92505099998,97.43360256629997,take_profit
2025-11-10,000628,SELL,46.953,1300,61038.9,79.35057,hold_days
2025-11-10,000609,SELL,9.250490749499999,9500,87879.66212025,114.243560756325,take_profit
2025-11-10,000032,SELL,21.293978705999997,3000,63881.93611799999,83.04651695339999,take_profit
2025-11-10,000425,BUY,10.700689999999998,8100,86675.58899999998,26.00267669999999,signal
2025-11-10,000032,BUY,20.630609999999997,3700,76333.25699999998,22.899977099999994,signal
2025-11-10,000035,BUY,5.9059,11900,70280.21,21.084063,signal
2025-11-10,000100,BUY,4.21421,15000,63213.149999999994,18.963944999999995,signal
2025-11-10,000571,BUY,5.57557,10200,56870.814,17.061244199999997,signal
2025-11-11,000078,SELL,2.5974,26300,68311.62,88.805106,hold_days
2025-11-11,000551,SELL,11.37861,5400,61444.494,79.87784219999999,hold_days
2025-11-11,000020,SELL,15.12486,3600,54449.496,70.7843448,hold_days
2025-11-11,000425,SELL,10.369289630699997,8100,83991.24600866997,109.18861981127095,stop_loss
2025-11-11,000571,SELL,5.4028945970999995,10200,55109.52489042,71.642382357546,stop_loss
2025-11-11,000609,BUY,10.210199999999999,8100,82702.62,24.810785999999997,signal
2025-11-11,000426,BUY,31.371339999999996,2400,75291.21599999999,22.587364799999992,signal
2025-11-11,000408,BUY,56.95689999999999,1100,62652.58999999999,18.795776999999994,signal
2025-11-11,000665,BUY,6.4064,9600,61501.439999999995,18.450431999999996,signal
2025-11-11,000526,BUY,41.751709999999996,1300,54277.22299999999,16.283166899999994,signal
2025-11-12,000070,SELL,9.3507906492,7000,65455.534544400005,85.09219490772,stop_loss
2025-11-12,000049,SELL,27.74223,1900,52710.237,68.5233081,hold_days
2025-11-12,000032,SELL,19.991680008299998,3700,73969.21603071,96.159980839923,stop_loss
2025-11-12,000426,SELL,30.399769600199996,2400,72959.44704048,94.84728115262399,stop_loss
2025-11-12,000408,SELL,55.19294480699999,1100,60712.23928769999,78.92591107400997,stop_loss
2025-11-12,000411,BUY,11.82181,6900,81570.489,24.4711467,signal
2025-11-12,000617,BUY,9.47947,7800,73939.866,22.181959799999998,signal
2025-11-12,000520,BUY,4.91491,13600,66842.776,20.052832799999997,signal
2025-11-12,000049,BUY,27.797769999999996,2100,58375.316999999995,17.5125951,signal
2025-11-12,000078,BUY,2.66266,20400,54318.263999999996,16.295479199999996,signal
2025-11-13,000035,SELL,5.95404,11900,70853.076,92.1089988,hold_days
2025-11-13,000100,SELL,4.31568,15000,64735.200000000004,84.15576,hold_days
2025-11-13,000049,SELL,29.158470841499998,2100,61232.78876715,79.602625397295,take_profit
2025-11-13,000035,BUY,5.965959999999999,11500,68608.54,20.582561999999996,signal
2025-11-13,000415,BUY,3.7837799999999993,16300,61675.61399999999,18.502684199999994,signal
2025-11-13,000506,BUY,12.4124,4400,54614.56,16.384368,signal
2025-11-14,000665,SELL,6.43356,9600,61762.176,80.2908288,hold_days
2025-11-14,000526,SELL,41.30865,1300,53701.245,69.8116185,hold_days
2025-11-14,000411,SELL,12.4004875995,6900,85563.36443655,111.23237376751499,take_profit
2025-11-14,000520,SELL,5.1554948445,13600,70114.7298852,91.14914885075999,take_profit
2025-11-14,000506,SELL,13.01998698,4400,57287.942712000004,74.47432552560001,take_profit
2025-11-14,000639,BUY,3.5135099999999992,23600,82918.83599999998,24.875650799999992,signal
2025-11-14,000063,BUY,40.190149999999996,1800,72342.26999999999,21.702680999999995,signal
2025-11-14,000630,BUY,5.225219999999999,12900,67405.33799999999,20.221601399999994,signal
2025-11-14,000428,BUY,3.5135099999999992,17200,60432.37199999999,18.129711599999997,signal
2025-11-14,000420,BUY,4.21421,12900,54363.308999999994,16.308992699999997,signal
2025-11-17,000617,SELL,9.32067,7800,72701.226,94.51159379999999,hold_days
2025-11-17,000078,SELL,2.73726,20400,55840.104,72.5921352,hold_days
2025-11-17,000063,SELL,38.945461054499994,1800,70101.82989809998,91.13237886752998,stop_loss
2025-11-17,000630,SELL,5.063394936599999,12900,65317.79468213999,84.91313308678198,stop_loss
2025-11-17,000411,BUY,12.202189999999998,6200,75653.578,22.696073399999996,signal
2025-11-17,000636,BUY,16.22621,4100,66527.461,19.958238299999998,signal
2025-11-17,000505,BUY,7.227219999999999,8500,61431.369999999995,18.429410999999998,signal
2025-11-17,000629,BUY,3.3333299999999997,16500,54999.94499999999,16.499983499999995,signal
2025-11-18,000609,SELL,10.70998929,8100,86750.91324899999,112.77618722369998,take_profit
2025-11-18,000035,SELL,6.04395,11500,69505.425,90.3570525,hold_days
2025-11-18,000415,SELL,3.77622,16300,61552.386,80.0181018,hold_days
2025-11-18,000639,SELL,3.404696595299999,23600,80350.83964907998,104.45609154380396,stop_loss
2025-11-18,000420,SELL,4.083695916299999,12900,52679.67732026999,68.48358051635098,stop_loss
2025-11-18,000411,SELL,11.824288175699998,6200,73310.58668933998,95.30376269614197,stop_loss
2025-11-18,000636,SELL,17.0204829795,4100,69783.98021595,90.71917428073499,take_profit
2025-11-18,000505,SELL,7.580992418999999,8500,64438.435561499995,83.76996622994999,take_profit
2025-11-18,000629,SELL,3.2300967698999994,16500,53296.59670334999,69.28557571435499,stop_loss
2025-11-18,000506,BUY,12.14213,8200,99565.466,29.869639799999998,signal
2025-11-18,000665,BUY,7.1471399999999985,13900,99345.24599999998,29.80357379999999,signal
2025-11-18,000035,BUY,6.056049999999999,15000,90840.74999999999,27.252224999999992,signal
2025-11-18,000547,BUY,11.011,7400,81481.4,24.444419999999997,signal
2025-11-18,000630,BUY,5.05505,14500,73298.22499999999,21.989467499999996,signal
2025-11-19,000428,SELL,3.50649,17200,60311.628,78.4051164,hold_days
2025-11-19,000665,SELL,6.925793074199999,13900,96268.52373137999,125.14908085079398,stop_loss
2025-11-19,000035,SELL,5.868494131499999,15000,88027.41197249999,114.43563556424998,stop_loss
2025-11-19,000547,SELL,11.54998845,7400,85469.91453000001,111.11088888900001,take_profit
2025-11-19,000609,BUY,11.82181,8400,99303.204,29.790961199999998,signal
2025-11-19,000017,BUY,6.98698,12800,89433.344,26.830003199999997,signal
2025-11-19,000501,BUY,9.849839999999999,8100,79783.70399999998,23.935111199999994,signal
2025-11-19,000065,BUY,11.24123,6400,71943.872,21.5831616,signal
2025-11-19,000070,BUY,9.429419999999999,6900,65062.99799999999,19.518899399999995,signal
2025-11-20,000017,SELL,7.328992671,12800,93811.1061888,121.95443804543999,take_profit
2025-11-20,000065,SELL,11.7914882085,6400,75465.5245344,98.10518189471999,take_profit
2025-11-20,000065,BUY,11.52151,6500,74889.815,22.4669445,signal
2025-11-20,000058,BUY,9.279269999999999,7300,67738.67099999999,20.321601299999994,signal
2025-11-20,000526,BUY,39.829789999999996,1500,59744.68499999999,17.923405499999994,signal
2025-11-20,000411,BUY,11.621609999999999,4700,54621.566999999995,16.386470099999997,signal
2025-11-20,000048,BUY,16.47646,3000,49429.38,14.828813999999998,signal
2025-11-21,000506,SELL,11.7660882339,8200,96481.92351798,125.426500573374,stop_loss
2025-11-21,000630,SELL,4.8984951015,14500,71028.17897175,92.33663266327501,stop_loss
2025-11-21,000609,SELL,12.4004875995,8400,104164.0958358,135.41332458654,take_profit
2025-11-21,000501,SELL,9.5447904552,8100,77312.80268712,100.50664349325599,stop_loss
2025-11-21,000070,SELL,9.890990109,6900,68247.8317521,88.72218127773,take_profit
2025-11-21,000058,SELL,8.9918910081,7300,65640.80435913,85.33304566686898,stop_loss
2025-11-21,000526,SELL,38.59626140369999,1500,57894.39210554999,75.26270973721498,stop_loss
2025-11-21,000411,SELL,11.261688738299998,4700,52929.93707000999,68.80891819101298,stop_loss
2025-11-21,000048,SELL,15.966184033799998,3000,47898.55210139999,62.268117731819984,stop_loss
2025-11-21,000100,BUY,4.04404,24700,99887.788,29.966336399999996,signal
2025-11-21,000400,BUY,26.28626,3700,97259.162,29.177748599999997,signal
2025-11-21,000338,BUY,16.716699999999996,5300,88598.50999999998,26.57955299999999,signal
2025-11-21,000035,BUY,5.95595,13500,80405.325,24.121597499999996,signal
2025-11-21,000610,BUY,12.4124,5800,71991.92,21.597575999999997,signal
2025-11-24,000065,SELL,12.0854879145,6500,78555.67144425,102.12237287752498,take_profit
2025-11-24,000400,SELL,25.472174527799996,3700,94247.04575285998,122.52115947871796,stop_loss
2025-11-24,000035,SELL,5.771494228499999,13500,77915.17208474998,101.28972371017497,stop_loss
2025-11-24,000523,BUY,3.2732699999999997,27600,90342.252,27.102675599999994,signal
2025-11-24,000400,BUY,25.855829999999994,3100,80153.07299999997,24.04592189999999,signal
2025-11-24,000017,BUY,9.21921,7900,72831.759,21.8495277,signal
2025-11-24,000078,BUY,2.48248,26500,65785.72,19.735716,signal
2025-11-24,000419,BUY,6.11611,9700,59326.267,17.797880099999997,signal
2025-11-25,000017,SELL,8.9336910663,7900,70576.15942377,91.749007250901,stop_loss
2025-11-25,000603,BUY,22.902879999999996,2600,59547.48799999999,17.864246399999995,signal
2025-11-25,000063,BUY,39.05902,1300,50776.725999999995,15.233017799999997,signal
2025-11-25,000029,BUY,24.244219999999995,2000,48488.43999999999,14.546531999999996,signal
2025-11-26,000100,SELL,3.996,24700,98701.2,128.31156,hold_days
2025-11-26,000338,SELL,16.95303,5300,89851.059,116.80637669999999,hold_days
2025-11-26,000610,SELL,12.297690000000001,5800,71326.60200000001,92.72458260000002,hold_days
2025-11-26,000523,SELL,3.4334965664999997,27600,94764.50523539999,123.19385680601998,take_profit
2025-11-26,000078,SELL,2.603997396,26500,69005.930994,89.70771029219999,take_profit
2025-11-26,000603,SELL,24.023975976,2600,62462.3375376,81.20103879887999,take_profit
2025-11-26,000063,SELL,40.97095902899999,1300,53262.24673769999,69.24092075900998,take_profit
2025-11-26,000021,BUY,22.95293,4200,96402.306,28.920691799999997,signal
2025-11-26,000628,BUY,44.394349999999996,2000,88788.7,26.636609999999997,signal
2025-11-26,000032,BUY,20.009989999999995,3900,78038.96099999998,23.41168829999999,signal
2025-11-26,000338,BUY,16.986969999999996,4200,71345.27399999998,21.403582199999992,signal
2025-11-26,000063,BUY,39.62959,1600,63407.344,19.022203199999996,signal
2025-11-27,000400,SELL,25.58439,3100,79311.609,103.10509169999999,hold_days
2025-11-27,000419,SELL,6.4154935845,9700,62230.28776965,80.899374100545,take_profit
2025-11-27,000063,SELL,41.5694584305,1600,66511.1334888,86.46447353543999,take_profit
2025-11-27,000609,BUY,13.4134,5900,79139.06,23.741718,signal
2025-11-27,000403,BUY,15.085069999999998,4700,70899.829,21.269948699999997,signal
2025-11-27,000058,BUY,9.35935,6800,63643.579999999994,19.093073999999998,signal
2025-11-27,000419,BUY,6.336329999999999,9100,57660.602999999996,17.2981809,signal
2025-11-27,000532,BUY,14.044029999999998,3700,51962.91099999999,15.588873299999996,signal
2025-11-28,000029,SELL,24.21576,2000,48431.52,62.960975999999995,hold_days
2025-11-28,000609,SELL,12.997987001999999,5900,76688.1233118,99.69456030533999,stop_loss
2025-11-28,000400,BUY,25.03501,2300,57580.523,17.274156899999998,signal
2025-11-28,000501,BUY,9.489479999999999,5600,53141.08799999999,15.942326399999995,signal
2025-12-01,000021,SELL,24.0764759235,4200,101121.1988787,131.45755854230998,take_profit
2025-12-01,000628,SELL,44.26569,2000,88531.38,115.090794,hold_days
2025-12-01,000032,SELL,19.86012,3900,77454.468,100.69080839999998,hold_days
2025-12-01,000338,SELL,17.47251,4200,73384.542,95.3999046,hold_days
2025-12-01,000501,SELL,9.953990046,5600,55742.344257599994,72.46504753487999,take_profit
2025-12-01,000524,BUY,12.09208,7200,87062.976,26.118892799999998,signal
2025-12-01,000014,BUY,16.036019999999997,4900,78576.49799999999,23.572949399999995,signal
2025-12-01,000612,BUY,9.49949,7500,71246.175,21.373852499999998,signal
2025-12-01,000408,BUY,62.07200999999999,1000,62072.009999999995,18.621602999999997,signal
2025-12-01,000338,BUY,17.507489999999997,3300,57774.71699999999,17.332415099999995,signal
2025-12-02,000403,SELL,15.07491,4700,70852.07699999999,92.10770009999999,hold_days
2025-12-02,000058,SELL,9.41058,6800,63991.943999999996,83.18952719999999,hold_days
2025-12-02,000419,SELL,6.473520000000001,9100,58909.03200000001,76.5817416,hold_days
2025-12-02,000532,SELL,14.34564,3700,53078.867999999995,69.00252839999999,hold_days
2025-12-02,000014,SELL,15.539384460599997,4900,76142.98385693999,98.98587901402198,stop_loss
2025-12-02,000561,BUY,11.051039999999999,7600,83987.904,25.196371199999998,signal
2025-12-02,000006,BUY,10.47046,7200,75387.31199999999,22.616193599999995,signal
2025-12-02,000629,BUY,3.08308,22300,68752.684,20.625805199999995,signal
2025-12-02,000014,BUY,15.695679999999998,3900,61213.15199999999,18.363945599999994,signal
2025-12-02,000520,BUY,5.004999999999999,11100,55555.499999999985,16.666649999999994,signal
2025-12-03,000400,SELL,25.42455,2300,58476.465,76.0194045,hold_days
2025-12-03,000561,SELL,10.708789291199999,7600,81386.79861311999,105.80283819705598,stop_loss
2025-12-03,000006,SELL,10.1461898538,7200,73052.56694736,94.968337031568,stop_loss
2025-12-03,000014,SELL,15.209584790399997,3900,59317.38068255999,77.11259488732799,stop_loss
2025-12-03,000520,SELL,4.849995149999999,11100,53834.94616499999,69.98543001449998,stop_loss
2025-12-03,000506,BUY,12.032019999999997,6800,81817.73599999999,24.545320799999995,signal
2025-12-03,000599,BUY,6.306299999999999,11800,74414.34,22.324301999999996,signal
2025-12-03,000021,BUY,23.763739999999995,2800,66538.47199999998,19.961541599999993,signal
2025-12-03,000032,BUY,19.93992,3000,59819.76,17.945928,signal
2025-12-03,000659,BUY,3.1231199999999997,17400,54342.28799999999,16.302686399999995,signal
2025-12-04,000524,SELL,11.717588282399998,7200,84366.63563327998,109.67662632326396,stop_loss
2025-12-04,000612,SELL,9.82017,7500,73651.275,95.74665749999998,hold_days
2025-12-04,000408,SELL,65.11043488949998,1000,65110.434889499986,84.64356535634998,take_profit
2025-12-04,000338,SELL,17.172810000000002,3300,56670.27300000001,73.67135490000001,hold_days
2025-12-04,000599,SELL,6.1109938889999995,11800,72109.7278902,93.74264625725999,stop_loss
2025-12-04,000032,SELL,19.3223806776,3000,57967.1420328,75.35728464264,stop_loss
2025-12-04,000014,BUY,14.754739999999998,6100,90003.91399999999,27.001174199999994,signal
2025-12-04,000630,BUY,5.66566,14200,80452.372,24.1357116,signal
2025-12-04,000415,BUY,3.74374,19400,72628.556,21.788566799999998,signal
2025-12-04,000564,BUY,2.5024999999999995,26200,65565.49999999999,19.669649999999994,signal
2025-12-04,000526,BUY,36.72668999999999,1600,58762.70399999998,17.628811199999994,signal
2025-12-05,000629,SELL,3.02697,22300,67501.431,87.75186029999999,hold_days
2025-12-05,000659,SELL,3.0263969736,17400,52659.30734064,68.457099542832,stop_loss
2025-12-05,000564,SELL,2.4249975749999995,26200,63534.936464999984,82.59541740449997,stop_loss
2025-12-05,000338,BUY,17.38737,4100,71288.217,21.3864651,signal
2025-12-05,000528,BUY,12.099682014419999,5300,64128.314676425995,19.238494402927795,signal
2025-12-05,000600,BUY,7.857849999999999,7300,57362.30499999999,17.208691499999997,signal
2025-12-05,000048,BUY,12.65264,4100,51875.824,15.562747199999999,signal
2025-12-08,000506,SELL,11.659388340599998,6800,79283.84071607998,103.06899293090397,stop_loss
2025-12-08,000021,SELL,23.786189999999998,2800,66601.332,86.58173159999998,hold_days
2025-12-08,000048,SELL,13.271986728000002,4100,54415.145584800004,70.73968926024,take_profit
2025-12-08,000100,BUY,4.44444,15100,67111.04400000001,20.1333132,signal
2025-12-08,000425,BUY,11.091079999999998,5400,59891.83199999999,17.967549599999995,signal
2025-12-08,000048,BUY,12.75274,4200,53561.507999999994,16.068452399999998,signal
2025-12-09,000014,SELL,14.47551,6100,88300.611,114.7907943,hold_days
2025-12-09,000630,SELL,5.490194509799999,14200,77960.76203915999,101.34899065090798,stop_loss
2025-12-09,000415,SELL,3.85614,19400,74809.116,97.25185079999999,hold_days
2025-12-09,000526,SELL,38.52446147549999,1600,61639.13836079998,80.13087986903997,take_profit
2025-12-09,000048,SELL,13.376986622999999,4200,56183.3438166,73.03834696157999,take_profit
2025-12-09,000060,BUY,5.53553,15300,84693.609,25.408082699999998,signal
2025-12-09,000526,BUY,37.487449999999995,2000,74974.9,22.492469999999997,signal
2025-12-09,000628,BUY,43.41336999999999,1500,65120.05499999999,19.536016499999995,signal
2025-12-09,000617,BUY,9.13913,6800,62146.083999999995,18.6438252,signal
2025-12-09,000533,BUY,8.06806,6900,55669.613999999994,16.700884199999997,signal
2025-12-10,000338,SELL,17.21277,4100,70572.35699999999,91.74406409999999,hold_days
2025-12-10,000528,SELL,11.95032214557,5300,63336.707371521,82.3377195829773,hold_days
2025-12-10,000600,SELL,7.76223,7300,56664.278999999995,73.66356269999999,hold_days
2025-12-10,000060,SELL,5.364094635899999,15300,82070.64792926998,106.69184230805097,stop_loss
2025-12-10,000526,SELL,39.3224606775,2000,78644.921355,102.2383977615,take_profit
2025-12-10,000628,SELL,42.06885793109999,1500,63103.28689664999,82.03427296564499,stop_loss
2025-12-10,000628,BUY,42.342299999999994,2100,88918.82999999999,26.675648999999993,signal
2025-12-10,000014,BUY,14.40439,5700,82105.023,24.631506899999998,signal
2025-12-10,000058,BUY,9.279269999999999,8000,74234.15999999999,22.270247999999995,signal
2025-12-10,000032,BUY,19.169149999999995,3500,67092.02499999998,20.127607499999993,signal
2025-12-10,000021,BUY,24.114089999999997,2500,60285.22499999999,18.085567499999996,signal
2025-12-11,000100,SELL,4.38561,15100,66222.711,86.0895243,hold_days
2025-12-11,000425,SELL,11.22876,5400,60635.304,78.82589519999999,hold_days
2025-12-11,000014,SELL,15.1094848905,5700,86124.06387585,111.96128303860499,take_profit
2025-12-11,000425,BUY,11.25124,6700,75383.30799999999,22.614992399999995,signal
2025-12-11,000524,BUY,12.09208,5600,67715.648,20.314694399999997,signal
2025-12-11,000501,BUY,9.88988,6200,61317.256,18.395176799999998,signal
2025-12-11,000100,BUY,4.39439,12600,55369.31399999999,16.610794199999997,signal
2025-12-12,000617,SELL,8.856091143899999,6800,60221.419778519994,78.28784571207599,stop_loss
2025-12-12,000533,SELL,8.462991537,6900,58394.64160530001,75.91303408689001,take_profit
2025-12-12,000032,SELL,18.575481424499994,3500,65014.18498574998,84.51844048147497,stop_loss
2025-12-12,000021,SELL,23.367276632699998,2500,58418.19158175,75.94364905627499,stop_loss
2025-12-12,000524,SELL,11.717588282399998,5600,65618.49438143999,85.30404269587198,stop_loss
2025-12-12,000501,SELL,9.5835904164,6200,59418.26058168,77.243738756184,stop_loss
2025-12-12,000021,BUY,23.61359,3600,85008.924,25.502677199999997,signal
2025-12-12,000338,BUY,17.647629999999996,4400,77649.57199999999,23.294871599999993,signal
2025-12-12,000600,BUY,7.817809999999999,9000,70360.29,21.108086999999998,signal
2025-12-12,000049,BUY,27.747719999999997,2200,61044.984,18.3134952,signal
2025-12-12,000060,BUY,5.355349999999999,10600,56766.709999999985,17.030012999999993,signal
2025-12-15,000628,SELL,44.414955584999994,2100,93271.40672849999,121.25282874704999,take_profit
2025-12-15,000058,SELL,8.9918910081,8000,71935.1280648,93.51566648423999,stop_loss
2025-12-15,000600,SELL,8.200491799499998,9000,73804.42619549998,95.94575405414997,take_profit
2025-12-15,000520,BUY,4.96496,15200,75467.39199999999,22.640217599999996,signal
2025-12-15,000545,BUY,2.81281,24100,67788.72099999999,20.336616299999996,signal
2025-12-15,000002,BUY,4.9049,12400,60820.759999999995,18.246228,signal
2025-12-15,000600,BUY,7.947939999999999,6900,54840.78599999999,16.452235799999997,signal
2025-12-16,000425,SELL,10.9027890972,6700,73048.68695124,94.963293036612,stop_loss
2025-12-16,000100,SELL,4.42557,12600,55762.18199999999,72.4908366,hold_days
2025-12-16,000021,SELL,22.882277117699996,3600,82376.19762371999,107.08905691083598,stop_loss
2025-12-16,000049,SELL,26.888373111599996,2200,59154.42084551999,76.90074709917599,stop_loss
2025-12-16,000060,SELL,5.1894948104999985,10600,55008.64499129998,71.51123848868997,stop_loss
2025-12-16,000520,SELL,4.811195188799999,15200,73130.16686976,95.06921693068799,stop_loss
2025-12-16,000060,BUY,5.32532,16700,88932.844,26.679853199999997,signal
2025-12-16,000665,BUY,5.5055,14600,80380.29999999999,24.114089999999994,signal
2025-12-16,000520,BUY,4.954949999999999,14600,72342.26999999999,21.702680999999995,signal
2025-12-16,000551,BUY,11.64163,5600,65193.128,19.557938399999998,signal
2025-12-16,000501,BUY,9.489479999999999,6100,57885.827999999994,17.365748399999998,signal
2025-12-17,000338,SELL,17.51247,4400,77054.868,100.1713284,hold_days
2025-12-17,000545,SELL,2.7256972743,24100,65689.30431063,85.396095603819,stop_loss
2025-12-17,000665,SELL,5.334994665,14600,77890.922109,101.2581987417,stop_loss
2025-12-17,000520,SELL,4.801495198499999,14600,70101.82989809998,91.13237886752998,stop_loss
2025-12-17,000551,SELL,11.281088718899998,5600,63174.09682583999,82.12632587359198,stop_loss
2025-12-17,000526,BUY,37.46742999999999,2300,86175.08899999998,25.85252669999999,signal
2025-12-17,000036,BUY,4.84484,16400,79455.37599999999,23.836612799999994,signal
2025-12-17,000029,BUY,21.851829999999996,3200,69925.85599999999,20.977756799999995,signal
2025-12-17,000049,BUY,26.34632,2400,63231.168,18.969350399999996,signal
2025-12-17,000612,BUY,9.44944,6100,57641.583999999995,17.2924752,signal
2025-12-18,000002,SELL,4.8951,12400,60699.240000000005,78.909012,hold_days
2025-12-18,000600,SELL,7.842149999999999,6900,54110.83499999999,70.34408549999999,hold_days
2025-12-18,000501,SELL,9.953990046,6100,60719.3392806,78.93514106478,take_profit
2025-12-18,000036,SELL,5.0819949179999995,16400,83344.7166552,108.34813165176,take_profit
2025-12-18,000524,BUY,12.15214,6400,77773.696,23.332108799999997,signal
2025-12-18,000100,BUY,4.554549999999999,15500,70595.52499999998,21.178657499999993,signal
2025-12-18,000021,BUY,23.223199999999995,2700,62702.639999999985,18.810791999999992,signal
2025-12-18,000636,BUY,15.775759999999998,3600,56792.736,17.0378208,signal
2025-12-18,000415,BUY,3.8638599999999994,13300,51389.33799999999,15.416801399999995,signal
2025-12-19,000060,SELL,5.3946000000000005,16700,90089.82,117.116766,hold_days
2025-12-19,000029,SELL,22.921477078499997,3200,73348.72665119999,95.35334464655999,take_profit
2025-12-19,000415,SELL,4.052995946999999,13300,53904.846095099994,70.07629992362999,take_profit
2025-12-19,000014,BUY,13.553539999999998,5000,67767.7,20.330309999999997,signal
2025-12-19,000419,BUY,6.436429999999999,9500,61146.08499999999,18.343825499999998,signal
2025-12-19,000058,BUY,8.8088,6200,54614.56,16.384368,signal
2025-12-22,000526,SELL,39.301460698499994,2300,90393.35960654999,117.51136748851498,take_profit
2025-12-22,000049,SELL,26.643330000000002,2400,63943.992000000006,83.12718960000001,hold_days
2025-12-22,000612,SELL,9.911990088,6100,60463.139536799994,78.60208139783998,take_profit
2025-12-22,000524,SELL,12.746987252999999,6400,81580.71841919998,106.05493394495997,take_profit
2025-12-22,000100,SELL,4.413495586499999,15500,68409.18159074998,88.93193606797497,stop_loss
2025-12-22,000419,SELL,6.751493248499999,9500,64139.18586074999,83.38094161897499,take_profit
2025-12-22,000058,SELL,9.23999076,6200,57287.942712,74.4743255256,take_profit
2025-12-22,000524,BUY,12.622609999999998,7700,97194.09699999998,29.158229099999993,signal
2025-12-22,000425,BUY,11.25124,7800,87759.67199999999,26.327901599999993,signal
2025-12-22,000400,BUY,26.37635,3000,79129.05,23.738715,signal
2025-12-22,000629,BUY,3.0630599999999997,23500,71981.90999999999,21.594572999999993,signal
2025-12-22,000048,BUY,13.17316,4900,64548.484,19.3645452,signal
2025-12-23,000021,SELL,24.12585,2700,65139.795,84.68173349999999,hold_days
2025-12-23,000636,SELL,15.7842,3600,56823.12,73.870056,hold_days
2025-12-23,000425,SELL,10.9027890972,7800,85041.75495815999,110.55428144560798,stop_loss
2025-12-23,000582,BUY,9.46946,8300,78596.518,23.578955399999998,signal
2025-12-23,000612,BUY,9.789779999999999,7200,70486.41599999998,21.145924799999992,signal
2025-12-23,000065,BUY,12.342329999999999,5100,62945.882999999994,18.883764899999996,signal
2025-12-23,000029,BUY,23.46344,2400,56312.255999999994,16.893676799999998,signal
2025-12-23,000630,BUY,5.5055,9400,51751.7,15.525509999999997,signal
2025-12-24,000014,SELL,13.63635,5000,68181.75,88.636275,hold_days
2025-12-24,000524,SELL,12.231687768299997,7700,94183.99581590998,122.43919456068296,stop_loss
2025-12-24,000048,SELL,13.817986182,4900,67708.13229180001,88.02057197934,take_profit
2025-12-25,000400,SELL,26.42355,3000,79270.65,103.05184499999999,hold_days
2025-12-25,000629,SELL,3.04695,23500,71603.325,93.0843225,hold_days
2025-12-25,000582,SELL,9.932990067,8300,82443.81755610001,107.17696282293001,take_profit
2025-12-26,000612,SELL,10.268989731,7200,73936.7260632,96.11774388215998,take_profit
2025-12-26,000065,SELL,12.42756,5100,63380.556,82.3947228,hold_days
2025-12-26,000029,SELL,22.947029999999998,2400,55072.871999999996,71.5947336,hold_days
2025-12-26,000630,SELL,5.774994225,9400,54284.945715,70.5704294295,take_profit
